suite,dataset,model,method,val_auc,val_ap,val_accuracy,test_auc,test_ap,test_accuracy,loss_tail,evaluated_on_test,seed,wall_time_sec,peak_ram_mb,peak_gpu_mb,peak_cpu_percent,avg_cpu_percent,cpu_user_sec,cpu_system_sec,notes,selection_stage,run_label,quick_mode,compute_device,device_name,torch_version,torch_cuda_version,run_complete
optimizer_training,movielens_100k,dnn,adam,0.4634293657304471,0.46225129963418776,0.46225392811992055,0.46131607407033526,0.4840069101734589,0.47842181292885516,0.3267345666885376,True,42,5.0011275839060545,2248.625,20.96484375,1037.9,98.21638418079101,0.28999999999999915,0.07999999999999996,,,full_rtx_pro_6000,False,cuda,NVIDIA RTX PRO 6000 Blackwell Server Edition,2.11.0+cu130,13.0,True
optimizer_training,movielens_100k,dnn,sgd,0.5302685214598337,0.529404848484826,0.5198663536210945,0.48935937671383933,0.49709136267363363,0.49286746117732033,0.6931360363960266,True,42,0.34870809596031904,2273.609375,20.79541015625,1136.4,99.8621468926554,0.16999999999999993,0.010000000000000009,,,full_rtx_pro_6000,False,cuda,NVIDIA RTX PRO 6000 Blackwell Server Edition,2.11.0+cu130,13.0,True
optimizer_training,movielens_100k,dnn,pso,0.47947522909649887,0.4886286265929186,0.48735777496839444,0.5128090355990803,0.5088348210027258,0.5112856626941134,,True,42,0.30965562304481864,2313.00390625,20.60888671875,906.3,712.7954545454546,0.8399999999999999,0.0,Population-based training on the same neural recommender.,,full_rtx_pro_6000,False,cuda,NVIDIA RTX PRO 6000 Blackwell Server Edition,2.11.0+cu130,13.0,True
optimizer_training,movielens_100k,dnn,evolutionary,0.5287017062127473,0.5281005187990855,0.5013545241105292,0.4873994944283958,0.4956225288808485,0.49945828819068255,,True,42,2.3087558958213776,2317.60546875,20.60888671875,927.3,696.5749999999998,16.7,0.020000000000000018,Population-based training on the same neural recommender.,,full_rtx_pro_6000,False,cuda,NVIDIA RTX PRO 6000 Blackwell Server Edition,2.11.0+cu130,13.0,True
optimizer_training,movielens_100k,dnn,adam,0.43682313954796487,0.4503028747227008,0.45846126061043885,0.44923642893558813,0.48265352813481266,0.47553268327916215,0.32861857414245604,True,123,0.18380138091742992,2317.81640625,20.96484375,1926.9,257.343502824859,0.4800000000000004,0.0,,,full_rtx_pro_6000,False,cuda,NVIDIA RTX PRO 6000 Blackwell Server Edition,2.11.0+cu130,13.0,True
optimizer_training,movielens_100k,dnn,sgd,0.5006719535536936,0.5041260078897994,0.5,0.5021790254821705,0.5016456524204416,0.5,0.6932495951652526,True,123,0.16693107318133116,2317.81640625,20.79541015625,1129.7,95.5406779661017,0.16000000000000014,0.0,,,full_rtx_pro_6000,False,cuda,NVIDIA RTX PRO 6000 Blackwell Server Edition,2.11.0+cu130,13.0,True
optimizer_training,movielens_100k,dnn,pso,0.5039634039240639,0.5022959308351744,0.5073144301968575,0.5293579172807958,0.5265506003798672,0.5234741784037559,,True,123,0.10532207903452218,2317.81640625,20.60888671875,912.7,730.5590909090909,0.7799999999999976,0.0,Population-based training on the same neural recommender.,,full_rtx_pro_6000,False,cuda,NVIDIA RTX PRO 6000 Blackwell Server Edition,2.11.0+cu130,13.0,True
optimizer_training,movielens_100k,dnn,evolutionary,0.5327217667710895,0.5299392391456126,0.5108361928842333,0.5016770763760829,0.5122154634961573,0.5062296858071506,,True,123,2.2332903349306434,2318.0703125,20.60888671875,800.0,695.9450000000002,16.27,0.020000000000000018,Population-based training on the same neural recommender.,,full_rtx_pro_6000,False,cuda,NVIDIA RTX PRO 6000 Blackwell Server Edition,2.11.0+cu130,13.0,True
optimizer_training,movielens_100k,dnn,adam,0.45545090803754096,0.4569179353158483,0.46008668954307386,0.44075404497062287,0.48210374582655513,0.4775189599133261,0.30215537548065186,True,456,0.18819201015867293,2318.0703125,20.96484375,1560.0,240.8548022598871,0.4799999999999969,0.0,,,full_rtx_pro_6000,False,cuda,NVIDIA RTX PRO 6000 Blackwell Server Edition,2.11.0+cu130,13.0,True
optimizer_training,movielens_100k,dnn,sgd,0.4783362578746443,0.4820544034199098,0.5005418096442117,0.5073163536971848,0.508519208206283,0.5002708559046587,0.6932925045490265,True,456,0.16584789101034403,2318.0703125,20.79541015625,1134.4,101.80960451977401,0.1599999999999966,0.010000000000000009,,,full_rtx_pro_6000,False,cuda,NVIDIA RTX PRO 6000 Blackwell Server Edition,2.11.0+cu130,13.0,True
optimizer_training,movielens_100k,dnn,pso,0.5342873588611319,0.5343749059762565,0.5126422250316056,0.500969678485205,0.5083950478604811,0.5050559768869628,,True,456,0.10611820500344038,2318.0703125,20.60888671875,898.4,730.3090909090911,0.7900000000000063,0.0,Population-based training on the same neural recommender.,,full_rtx_pro_6000,False,cuda,NVIDIA RTX PRO 6000 Blackwell Server Edition,2.11.0+cu130,13.0,True
optimizer_training,movielens_100k,dnn,evolutionary,0.4772177215298048,0.4809410071062861,0.5,0.5070743701776921,0.5091483346357357,0.5,,True,456,2.099718593992293,2318.0703125,20.60888671875,791.4,699.84,15.469999999999999,0.020000000000000018,Population-based training on the same neural recommender.,,full_rtx_pro_6000,False,cuda,NVIDIA RTX PRO 6000 Blackwell Server Edition,2.11.0+cu130,13.0,True
optimizer_training,movielens_100k,dnn,adam,0.4752607518032026,0.4695500954296555,0.46387935705255556,0.4680100004421339,0.4910219051405797,0.4815817984832069,0.3090664863586426,True,789,0.19484877912327647,2318.09375,20.96484375,1745.6,266.893220338983,0.5399999999999991,0.0,,,full_rtx_pro_6000,False,cuda,NVIDIA RTX PRO 6000 Blackwell Server Edition,2.11.0+cu130,13.0,True
optimizer_training,movielens_100k,dnn,sgd,0.5057357747895852,0.4997305866413499,0.5,0.5348719885499065,0.523276475023979,0.5,0.6932821333408355,True,789,0.16577920597046614,2318.09375,20.79541015625,1139.8,101.58870056497172,0.1599999999999966,0.010000000000000009,,,full_rtx_pro_6000,False,cuda,NVIDIA RTX PRO 6000 Blackwell Server Edition,2.11.0+cu130,13.0,True
optimizer_training,movielens_100k,dnn,pso,0.489357783514185,0.5014708643010445,0.49864547588947084,0.5427892334794202,0.5363190114149367,0.5258215962441315,,True,789,0.1055891860742122,2318.09375,20.60888671875,899.3,742.1909090909093,0.7899999999999991,0.0,Population-based training on the same neural recommender.,,full_rtx_pro_6000,False,cuda,NVIDIA RTX PRO 6000 Blackwell Server Edition,2.11.0+cu130,13.0,True
optimizer_training,movielens_100k,dnn,evolutionary,0.500312883571856,0.4955708482568333,0.5,0.5322747781146603,0.5211199899217036,0.5,,True,789,1.9435267839580774,2318.23046875,20.60888671875,802.1,694.2049999999999,14.240000000000002,0.019999999999999907,Population-based training on the same neural recommender.,,full_rtx_pro_6000,False,cuda,NVIDIA RTX PRO 6000 Blackwell Server Edition,2.11.0+cu130,13.0,True
optimizer_training,movielens_100k,dnn,adam,0.43564824012653774,0.44959883990099475,0.461441213653603,0.4362937097914132,0.4816542898737718,0.47688696280245574,0.3234331876039505,True,2026,0.1968311599921435,2318.25,20.96484375,1803.9,279.9282485875706,0.5200000000000102,0.010000000000000009,,,full_rtx_pro_6000,False,cuda,NVIDIA RTX PRO 6000 Blackwell Server Edition,2.11.0+cu130,13.0,True
optimizer_training,movielens_100k,dnn,sgd,0.4971894623618106,0.4917552667786975,0.4937691890915658,0.4590718534056242,0.48717608887772335,0.499006861682918,0.6931828916072845,True,2026,0.16618114989250898,2318.25,20.79541015625,1130.5,100.11412429378524,0.1599999999999966,0.0,,,full_rtx_pro_6000,False,cuda,NVIDIA RTX PRO 6000 Blackwell Server Edition,2.11.0+cu130,13.0,True
optimizer_training,movielens_100k,dnn,pso,0.5021024764885568,0.4941135109835647,0.5033411594726386,0.467689485991334,0.4659826648541703,0.4804080895630191,,True,2026,0.10561339906416833,2318.25,20.60888671875,906.5,728.2818181818183,0.7800000000000011,0.0,Population-based training on the same neural recommender.,,full_rtx_pro_6000,False,cuda,NVIDIA RTX PRO 6000 Blackwell Server Edition,2.11.0+cu130,13.0,True
optimizer_training,movielens_100k,dnn,evolutionary,0.49687907403032433,0.4915799293357429,0.5,0.457262593348611,0.4855427582053514,0.5,,True,2026,1.8161186729557812,2318.25,20.60888671875,834.4,716.81,13.689999999999998,0.020000000000000018,Population-based training on the same neural recommender.,,full_rtx_pro_6000,False,cuda,NVIDIA RTX PRO 6000 Blackwell Server Edition,2.11.0+cu130,13.0,True
hyperparameter_search,movielens_100k,dnn,grid_search,0.7119302889204576,0.6663114595521031,0.6443019685750406,,,,0.6803331434726715,False,42,0.07155345194041729,2318.25,20.96484375,1721.7,324.48870967741937,0.23999999999999488,0.0,"embedding_dim=16, hidden_dim=32, dropout=0.0, lr=0.000630957344480193",validation_search,full_rtx_pro_6000,False,cuda,NVIDIA RTX PRO 6000 Blackwell Server Edition,2.11.0+cu130,13.0,True
hyperparameter_search,movielens_100k,dnn,grid_search,0.6169917584330726,0.5819574402309063,0.5151706700379267,,,,0.6824888348579407,False,123,0.06656802608631551,2318.25,20.96484375,1048.7,94.2741935483871,0.060000000000002274,0.0,"embedding_dim=16, hidden_dim=32, dropout=0.0, lr=0.000630957344480193",validation_search,full_rtx_pro_6000,False,cuda,NVIDIA RTX PRO 6000 Blackwell Server Edition,2.11.0+cu130,13.0,True
hyperparameter_search,movielens_100k,dnn,grid_search,0.6184129527568802,0.5713932089397982,0.5210402745168864,,,,0.6793264269828796,False,456,0.0628435651306063,2318.25,20.96484375,1052.7,85.5032258064516,0.060000000000002274,0.0,"embedding_dim=16, hidden_dim=32, dropout=0.0, lr=0.000630957344480193",validation_search,full_rtx_pro_6000,False,cuda,NVIDIA RTX PRO 6000 Blackwell Server Edition,2.11.0+cu130,13.0,True
hyperparameter_search,movielens_100k,dnn,grid_search,0.6693101645426734,0.6248341532061013,0.5224851002347842,,,,0.6828714787960053,False,789,0.0624883770942688,2318.25,20.96484375,1053.1,98.53870967741932,0.060000000000002274,0.0,"embedding_dim=16, hidden_dim=32, dropout=0.0, lr=0.000630957344480193",validation_search,full_rtx_pro_6000,False,cuda,NVIDIA RTX PRO 6000 Blackwell Server Edition,2.11.0+cu130,13.0,True
hyperparameter_search,movielens_100k,dnn,grid_search,0.5778099448147421,0.5342102867919432,0.5350370236590212,,,,0.6726770520210266,False,2026,0.0625093539711088,2318.25,20.96484375,1057.4,98.3064516129032,0.05999999999998806,0.0,"embedding_dim=16, hidden_dim=32, dropout=0.0, lr=0.000630957344480193",validation_search,full_rtx_pro_6000,False,cuda,NVIDIA RTX PRO 6000 Blackwell Server Edition,2.11.0+cu130,13.0,True
hyperparameter_search,movielens_100k,dnn,grid_search,0.48251493743845275,0.4689450748075773,0.45918367346938777,,,,0.34609702229499817,False,42,0.062192809069529176,2318.25,20.96484375,1064.6,99.43387096774191,0.060000000000002274,0.0,"embedding_dim=16, hidden_dim=32, dropout=0.0, lr=0.01",validation_search,full_rtx_pro_6000,False,cuda,NVIDIA RTX PRO 6000 Blackwell Server Edition,2.11.0+cu130,13.0,True
hyperparameter_search,movielens_100k,dnn,grid_search,0.46761895585508806,0.46484911151418506,0.45800975257359583,,,,0.35451883971691134,False,123,0.06198258907534182,2318.25,20.96484375,44820.9,811.8677419354834,0.07000000000000739,0.0,"embedding_dim=16, hidden_dim=32, dropout=0.0, lr=0.01",validation_search,full_rtx_pro_6000,False,cuda,NVIDIA RTX PRO 6000 Blackwell Server Edition,2.11.0+cu130,13.0,True
hyperparameter_search,movielens_100k,dnn,grid_search,0.4980200675384917,0.4808977682368468,0.4646017699115044,,,,0.36042257249355314,False,456,0.06191748986020684,2318.25,20.96484375,1060.9,86.70483870967742,0.060000000000002274,0.0,"embedding_dim=16, hidden_dim=32, dropout=0.0, lr=0.01",validation_search,full_rtx_pro_6000,False,cuda,NVIDIA RTX PRO 6000 Blackwell Server Edition,2.11.0+cu130,13.0,True
hyperparameter_search,movielens_100k,dnn,grid_search,0.5050785806642225,0.48117623433863843,0.461441213653603,,,,0.3483117252588272,False,789,0.06175197195261717,2318.25,20.96484375,1061.5,101.74032258064518,0.05999999999998806,0.0,"embedding_dim=16, hidden_dim=32, dropout=0.0, lr=0.01",validation_search,full_rtx_pro_6000,False,cuda,NVIDIA RTX PRO 6000 Blackwell Server Edition,2.11.0+cu130,13.0,True
hyperparameter_search,movielens_100k,dnn,grid_search,0.49174722895402556,0.47526630909221923,0.46062849918728554,,,,0.34134134352207185,False,2026,0.06203645281493664,2318.25,20.96484375,1064.3,115.91290322580649,0.060000000000002274,0.010000000000000009,"embedding_dim=16, hidden_dim=32, dropout=0.0, lr=0.01",validation_search,full_rtx_pro_6000,False,cuda,NVIDIA RTX PRO 6000 Blackwell Server Edition,2.11.0+cu130,13.0,True
hyperparameter_search,movielens_100k,dnn,grid_search,0.720619890118747,0.6847904307284939,0.6642586238035038,,,,0.6848308801651001,False,42,0.06284475699067116,2318.25,20.96484375,1048.3,96.62741935483871,0.060000000000002274,0.0,"embedding_dim=16, hidden_dim=32, dropout=0.35, lr=0.000630957344480193",validation_search,full_rtx_pro_6000,False,cuda,NVIDIA RTX PRO 6000 Blackwell Server Edition,2.11.0+cu130,13.0,True
hyperparameter_search,movielens_100k,dnn,grid_search,0.6110175658724702,0.5828135040572779,0.5049665884052736,,,,0.6851047456264496,False,123,0.06298628193326294,2318.25,20.96484375,1043.9,87.31935483870967,0.060000000000002274,0.0,"embedding_dim=16, hidden_dim=32, dropout=0.35, lr=0.000630957344480193",validation_search,full_rtx_pro_6000,False,cuda,NVIDIA RTX PRO 6000 Blackwell Server Edition,2.11.0+cu130,13.0,True
hyperparameter_search,movielens_100k,dnn,grid_search,0.6220816573771422,0.5822032054588904,0.5549033772801156,,,,0.682876855134964,False,456,0.06282806396484375,2318.25,20.96484375,1051.5,100.4306451612903,0.05999999999998806,0.0,"embedding_dim=16, hidden_dim=32, dropout=0.35, lr=0.000630957344480193",validation_search,full_rtx_pro_6000,False,cuda,NVIDIA RTX PRO 6000 Blackwell Server Edition,2.11.0+cu130,13.0,True
hyperparameter_search,movielens_100k,dnn,grid_search,0.6677525637453187,0.6307068179260189,0.5088495575221239,,,,0.6859387516975403,False,789,0.06278620683588088,2318.25,20.96484375,1049.5,99.90483870967742,0.060000000000002274,0.0,"embedding_dim=16, hidden_dim=32, dropout=0.35, lr=0.000630957344480193",validation_search,full_rtx_pro_6000,False,cuda,NVIDIA RTX PRO 6000 Blackwell Server Edition,2.11.0+cu130,13.0,True
hyperparameter_search,movielens_100k,dnn,grid_search,0.5496168109921307,0.5155122488860764,0.5220335921979411,,,,0.6784758746623993,False,2026,0.0627675699070096,2318.25,20.96484375,1045.0,95.97419354838709,0.060000000000002274,0.0,"embedding_dim=16, hidden_dim=32, dropout=0.35, lr=0.000630957344480193",validation_search,full_rtx_pro_6000,False,cuda,NVIDIA RTX PRO 6000 Blackwell Server Edition,2.11.0+cu130,13.0,True
hyperparameter_search,movielens_100k,dnn,grid_search,0.502852385917855,0.4777299784489104,0.4624345313346578,,,,0.3595026433467865,False,42,0.06282886490225792,2318.25,20.96484375,1042.5,87.57419354838709,0.060000000000002274,0.0,"embedding_dim=16, hidden_dim=32, dropout=0.35, lr=0.01",validation_search,full_rtx_pro_6000,False,cuda,NVIDIA RTX PRO 6000 Blackwell Server Edition,2.11.0+cu130,13.0,True
hyperparameter_search,movielens_100k,dnn,grid_search,0.4909546884245538,0.47679947697766173,0.45764854614412137,,,,0.3659962087869644,False,123,0.06278552510775626,2318.25,20.96484375,1045.6,100.39516129032262,0.05999999999998806,0.0,"embedding_dim=16, hidden_dim=32, dropout=0.35, lr=0.01",validation_search,full_rtx_pro_6000,False,cuda,NVIDIA RTX PRO 6000 Blackwell Server Edition,2.11.0+cu130,13.0,True
hyperparameter_search,movielens_100k,dnn,grid_search,0.4988418170581742,0.4812854170639656,0.46171211847570887,,,,0.3730332344770432,False,456,0.06291264086030424,2318.25,20.96484375,1043.2,99.73225806451613,0.060000000000002274,0.0,"embedding_dim=16, hidden_dim=32, dropout=0.35, lr=0.01",validation_search,full_rtx_pro_6000,False,cuda,NVIDIA RTX PRO 6000 Blackwell Server Edition,2.11.0+cu130,13.0,True
hyperparameter_search,movielens_100k,dnn,grid_search,0.5038556030165858,0.48172990861348597,0.45918367346938777,,,,0.36295993328094484,False,789,0.06262385309673846,2318.25,20.96484375,1042.1,102.23225806451609,0.07000000000000739,0.0,"embedding_dim=16, hidden_dim=32, dropout=0.35, lr=0.01",validation_search,full_rtx_pro_6000,False,cuda,NVIDIA RTX PRO 6000 Blackwell Server Edition,2.11.0+cu130,13.0,True
hyperparameter_search,movielens_100k,dnn,grid_search,0.4972172198723292,0.4771270286155501,0.45900307025465054,,,,0.3515348047018051,False,2026,0.06301675387658179,2318.25,20.96484375,1043.1,103.72580645161291,0.060000000000002274,0.010000000000000009,"embedding_dim=16, hidden_dim=32, dropout=0.35, lr=0.01",validation_search,full_rtx_pro_6000,False,cuda,NVIDIA RTX PRO 6000 Blackwell Server Edition,2.11.0+cu130,13.0,True
hyperparameter_search,movielens_100k,dnn,grid_search,0.6497643269933896,0.6023587174571927,0.5968936247065197,,,,0.6636166930198669,False,42,0.06258275592699647,2318.25,22.02734375,1067.6,88.6016129032258,0.05999999999998806,0.0,"embedding_dim=16, hidden_dim=96, dropout=0.0, lr=0.000630957344480193",validation_search,full_rtx_pro_6000,False,cuda,NVIDIA RTX PRO 6000 Blackwell Server Edition,2.11.0+cu130,13.0,True
hyperparameter_search,movielens_100k,dnn,grid_search,0.6304434524876388,0.5804274605751933,0.5872313527180784,,,,0.6638527035713195,False,123,0.061565764946863055,2318.25,22.02734375,1066.6,89.47903225806452,0.060000000000002274,0.0,"embedding_dim=16, hidden_dim=96, dropout=0.0, lr=0.000630957344480193",validation_search,full_rtx_pro_6000,False,cuda,NVIDIA RTX PRO 6000 Blackwell Server Edition,2.11.0+cu130,13.0,True
hyperparameter_search,movielens_100k,dnn,grid_search,0.6662260637544026,0.612070951499381,0.6123351995665522,,,,0.6638296127319336,False,456,0.06168184499256313,2318.25,22.02734375,1063.2,86.80806451612902,0.060000000000002274,0.0,"embedding_dim=16, hidden_dim=96, dropout=0.0, lr=0.000630957344480193",validation_search,full_rtx_pro_6000,False,cuda,NVIDIA RTX PRO 6000 Blackwell Server Edition,2.11.0+cu130,13.0,True
hyperparameter_search,movielens_100k,dnn,grid_search,0.6193861291186104,0.5739364651951029,0.5631208235506592,,,,0.6679706931114197,False,789,0.06142226792871952,2318.25,22.02734375,1069.4,102.71451612903226,0.060000000000002274,0.0,"embedding_dim=16, hidden_dim=96, dropout=0.0, lr=0.000630957344480193",validation_search,full_rtx_pro_6000,False,cuda,NVIDIA RTX PRO 6000 Blackwell Server Edition,2.11.0+cu130,13.0,True
hyperparameter_search,movielens_100k,dnn,grid_search,0.6566468849011505,0.6050241215261046,0.6009571970381072,,,,0.669092321395874,False,2026,0.06170040089637041,2318.25,22.02734375,1069.7,101.9258064516129,0.060000000000002274,0.0,"embedding_dim=16, hidden_dim=96, dropout=0.0, lr=0.000630957344480193",validation_search,full_rtx_pro_6000,False,cuda,NVIDIA RTX PRO 6000 Blackwell Server Edition,2.11.0+cu130,13.0,True
hyperparameter_search,movielens_100k,dnn,grid_search,0.4394616034532039,0.4465291327316738,0.4541267834567455,,,,0.34502339363098145,False,42,0.06158330920152366,2318.25,22.02734375,1067.4,116.1177419354838,0.060000000000002274,0.010000000000000009,"embedding_dim=16, hidden_dim=96, dropout=0.0, lr=0.01",validation_search,full_rtx_pro_6000,False,cuda,NVIDIA RTX PRO 6000 Blackwell Server Edition,2.11.0+cu130,13.0,True
hyperparameter_search,movielens_100k,dnn,grid_search,0.4120804338939231,0.4354777634802496,0.45448798988621997,,,,0.35263838469982145,False,123,0.061781161930412054,2318.25,22.02734375,1066.6,99.59193548387097,0.06999999999999318,0.0,"embedding_dim=16, hidden_dim=96, dropout=0.0, lr=0.01",validation_search,full_rtx_pro_6000,False,cuda,NVIDIA RTX PRO 6000 Blackwell Server Edition,2.11.0+cu130,13.0,True
hyperparameter_search,movielens_100k,dnn,grid_search,0.48083089482026914,0.4707197458151286,0.4562940220335922,,,,0.36467758417129514,False,456,0.061741516925394535,2318.25,22.02734375,1067.1,89.41612903225801,0.060000000000002274,0.0,"embedding_dim=16, hidden_dim=96, dropout=0.0, lr=0.01",validation_search,full_rtx_pro_6000,False,cuda,NVIDIA RTX PRO 6000 Blackwell Server Edition,2.11.0+cu130,13.0,True
hyperparameter_search,movielens_100k,dnn,grid_search,0.4869526979729417,0.4726259352771903,0.45512010113780027,,,,0.34347295165061953,False,789,0.06174417119473219,2318.25,22.02734375,1067.0,86.97096774193547,0.060000000000002274,0.0,"embedding_dim=16, hidden_dim=96, dropout=0.0, lr=0.01",validation_search,full_rtx_pro_6000,False,cuda,NVIDIA RTX PRO 6000 Blackwell Server Edition,2.11.0+cu130,13.0,True
hyperparameter_search,movielens_100k,dnn,grid_search,0.4425022413945113,0.44778612181031735,0.4520498464872675,,,,0.33841530084609983,False,2026,0.061608083080500364,2318.25,22.02734375,1065.0,102.2048387096774,0.060000000000002274,0.0,"embedding_dim=16, hidden_dim=96, dropout=0.0, lr=0.01",validation_search,full_rtx_pro_6000,False,cuda,NVIDIA RTX PRO 6000 Blackwell Server Edition,2.11.0+cu130,13.0,True
hyperparameter_search,movielens_100k,dnn,grid_search,0.6660690266987133,0.6250391266267675,0.6191078201191981,,,,0.6722009897232055,False,42,0.0631294590421021,2318.25,22.02734375,1042.4,96.45161290322584,0.05999999999998806,0.0,"embedding_dim=16, hidden_dim=96, dropout=0.35, lr=0.000630957344480193",validation_search,full_rtx_pro_6000,False,cuda,NVIDIA RTX PRO 6000 Blackwell Server Edition,2.11.0+cu130,13.0,True
hyperparameter_search,movielens_100k,dnn,grid_search,0.6280144909208967,0.5844036245504962,0.5932815604117754,,,,0.6722289264202118,False,123,0.06284851185046136,2318.25,22.02734375,1043.6,97.07419354838707,0.060000000000002274,0.0,"embedding_dim=16, hidden_dim=96, dropout=0.35, lr=0.000630957344480193",validation_search,full_rtx_pro_6000,False,cuda,NVIDIA RTX PRO 6000 Blackwell Server Edition,2.11.0+cu130,13.0,True
hyperparameter_search,movielens_100k,dnn,grid_search,0.6791525178655133,0.6298044503976645,0.6294925049665884,,,,0.6712654888629913,False,456,0.06325930799357593,2318.25,22.02734375,1039.4,99.75967741935486,0.07000000000000739,0.0,"embedding_dim=16, hidden_dim=96, dropout=0.35, lr=0.000630957344480193",validation_search,full_rtx_pro_6000,False,cuda,NVIDIA RTX PRO 6000 Blackwell Server Edition,2.11.0+cu130,13.0,True
hyperparameter_search,movielens_100k,dnn,grid_search,0.6260703888063973,0.5875216333065716,0.5810908434170128,,,,0.6753299295902252,False,789,0.06306049413979053,2318.25,22.02734375,1041.9,114.35161290322583,0.060000000000002274,0.010000000000000009,"embedding_dim=16, hidden_dim=96, dropout=0.35, lr=0.000630957344480193",validation_search,full_rtx_pro_6000,False,cuda,NVIDIA RTX PRO 6000 Blackwell Server Edition,2.11.0+cu130,13.0,True
hyperparameter_search,movielens_100k,dnn,grid_search,0.6612475047188584,0.6152433311846344,0.6090843417012822,,,,0.6752687275409699,False,2026,0.06319207511842251,2318.25,22.02734375,1038.2,96.95483870967742,0.05999999999998806,0.0,"embedding_dim=16, hidden_dim=96, dropout=0.35, lr=0.000630957344480193",validation_search,full_rtx_pro_6000,False,cuda,NVIDIA RTX PRO 6000 Blackwell Server Edition,2.11.0+cu130,13.0,True
hyperparameter_search,movielens_100k,dnn,grid_search,0.45665092295027176,0.45319109922210976,0.45268195773884773,,,,0.3511148303747177,False,42,0.06306575192138553,2318.25,22.02734375,1041.6,99.13225806451614,0.060000000000002274,0.0,"embedding_dim=16, hidden_dim=96, dropout=0.35, lr=0.01",validation_search,full_rtx_pro_6000,False,cuda,NVIDIA RTX PRO 6000 Blackwell Server Edition,2.11.0+cu130,13.0,True
hyperparameter_search,movielens_100k,dnn,grid_search,0.4272975838995219,0.441999633413495,0.4532237673830594,,,,0.3604274392127991,False,123,0.06279385695233941,2318.25,22.02734375,1044.1,87.71290322580644,0.060000000000002274,0.0,"embedding_dim=16, hidden_dim=96, dropout=0.35, lr=0.01",validation_search,full_rtx_pro_6000,False,cuda,NVIDIA RTX PRO 6000 Blackwell Server Edition,2.11.0+cu130,13.0,True
hyperparameter_search,movielens_100k,dnn,grid_search,0.47934409035262115,0.4691155301154075,0.4554813075672747,,,,0.36819547712802886,False,456,0.06273810984566808,2318.25,22.02734375,1054.7,100.84354838709677,0.060000000000002274,0.0,"embedding_dim=16, hidden_dim=96, dropout=0.35, lr=0.01",validation_search,full_rtx_pro_6000,False,cuda,NVIDIA RTX PRO 6000 Blackwell Server Edition,2.11.0+cu130,13.0,True
hyperparameter_search,movielens_100k,dnn,grid_search,0.49496069083127026,0.47700244070817094,0.46053819757991693,,,,0.3497314900159836,False,789,0.062421472975984216,2318.25,22.02734375,1055.0,100.98709677419355,0.05999999999998806,0.0,"embedding_dim=16, hidden_dim=96, dropout=0.35, lr=0.01",validation_search,full_rtx_pro_6000,False,cuda,NVIDIA RTX PRO 6000 Blackwell Server Edition,2.11.0+cu130,13.0,True
hyperparameter_search,movielens_100k,dnn,grid_search,0.4494481099108697,0.4510792103188237,0.450063211125158,,,,0.3449209541082382,False,2026,0.06294394307769835,2318.25,22.02734375,1052.8,102.27419354838709,0.07000000000000739,0.0,"embedding_dim=16, hidden_dim=96, dropout=0.35, lr=0.01",validation_search,full_rtx_pro_6000,False,cuda,NVIDIA RTX PRO 6000 Blackwell Server Edition,2.11.0+cu130,13.0,True
hyperparameter_search,movielens_100k,dnn,grid_search,0.6473866564786926,0.5939948161492106,0.5854253205707062,,,,0.6539517879486084,False,42,0.06284617888741195,2318.25,22.384765625,1042.0,87.58387096774194,0.060000000000002274,0.0,"embedding_dim=32, hidden_dim=32, dropout=0.0, lr=0.000630957344480193",validation_search,full_rtx_pro_6000,False,cuda,NVIDIA RTX PRO 6000 Blackwell Server Edition,2.11.0+cu130,13.0,True
hyperparameter_search,movielens_100k,dnn,grid_search,0.6384780938607661,0.5823561227412521,0.5764854614412137,,,,0.6632583498954773,False,123,0.06243848707526922,2318.25,22.384765625,1048.5,98.52741935483874,0.060000000000002274,0.0,"embedding_dim=32, hidden_dim=32, dropout=0.0, lr=0.000630957344480193",validation_search,full_rtx_pro_6000,False,cuda,NVIDIA RTX PRO 6000 Blackwell Server Edition,2.11.0+cu130,13.0,True
hyperparameter_search,movielens_100k,dnn,grid_search,0.5893770800397112,0.5374513378854467,0.49783276142315336,,,,0.6674673438072205,False,456,0.0624043399002403,2318.25,22.384765625,1057.5,100.77580645161291,0.05999999999998806,0.0,"embedding_dim=32, hidden_dim=32, dropout=0.0, lr=0.000630957344480193",validation_search,full_rtx_pro_6000,False,cuda,NVIDIA RTX PRO 6000 Blackwell Server Edition,2.11.0+cu130,13.0,True
hyperparameter_search,movielens_100k,dnn,grid_search,0.6140722619654033,0.5582121195391038,0.5711576666064656,,,,0.6623829305171967,False,789,0.06267604511231184,2318.25,22.384765625,1060.9,100.34516129032258,0.07000000000000739,0.0,"embedding_dim=32, hidden_dim=32, dropout=0.0, lr=0.000630957344480193",validation_search,full_rtx_pro_6000,False,cuda,NVIDIA RTX PRO 6000 Blackwell Server Edition,2.11.0+cu130,13.0,True
hyperparameter_search,movielens_100k,dnn,grid_search,0.6221999937439594,0.5635424698304455,0.5899404009391367,,,,0.6692681312561035,False,2026,0.06234972504898906,2318.25,22.384765625,1056.0,98.86612903225807,0.060000000000002274,0.0,"embedding_dim=32, hidden_dim=32, dropout=0.0, lr=0.000630957344480193",validation_search,full_rtx_pro_6000,False,cuda,NVIDIA RTX PRO 6000 Blackwell Server Edition,2.11.0+cu130,13.0,True
hyperparameter_search,movielens_100k,dnn,grid_search,0.46059542502081574,0.4550144259075712,0.45593281560411775,,,,0.34147469103336336,False,42,0.06265710899606347,2318.25,22.384765625,1053.4,115.32580645161292,0.060000000000002274,0.010000000000000009,"embedding_dim=32, hidden_dim=32, dropout=0.0, lr=0.01",validation_search,full_rtx_pro_6000,False,cuda,NVIDIA RTX PRO 6000 Blackwell Server Edition,2.11.0+cu130,13.0,True
hyperparameter_search,movielens_100k,dnn,grid_search,0.4087091521404808,0.43584789011957437,0.45647462524832944,,,,0.35008176863193513,False,123,0.06227820715866983,2318.25,22.384765625,1052.7,97.9161290322581,0.05999999999998806,0.0,"embedding_dim=32, hidden_dim=32, dropout=0.0, lr=0.01",validation_search,full_rtx_pro_6000,False,cuda,NVIDIA RTX PRO 6000 Blackwell Server Edition,2.11.0+cu130,13.0,True
hyperparameter_search,movielens_100k,dnn,grid_search,0.471627975382513,0.46797466672536436,0.45773884775149,,,,0.3605909198522568,False,456,0.06456879200413823,2318.25,22.384765625,1047.5,87.92419354838714,0.060000000000002274,0.0,"embedding_dim=32, hidden_dim=32, dropout=0.0, lr=0.01",validation_search,full_rtx_pro_6000,False,cuda,NVIDIA RTX PRO 6000 Blackwell Server Edition,2.11.0+cu130,13.0,True
hyperparameter_search,movielens_100k,dnn,grid_search,0.4908129979125765,0.4742526992074842,0.45493949792306304,,,,0.3470191597938538,False,789,0.06278337212279439,2318.25,22.384765625,1048.9,100.39677419354838,0.060000000000002274,0.0,"embedding_dim=32, hidden_dim=32, dropout=0.0, lr=0.01",validation_search,full_rtx_pro_6000,False,cuda,NVIDIA RTX PRO 6000 Blackwell Server Edition,2.11.0+cu130,13.0,True
hyperparameter_search,movielens_100k,dnn,grid_search,0.46079705022794915,0.4564195222859689,0.45439768827885135,,,,0.3357319444417953,False,2026,0.06275483290664852,2318.25,22.384765625,1054.4,97.95645161290324,0.060000000000002274,0.0,"embedding_dim=32, hidden_dim=32, dropout=0.0, lr=0.01",validation_search,full_rtx_pro_6000,False,cuda,NVIDIA RTX PRO 6000 Blackwell Server Edition,2.11.0+cu130,13.0,True
hyperparameter_search,movielens_100k,dnn,grid_search,0.6629591743774759,0.6146600030315098,0.6106194690265486,,,,0.6637122750282287,False,42,0.06369011220522225,2318.25,22.384765625,1031.9,101.96290322580647,0.06999999999999318,0.0,"embedding_dim=32, hidden_dim=32, dropout=0.35, lr=0.000630957344480193",validation_search,full_rtx_pro_6000,False,cuda,NVIDIA RTX PRO 6000 Blackwell Server Edition,2.11.0+cu130,13.0,True
hyperparameter_search,movielens_100k,dnn,grid_search,0.639826110775821,0.5893916253895783,0.5861477334296551,,,,0.6715223133563996,False,123,0.06360560492612422,2318.25,22.384765625,1029.5,102.91774193548387,0.060000000000002274,0.010000000000000009,"embedding_dim=32, hidden_dim=32, dropout=0.35, lr=0.000630957344480193",validation_search,full_rtx_pro_6000,False,cuda,NVIDIA RTX PRO 6000 Blackwell Server Edition,2.11.0+cu130,13.0,True
hyperparameter_search,movielens_100k,dnn,grid_search,0.6017217028081304,0.5505452022945394,0.5194148455842514,,,,0.6740461647510528,False,456,0.0638821660540998,2318.25,22.384765625,1027.3,98.85161290322581,0.060000000000002274,0.0,"embedding_dim=32, hidden_dim=32, dropout=0.35, lr=0.000630957344480193",validation_search,full_rtx_pro_6000,False,cuda,NVIDIA RTX PRO 6000 Blackwell Server Edition,2.11.0+cu130,13.0,True
hyperparameter_search,movielens_100k,dnn,grid_search,0.6166371570516357,0.5660848123910746,0.5698031424959364,,,,0.6695923805236816,False,789,0.06356524908915162,2318.25,22.384765625,1032.9,98.99354838709677,0.060000000000002274,0.0,"embedding_dim=32, hidden_dim=32, dropout=0.35, lr=0.000630957344480193",validation_search,full_rtx_pro_6000,False,cuda,NVIDIA RTX PRO 6000 Blackwell Server Edition,2.11.0+cu130,13.0,True
hyperparameter_search,movielens_100k,dnn,grid_search,0.6150109616072531,0.5602672902750198,0.5916561314791403,,,,0.674393230676651,False,2026,0.06396943610161543,2318.25,22.384765625,1023.9,96.37741935483872,0.060000000000002274,0.0,"embedding_dim=32, hidden_dim=32, dropout=0.35, lr=0.000630957344480193",validation_search,full_rtx_pro_6000,False,cuda,NVIDIA RTX PRO 6000 Blackwell Server Edition,2.11.0+cu130,13.0,True
hyperparameter_search,movielens_100k,dnn,grid_search,0.4785280162816229,0.46161987551640404,0.45277225934621634,,,,0.35339530408382414,False,42,0.06382916285656393,2318.25,22.384765625,1022.7,95.90645161290324,0.060000000000002274,0.0,"embedding_dim=32, hidden_dim=32, dropout=0.35, lr=0.01",validation_search,full_rtx_pro_6000,False,cuda,NVIDIA RTX PRO 6000 Blackwell Server Edition,2.11.0+cu130,13.0,True
hyperparameter_search,movielens_100k,dnn,grid_search,0.45600020340286207,0.45595564088311885,0.4538558786346397,,,,0.3623273640871048,False,123,0.06369965500198305,2318.25,22.384765625,1032.2,86.68387096774192,0.05999999999998806,0.0,"embedding_dim=32, hidden_dim=32, dropout=0.35, lr=0.01",validation_search,full_rtx_pro_6000,False,cuda,NVIDIA RTX PRO 6000 Blackwell Server Edition,2.11.0+cu130,13.0,True
hyperparameter_search,movielens_100k,dnn,grid_search,0.4854340751133891,0.4718016288079425,0.4535849738125339,,,,0.3720187783241272,False,456,0.06353743094950914,2318.25,22.384765625,1029.2,99.2258064516129,0.060000000000002274,0.0,"embedding_dim=32, hidden_dim=32, dropout=0.35, lr=0.01",validation_search,full_rtx_pro_6000,False,cuda,NVIDIA RTX PRO 6000 Blackwell Server Edition,2.11.0+cu130,13.0,True
hyperparameter_search,movielens_100k,dnn,grid_search,0.49379750109994436,0.4747105005419995,0.45593281560411775,,,,0.3597116440534592,False,789,0.06396165606565773,2318.25,22.384765625,1029.8,101.86129032258063,0.07000000000000739,0.0,"embedding_dim=32, hidden_dim=32, dropout=0.35, lr=0.01",validation_search,full_rtx_pro_6000,False,cuda,NVIDIA RTX PRO 6000 Blackwell Server Edition,2.11.0+cu130,13.0,True
hyperparameter_search,movielens_100k,dnn,grid_search,0.4734261303985218,0.46137450577692435,0.4529528625609536,,,,0.34831089377403257,False,2026,0.06374840205535293,2318.25,22.384765625,1030.1,98.7725806451613,0.060000000000002274,0.0,"embedding_dim=32, hidden_dim=32, dropout=0.35, lr=0.01",validation_search,full_rtx_pro_6000,False,cuda,NVIDIA RTX PRO 6000 Blackwell Server Edition,2.11.0+cu130,13.0,True
hyperparameter_search,movielens_100k,dnn,grid_search,0.6477224375504124,0.5965117082208968,0.5871410511107098,,,,0.6366638541221619,False,42,0.06302414392121136,2318.25,23.509765625,1042.2,99.9258064516129,0.05999999999998806,0.0,"embedding_dim=32, hidden_dim=96, dropout=0.0, lr=0.000630957344480193",validation_search,full_rtx_pro_6000,False,cuda,NVIDIA RTX PRO 6000 Blackwell Server Edition,2.11.0+cu130,13.0,True
hyperparameter_search,movielens_100k,dnn,grid_search,0.571267114698763,0.5239153059716273,0.4839263138883872,,,,0.6379884421825409,False,123,0.06279120314866304,2318.25,23.509765625,1045.1,87.78387096774193,0.060000000000002274,0.0,"embedding_dim=32, hidden_dim=96, dropout=0.0, lr=0.000630957344480193",validation_search,full_rtx_pro_6000,False,cuda,NVIDIA RTX PRO 6000 Blackwell Server Edition,2.11.0+cu130,13.0,True
hyperparameter_search,movielens_100k,dnn,grid_search,0.6309795866831663,0.5811531556960919,0.5481307567274698,,,,0.6395158886909484,False,456,0.06286984100006521,2318.25,23.509765625,1049.6,98.34354838709677,0.060000000000002274,0.0,"embedding_dim=32, hidden_dim=96, dropout=0.0, lr=0.000630957344480193",validation_search,full_rtx_pro_6000,False,cuda,NVIDIA RTX PRO 6000 Blackwell Server Edition,2.11.0+cu130,13.0,True
hyperparameter_search,movielens_100k,dnn,grid_search,0.6353090733561201,0.5855378018950513,0.5895791945096622,,,,0.6455543756484985,False,789,0.062806555069983,2318.25,23.509765625,1043.8,100.1774193548387,0.060000000000002274,0.0,"embedding_dim=32, hidden_dim=96, dropout=0.0, lr=0.000630957344480193",validation_search,full_rtx_pro_6000,False,cuda,NVIDIA RTX PRO 6000 Blackwell Server Edition,2.11.0+cu130,13.0,True
hyperparameter_search,movielens_100k,dnn,grid_search,0.6615348976979174,0.6080618210306536,0.6083619288423334,,,,0.6381382048130035,False,2026,0.06290871486999094,2318.25,23.509765625,1041.6,97.49032258064517,0.06999999999999318,0.0,"embedding_dim=32, hidden_dim=96, dropout=0.0, lr=0.000630957344480193",validation_search,full_rtx_pro_6000,False,cuda,NVIDIA RTX PRO 6000 Blackwell Server Edition,2.11.0+cu130,13.0,True
hyperparameter_search,movielens_100k,dnn,grid_search,0.45882913732299324,0.45675428307922944,0.45665522846306666,,,,0.3411747306585312,False,42,0.0628279431257397,2318.25,23.509765625,1047.2,87.83870967741936,0.060000000000002274,0.0,"embedding_dim=32, hidden_dim=96, dropout=0.0, lr=0.01",validation_search,full_rtx_pro_6000,False,cuda,NVIDIA RTX PRO 6000 Blackwell Server Edition,2.11.0+cu130,13.0,True
hyperparameter_search,movielens_100k,dnn,grid_search,0.41577950542639763,0.44136986803001554,0.45810005418096444,,,,0.3467732459306717,False,123,0.06267252005636692,2318.25,23.509765625,1046.3,117.24032258064513,0.060000000000002274,0.010000000000000009,"embedding_dim=32, hidden_dim=96, dropout=0.0, lr=0.01",validation_search,full_rtx_pro_6000,False,cuda,NVIDIA RTX PRO 6000 Blackwell Server Edition,2.11.0+cu130,13.0,True
hyperparameter_search,movielens_100k,dnn,grid_search,0.4785093101332299,0.47366073935268344,0.4582806573957016,,,,0.35766864717006686,False,456,0.062863894039765,2318.25,23.509765625,1045.3,97.54677419354839,0.060000000000002274,0.0,"embedding_dim=32, hidden_dim=96, dropout=0.0, lr=0.01",validation_search,full_rtx_pro_6000,False,cuda,NVIDIA RTX PRO 6000 Blackwell Server Edition,2.11.0+cu130,13.0,True
hyperparameter_search,movielens_100k,dnn,grid_search,0.48265255076028346,0.4693103871692563,0.4572873397146469,,,,0.33795772194862367,False,789,0.06254686694592237,2318.25,23.509765625,1045.0,99.83064516129032,0.06999999999999318,0.0,"embedding_dim=32, hidden_dim=96, dropout=0.0, lr=0.01",validation_search,full_rtx_pro_6000,False,cuda,NVIDIA RTX PRO 6000 Blackwell Server Edition,2.11.0+cu130,13.0,True
hyperparameter_search,movielens_100k,dnn,grid_search,0.4496484630346773,0.44787901004953856,0.4474444645114683,,,,0.3349021553993225,False,2026,0.06260262313298881,2318.25,23.509765625,1047.3,88.23548387096774,0.060000000000002274,0.0,"embedding_dim=32, hidden_dim=96, dropout=0.0, lr=0.01",validation_search,full_rtx_pro_6000,False,cuda,NVIDIA RTX PRO 6000 Blackwell Server Edition,2.11.0+cu130,13.0,True
hyperparameter_search,movielens_100k,dnn,grid_search,0.6584218488596051,0.6115519010869626,0.5996026729275781,,,,0.6513725340366363,False,42,0.0635751229710877,2318.25,23.509765625,1025.8,98.58387096774194,0.060000000000002274,0.0,"embedding_dim=32, hidden_dim=96, dropout=0.35, lr=0.000630957344480193",validation_search,full_rtx_pro_6000,False,cuda,NVIDIA RTX PRO 6000 Blackwell Server Edition,2.11.0+cu130,13.0,True
hyperparameter_search,movielens_100k,dnn,grid_search,0.575308768056122,0.5291194332780275,0.49241466498103664,,,,0.6497279882431031,False,123,0.06375663308426738,2318.25,23.509765625,1029.2,98.2032258064516,0.06999999999999318,0.0,"embedding_dim=32, hidden_dim=96, dropout=0.35, lr=0.000630957344480193",validation_search,full_rtx_pro_6000,False,cuda,NVIDIA RTX PRO 6000 Blackwell Server Edition,2.11.0+cu130,13.0,True
hyperparameter_search,movielens_100k,dnn,grid_search,0.6425453519722462,0.5962573141926027,0.568990428029619,,,,0.6536585330963135,False,456,0.06348635093308985,2318.25,23.509765625,1030.8,96.5758064516129,0.060000000000002274,0.0,"embedding_dim=32, hidden_dim=96, dropout=0.35, lr=0.000630957344480193",validation_search,full_rtx_pro_6000,False,cuda,NVIDIA RTX PRO 6000 Blackwell Server Edition,2.11.0+cu130,13.0,True
hyperparameter_search,movielens_100k,dnn,grid_search,0.6256588861592736,0.5804210305024853,0.5809102402022756,,,,0.6575990796089173,False,789,0.06368509400635958,2318.25,23.509765625,1039.0,98.88387096774191,0.060000000000002274,0.0,"embedding_dim=32, hidden_dim=96, dropout=0.35, lr=0.000630957344480193",validation_search,full_rtx_pro_6000,False,cuda,NVIDIA RTX PRO 6000 Blackwell Server Edition,2.11.0+cu130,13.0,True
hyperparameter_search,movielens_100k,dnn,grid_search,0.6775205165023619,0.6282098580675219,0.6273252663897417,,,,0.649996542930603,False,2026,0.063720703125,2318.25,23.509765625,1024.8,86.50322580645161,0.05999999999998806,0.0,"embedding_dim=32, hidden_dim=96, dropout=0.35, lr=0.000630957344480193",validation_search,full_rtx_pro_6000,False,cuda,NVIDIA RTX PRO 6000 Blackwell Server Edition,2.11.0+cu130,13.0,True
hyperparameter_search,movielens_100k,dnn,grid_search,0.4657268949956209,0.4571871972061076,0.45502979953043166,,,,0.3476354002952576,False,42,0.06408236199058592,2318.25,23.509765625,1025.8,95.90161290322582,0.060000000000002274,0.0,"embedding_dim=32, hidden_dim=96, dropout=0.35, lr=0.01",validation_search,full_rtx_pro_6000,False,cuda,NVIDIA RTX PRO 6000 Blackwell Server Edition,2.11.0+cu130,13.0,True
hyperparameter_search,movielens_100k,dnn,grid_search,0.41921016737713607,0.4383088124511454,0.45331406899042803,,,,0.35582585334777833,False,123,0.06378994905389845,2318.25,23.509765625,1028.0,115.14516129032258,0.060000000000002274,0.010000000000000009,"embedding_dim=32, hidden_dim=96, dropout=0.35, lr=0.01",validation_search,full_rtx_pro_6000,False,cuda,NVIDIA RTX PRO 6000 Blackwell Server Edition,2.11.0+cu130,13.0,True
hyperparameter_search,movielens_100k,dnn,grid_search,0.4650639764952924,0.46340599718756903,0.4548491963156944,,,,0.3651557832956314,False,456,0.06402186793275177,2318.25,23.509765625,1024.8,98.80806451612904,0.060000000000002274,0.0,"embedding_dim=32, hidden_dim=96, dropout=0.35, lr=0.01",validation_search,full_rtx_pro_6000,False,cuda,NVIDIA RTX PRO 6000 Blackwell Server Edition,2.11.0+cu130,13.0,True
hyperparameter_search,movielens_100k,dnn,grid_search,0.4924784159261701,0.4740424986560339,0.456113418818855,,,,0.3432083040475845,False,789,0.06401626113802195,2318.25,23.509765625,1024.6,98.15967741935482,0.05999999999998806,0.0,"embedding_dim=32, hidden_dim=96, dropout=0.35, lr=0.01",validation_search,full_rtx_pro_6000,False,cuda,NVIDIA RTX PRO 6000 Blackwell Server Edition,2.11.0+cu130,13.0,True
hyperparameter_search,movielens_100k,dnn,grid_search,0.46949622466870305,0.45755203073268136,0.4498826079104208,,,,0.33925375044345857,False,2026,0.06398171302862465,2318.25,23.509765625,1030.9,98.33870967741937,0.060000000000002274,0.0,"embedding_dim=32, hidden_dim=96, dropout=0.35, lr=0.01",validation_search,full_rtx_pro_6000,False,cuda,NVIDIA RTX PRO 6000 Blackwell Server Edition,2.11.0+cu130,13.0,True
hyperparameter_search,movielens_100k,dnn,grid_search,0.6454901596363459,0.5809843647428481,0.5604117753296008,,,,0.6466925144195557,False,42,0.06329119205474854,2318.28515625,24.0546875,1046.3,115.67096774193551,0.060000000000002274,0.010000000000000009,"embedding_dim=48, hidden_dim=32, dropout=0.0, lr=0.000630957344480193",validation_search,full_rtx_pro_6000,False,cuda,NVIDIA RTX PRO 6000 Blackwell Server Edition,2.11.0+cu130,13.0,True
hyperparameter_search,movielens_100k,dnn,grid_search,0.6140015145619782,0.5597310599400779,0.52275600505689,,,,0.6552606463432312,False,123,0.06285278801806271,2318.28515625,24.0546875,1042.1,99.76451612903229,0.07000000000000739,0.0,"embedding_dim=48, hidden_dim=32, dropout=0.0, lr=0.000630957344480193",validation_search,full_rtx_pro_6000,False,cuda,NVIDIA RTX PRO 6000 Blackwell Server Edition,2.11.0+cu130,13.0,True
hyperparameter_search,movielens_100k,dnn,grid_search,0.6591001465211669,0.605419488131164,0.6182951056528806,,,,0.6480304539203644,False,456,0.0629301848821342,2318.28515625,24.0546875,1047.2,85.44677419354842,0.05999999999998806,0.0,"embedding_dim=48, hidden_dim=32, dropout=0.0, lr=0.000630957344480193",validation_search,full_rtx_pro_6000,False,cuda,NVIDIA RTX PRO 6000 Blackwell Server Edition,2.11.0+cu130,13.0,True
hyperparameter_search,movielens_100k,dnn,grid_search,0.6096275375901439,0.5534078135894407,0.5208596713021492,,,,0.6460860729217529,False,789,0.06250096298754215,2318.28515625,24.0546875,1056.9,101.12580645161289,0.060000000000002274,0.0,"embedding_dim=48, hidden_dim=32, dropout=0.0, lr=0.000630957344480193",validation_search,full_rtx_pro_6000,False,cuda,NVIDIA RTX PRO 6000 Blackwell Server Edition,2.11.0+cu130,13.0,True
hyperparameter_search,movielens_100k,dnn,grid_search,0.6114633821518686,0.5552959024481766,0.5139064475347661,,,,0.6534726321697235,False,2026,0.06256642402149737,2318.28515625,24.0546875,1054.3,101.0225806451613,0.060000000000002274,0.0,"embedding_dim=48, hidden_dim=32, dropout=0.0, lr=0.000630957344480193",validation_search,full_rtx_pro_6000,False,cuda,NVIDIA RTX PRO 6000 Blackwell Server Edition,2.11.0+cu130,13.0,True
hyperparameter_search,movielens_100k,dnn,grid_search,0.4861842617916172,0.4660303162710093,0.4555716091746433,,,,0.3438220649957657,False,42,0.06251903786323965,2318.28515625,24.0546875,1049.8,102.66451612903225,0.07000000000000739,0.0,"embedding_dim=48, hidden_dim=32, dropout=0.0, lr=0.01",validation_search,full_rtx_pro_6000,False,cuda,NVIDIA RTX PRO 6000 Blackwell Server Edition,2.11.0+cu130,13.0,True
hyperparameter_search,movielens_100k,dnn,grid_search,0.43617315389478156,0.44752154095807684,0.4555716091746433,,,,0.3471342235803604,False,123,0.06286768801510334,2318.28515625,24.0546875,1049.4,100.73870967741935,0.05999999999998806,0.0,"embedding_dim=48, hidden_dim=32, dropout=0.0, lr=0.01",validation_search,full_rtx_pro_6000,False,cuda,NVIDIA RTX PRO 6000 Blackwell Server Edition,2.11.0+cu130,13.0,True
hyperparameter_search,movielens_100k,dnn,grid_search,0.48279605154468586,0.47112241141638106,0.4604478959725483,,,,0.35723952651023866,False,456,0.06262985104694963,2318.28515625,24.0546875,1049.6,98.0209677419355,0.060000000000002274,0.0,"embedding_dim=48, hidden_dim=32, dropout=0.0, lr=0.01",validation_search,full_rtx_pro_6000,False,cuda,NVIDIA RTX PRO 6000 Blackwell Server Edition,2.11.0+cu130,13.0,True
hyperparameter_search,movielens_100k,dnn,grid_search,0.5063252549409918,0.48140853832010155,0.4573776413220155,,,,0.3428376644849777,False,789,0.06287117395550013,2318.28515625,24.0546875,1050.7,117.15645161290323,0.060000000000002274,0.010000000000000009,"embedding_dim=48, hidden_dim=32, dropout=0.0, lr=0.01",validation_search,full_rtx_pro_6000,False,cuda,NVIDIA RTX PRO 6000 Blackwell Server Edition,2.11.0+cu130,13.0,True
hyperparameter_search,movielens_100k,dnn,grid_search,0.44734672610927223,0.44827898388708787,0.4546685931009572,,,,0.33234550058841705,False,2026,0.06261994712986052,2318.28515625,24.0546875,1045.4,96.15483870967742,0.060000000000002274,0.0,"embedding_dim=48, hidden_dim=32, dropout=0.0, lr=0.01",validation_search,full_rtx_pro_6000,False,cuda,NVIDIA RTX PRO 6000 Blackwell Server Edition,2.11.0+cu130,13.0,True
hyperparameter_search,movielens_100k,dnn,grid_search,0.6574588002381991,0.596172101318666,0.5909337186201914,,,,0.6564216911792755,False,42,0.0639699469320476,2318.28515625,24.0546875,1028.7,94.58225806451611,0.060000000000002274,0.0,"embedding_dim=48, hidden_dim=32, dropout=0.35, lr=0.000630957344480193",validation_search,full_rtx_pro_6000,False,cuda,NVIDIA RTX PRO 6000 Blackwell Server Edition,2.11.0+cu130,13.0,True
hyperparameter_search,movielens_100k,dnn,grid_search,0.6034106706720113,0.5558124614225001,0.5384684847390283,,,,0.6670925259590149,False,123,0.06371365394443274,2318.28515625,24.0546875,1031.1,96.3790322580645,0.060000000000002274,0.0,"embedding_dim=48, hidden_dim=32, dropout=0.35, lr=0.000630957344480193",validation_search,full_rtx_pro_6000,False,cuda,NVIDIA RTX PRO 6000 Blackwell Server Edition,2.11.0+cu130,13.0,True
hyperparameter_search,movielens_100k,dnn,grid_search,0.666591216903939,0.6187904463351439,0.6241647101318404,,,,0.6594492137432099,False,456,0.06376728811301291,2318.28515625,24.0546875,1029.6,86.09838709677418,0.060000000000002274,0.0,"embedding_dim=48, hidden_dim=32, dropout=0.35, lr=0.000630957344480193",validation_search,full_rtx_pro_6000,False,cuda,NVIDIA RTX PRO 6000 Blackwell Server Edition,2.11.0+cu130,13.0,True
hyperparameter_search,movielens_100k,dnn,grid_search,0.6182460978273175,0.5636647298978041,0.5400036120642947,,,,0.6563470542430878,False,789,0.063604393042624,2318.28515625,24.0546875,1028.3,98.88064516129035,0.060000000000002274,0.0,"embedding_dim=48, hidden_dim=32, dropout=0.35, lr=0.000630957344480193",validation_search,full_rtx_pro_6000,False,cuda,NVIDIA RTX PRO 6000 Blackwell Server Edition,2.11.0+cu130,13.0,True
hyperparameter_search,movielens_100k,dnn,grid_search,0.6124461480648238,0.5601174621255623,0.5186924327253025,,,,0.6633724272251129,False,2026,0.06381955998949707,2318.28515625,24.0546875,1029.7,102.19354838709674,0.06999999999999318,0.0,"embedding_dim=48, hidden_dim=32, dropout=0.35, lr=0.000630957344480193",validation_search,full_rtx_pro_6000,False,cuda,NVIDIA RTX PRO 6000 Blackwell Server Edition,2.11.0+cu130,13.0,True
hyperparameter_search,movielens_100k,dnn,grid_search,0.4500710882565214,0.44911371934592714,0.450063211125158,,,,0.35377803444862366,False,42,0.06367777497507632,2318.28515625,24.0546875,1033.3,99.25806451612901,0.060000000000002274,0.0,"embedding_dim=48, hidden_dim=32, dropout=0.35, lr=0.01",validation_search,full_rtx_pro_6000,False,cuda,NVIDIA RTX PRO 6000 Blackwell Server Edition,2.11.0+cu130,13.0,True
hyperparameter_search,movielens_100k,dnn,grid_search,0.44385612946337755,0.4512131851523653,0.45114683041358133,,,,0.3635219126939774,False,123,0.06485884101130068,2318.28515625,24.0546875,1032.7,114.76290322580648,0.060000000000002274,0.010000000000000009,"embedding_dim=48, hidden_dim=32, dropout=0.35, lr=0.01",validation_search,full_rtx_pro_6000,False,cuda,NVIDIA RTX PRO 6000 Blackwell Server Edition,2.11.0+cu130,13.0,True
hyperparameter_search,movielens_100k,dnn,grid_search,0.4901203322329377,0.4724768725770748,0.4552104027451689,,,,0.3696341097354889,False,456,0.06422386597841978,2318.28515625,24.0546875,1016.5,99.41774193548389,0.07000000000000739,0.0,"embedding_dim=48, hidden_dim=32, dropout=0.35, lr=0.01",validation_search,full_rtx_pro_6000,False,cuda,NVIDIA RTX PRO 6000 Blackwell Server Edition,2.11.0+cu130,13.0,True
hyperparameter_search,movielens_100k,dnn,grid_search,0.4822174656453512,0.46805365654282716,0.45665522846306666,,,,0.3562668651342392,False,789,0.06379467598162591,2318.28515625,24.0546875,1028.0,98.66451612903226,0.05999999999998806,0.0,"embedding_dim=48, hidden_dim=32, dropout=0.35, lr=0.01",validation_search,full_rtx_pro_6000,False,cuda,NVIDIA RTX PRO 6000 Blackwell Server Edition,2.11.0+cu130,13.0,True
hyperparameter_search,movielens_100k,dnn,grid_search,0.482369039266244,0.46656045836447435,0.4510565288062128,,,,0.3489023894071579,False,2026,0.06404277798719704,2318.28515625,24.0546875,1022.8,99.8774193548387,0.07000000000000739,0.0,"embedding_dim=48, hidden_dim=32, dropout=0.35, lr=0.01",validation_search,full_rtx_pro_6000,False,cuda,NVIDIA RTX PRO 6000 Blackwell Server Edition,2.11.0+cu130,13.0,True
hyperparameter_search,movielens_100k,dnn,grid_search,0.6593576292333098,0.5996272406926167,0.6030341340075853,,,,0.6169885158538818,False,42,0.06342041888274252,2318.28515625,24.9921875,1041.9,99.65322580645164,0.060000000000002274,0.0,"embedding_dim=48, hidden_dim=96, dropout=0.0, lr=0.000630957344480193",validation_search,full_rtx_pro_6000,False,cuda,NVIDIA RTX PRO 6000 Blackwell Server Edition,2.11.0+cu130,13.0,True
hyperparameter_search,movielens_100k,dnn,grid_search,0.57260128547608,0.5268209012589427,0.48744807657576306,,,,0.6175727486610413,False,123,0.06307589518837631,2318.28515625,24.9921875,1051.8,96.07580645161285,0.060000000000002274,0.0,"embedding_dim=48, hidden_dim=96, dropout=0.0, lr=0.000630957344480193",validation_search,full_rtx_pro_6000,False,cuda,NVIDIA RTX PRO 6000 Blackwell Server Edition,2.11.0+cu130,13.0,True
hyperparameter_search,movielens_100k,dnn,grid_search,0.6287979474707216,0.5747863939741941,0.5714285714285714,,,,0.5987009823322296,False,456,0.06288376986049116,2318.28515625,24.9921875,1042.3,87.31129032258065,0.060000000000002274,0.0,"embedding_dim=48, hidden_dim=96, dropout=0.0, lr=0.000630957344480193",validation_search,full_rtx_pro_6000,False,cuda,NVIDIA RTX PRO 6000 Blackwell Server Edition,2.11.0+cu130,13.0,True
hyperparameter_search,movielens_100k,dnn,grid_search,0.6099111795542679,0.5521525404272213,0.5055083980494853,,,,0.6098124742507934,False,789,0.06296113785356283,2318.28515625,24.9921875,1045.8,100.20806451612904,0.060000000000002274,0.0,"embedding_dim=48, hidden_dim=96, dropout=0.0, lr=0.000630957344480193",validation_search,full_rtx_pro_6000,False,cuda,NVIDIA RTX PRO 6000 Blackwell Server Edition,2.11.0+cu130,13.0,True
hyperparameter_search,movielens_100k,dnn,grid_search,0.627278851657112,0.5679694356836562,0.5655589669496117,,,,0.6016692519187927,False,2026,0.06243825703859329,2318.28515625,24.9921875,1053.5,104.0887096774194,0.06999999999999318,0.0,"embedding_dim=48, hidden_dim=96, dropout=0.0, lr=0.000630957344480193",validation_search,full_rtx_pro_6000,False,cuda,NVIDIA RTX PRO 6000 Blackwell Server Edition,2.11.0+cu130,13.0,True
hyperparameter_search,movielens_100k,dnn,grid_search,0.45970198218959396,0.4569316581551492,0.45665522846306666,,,,0.3438613206148148,False,42,0.06279998505488038,2318.28515625,24.9921875,1046.0,87.97580645161293,0.060000000000002274,0.0,"embedding_dim=48, hidden_dim=96, dropout=0.0, lr=0.01",validation_search,full_rtx_pro_6000,False,cuda,NVIDIA RTX PRO 6000 Blackwell Server Edition,2.11.0+cu130,13.0,True
hyperparameter_search,movielens_100k,dnn,grid_search,0.4398610539262542,0.4522807547131027,0.4597254831135994,,,,0.3471237778663635,False,123,0.06262084795162082,2318.28515625,24.9921875,1049.6,87.91129032258061,0.060000000000002274,0.0,"embedding_dim=48, hidden_dim=96, dropout=0.0, lr=0.01",validation_search,full_rtx_pro_6000,False,cuda,NVIDIA RTX PRO 6000 Blackwell Server Edition,2.11.0+cu130,13.0,True
hyperparameter_search,movielens_100k,dnn,grid_search,0.4824784058147385,0.4773084846838141,0.4643308650893986,,,,0.35631256699562075,False,456,0.0626213401556015,2318.28515625,24.9921875,1053.0,117.50806451612902,0.060000000000002274,0.010000000000000009,"embedding_dim=48, hidden_dim=96, dropout=0.0, lr=0.01",validation_search,full_rtx_pro_6000,False,cuda,NVIDIA RTX PRO 6000 Blackwell Server Edition,2.11.0+cu130,13.0,True
hyperparameter_search,movielens_100k,dnn,grid_search,0.48311893238678155,0.46914828802224495,0.45394618024200833,,,,0.3414522260427475,False,789,0.06252651894465089,2318.28515625,24.9921875,1055.0,100.42419354838707,0.060000000000002274,0.0,"embedding_dim=48, hidden_dim=96, dropout=0.0, lr=0.01",validation_search,full_rtx_pro_6000,False,cuda,NVIDIA RTX PRO 6000 Blackwell Server Edition,2.11.0+cu130,13.0,True
hyperparameter_search,movielens_100k,dnn,grid_search,0.42057126391818167,0.43498686732937825,0.45087592559147555,,,,0.3348726898431778,False,2026,0.06269747414626181,2318.28515625,24.9921875,1052.4,100.4709677419355,0.06999999999999318,0.0,"embedding_dim=48, hidden_dim=96, dropout=0.0, lr=0.01",validation_search,full_rtx_pro_6000,False,cuda,NVIDIA RTX PRO 6000 Blackwell Server Edition,2.11.0+cu130,13.0,True
hyperparameter_search,movielens_100k,dnn,grid_search,0.6670382400316207,0.6092531789441447,0.6083619288423334,,,,0.6344351768493652,False,42,0.06370586296543479,2318.28515625,24.9921875,1034.1,97.04354838709678,0.060000000000002274,0.0,"embedding_dim=48, hidden_dim=96, dropout=0.35, lr=0.000630957344480193",validation_search,full_rtx_pro_6000,False,cuda,NVIDIA RTX PRO 6000 Blackwell Server Edition,2.11.0+cu130,13.0,True
hyperparameter_search,movielens_100k,dnn,grid_search,0.5648302426003158,0.5230722385352861,0.48943471193787247,,,,0.6341181814670562,False,123,0.06368886004202068,2318.28515625,24.9921875,1030.2,102.28709677419351,0.07000000000000739,0.0,"embedding_dim=48, hidden_dim=96, dropout=0.35, lr=0.000630957344480193",validation_search,full_rtx_pro_6000,False,cuda,NVIDIA RTX PRO 6000 Blackwell Server Edition,2.11.0+cu130,13.0,True
hyperparameter_search,movielens_100k,dnn,grid_search,0.6404656914397502,0.5895643014431627,0.5816326530612245,,,,0.6189028024673462,False,456,0.06397496396675706,2318.28515625,24.9921875,1030.9,83.77741935483873,0.05999999999998806,0.0,"embedding_dim=48, hidden_dim=96, dropout=0.35, lr=0.000630957344480193",validation_search,full_rtx_pro_6000,False,cuda,NVIDIA RTX PRO 6000 Blackwell Server Edition,2.11.0+cu130,13.0,True
hyperparameter_search,movielens_100k,dnn,grid_search,0.6185523763511359,0.5624220932517399,0.5234784179158389,,,,0.6278915941715241,False,789,0.06340937502682209,2318.28515625,24.9921875,1031.2,96.49838709677418,0.060000000000002274,0.0,"embedding_dim=48, hidden_dim=96, dropout=0.35, lr=0.000630957344480193",validation_search,full_rtx_pro_6000,False,cuda,NVIDIA RTX PRO 6000 Blackwell Server Edition,2.11.0+cu130,13.0,True
hyperparameter_search,movielens_100k,dnn,grid_search,0.6329572685357138,0.5756597801021415,0.5760339534043706,,,,0.6190345764160157,False,2026,0.0637879460118711,2318.28515625,24.9921875,1032.4,98.41774193548387,0.060000000000002274,0.0,"embedding_dim=48, hidden_dim=96, dropout=0.35, lr=0.000630957344480193",validation_search,full_rtx_pro_6000,False,cuda,NVIDIA RTX PRO 6000 Blackwell Server Edition,2.11.0+cu130,13.0,True
hyperparameter_search,movielens_100k,dnn,grid_search,0.4571797182035352,0.45267022511924326,0.4552104027451689,,,,0.3464298635721207,False,42,0.06354659399949014,2318.28515625,24.9921875,1036.7,97.0322580645161,0.060000000000002274,0.0,"embedding_dim=48, hidden_dim=96, dropout=0.35, lr=0.01",validation_search,full_rtx_pro_6000,False,cuda,NVIDIA RTX PRO 6000 Blackwell Server Edition,2.11.0+cu130,13.0,True
hyperparameter_search,movielens_100k,dnn,grid_search,0.43993449227517617,0.44919471269822564,0.45683583167780384,,,,0.35096226930618285,False,123,0.06374109187163413,2318.28515625,24.9921875,1027.5,96.34032258064512,0.05999999999998806,0.0,"embedding_dim=48, hidden_dim=96, dropout=0.35, lr=0.01",validation_search,full_rtx_pro_6000,False,cuda,NVIDIA RTX PRO 6000 Blackwell Server Edition,2.11.0+cu130,13.0,True
hyperparameter_search,movielens_100k,dnn,grid_search,0.4793602197168414,0.47227336177117407,0.4599060863283366,,,,0.36118208467960355,False,456,0.06345125287771225,2318.28515625,24.9921875,1037.7,117.35161290322584,0.07000000000000739,0.010000000000000009,"embedding_dim=48, hidden_dim=96, dropout=0.35, lr=0.01",validation_search,full_rtx_pro_6000,False,cuda,NVIDIA RTX PRO 6000 Blackwell Server Edition,2.11.0+cu130,13.0,True
hyperparameter_search,movielens_100k,dnn,grid_search,0.4817396189601606,0.4693231998671259,0.45909337186201915,,,,0.34286086559295653,False,789,0.0636994841042906,2318.28515625,24.9921875,1031.3,96.94999999999999,0.060000000000002274,0.0,"embedding_dim=48, hidden_dim=96, dropout=0.35, lr=0.01",validation_search,full_rtx_pro_6000,False,cuda,NVIDIA RTX PRO 6000 Blackwell Server Edition,2.11.0+cu130,13.0,True
hyperparameter_search,movielens_100k,dnn,grid_search,0.4333231164384511,0.441416427646827,0.45087592559147555,,,,0.3381891995668411,False,2026,0.0634612359572202,2318.28515625,24.9921875,1026.9,100.15645161290324,0.06999999999999318,0.0,"embedding_dim=48, hidden_dim=96, dropout=0.35, lr=0.01",validation_search,full_rtx_pro_6000,False,cuda,NVIDIA RTX PRO 6000 Blackwell Server Edition,2.11.0+cu130,13.0,True
hyperparameter_search,movielens_100k,dnn,grid_search,0.6660690266987133,0.6250391266267675,0.6191078201191981,0.6448034075870432,0.6156410110527324,0.6067172264355363,0.6722009897232055,True,42,0.0665400770958513,2318.28515625,22.02734375,1050.1,86.16935483870968,0.060000000000002274,0.0,"Validation-selected configuration: embedding_dim=16, hidden_dim=96, dropout=0.35, lr=0.000630957344480193",final_test,full_rtx_pro_6000,False,cuda,NVIDIA RTX PRO 6000 Blackwell Server Edition,2.11.0+cu130,13.0,True
hyperparameter_search,movielens_100k,dnn,grid_search,0.6280144909208967,0.5844036245504962,0.5932815604117754,0.6711585152962016,0.6431273283135831,0.6258577103647526,0.6722289264202118,True,123,0.06628302321769297,2318.28515625,22.02734375,1040.8,99.19999999999999,0.06999999999999318,0.0,"Validation-selected configuration: embedding_dim=16, hidden_dim=96, dropout=0.35, lr=0.000630957344480193",final_test,full_rtx_pro_6000,False,cuda,NVIDIA RTX PRO 6000 Blackwell Server Edition,2.11.0+cu130,13.0,True
hyperparameter_search,movielens_100k,dnn,grid_search,0.6791525178655133,0.6298044503976645,0.6294925049665884,0.6752198703047894,0.6552207559330656,0.6259479956663055,0.6712654888629913,True,456,0.0666467440314591,2318.28515625,22.02734375,1048.7,85.95967741935486,0.060000000000002274,0.0,"Validation-selected configuration: embedding_dim=16, hidden_dim=96, dropout=0.35, lr=0.000630957344480193",final_test,full_rtx_pro_6000,False,cuda,NVIDIA RTX PRO 6000 Blackwell Server Edition,2.11.0+cu130,13.0,True
hyperparameter_search,movielens_100k,dnn,grid_search,0.6260703888063973,0.5875216333065716,0.5810908434170128,0.6312471624852409,0.6165259857802824,0.5828819068255688,0.6753299295902252,True,789,0.06633003801107407,2318.28515625,22.02734375,1049.2,99.91935483870968,0.07000000000000739,0.0,"Validation-selected configuration: embedding_dim=16, hidden_dim=96, dropout=0.35, lr=0.000630957344480193",final_test,full_rtx_pro_6000,False,cuda,NVIDIA RTX PRO 6000 Blackwell Server Edition,2.11.0+cu130,13.0,True
hyperparameter_search,movielens_100k,dnn,grid_search,0.6612475047188584,0.6152433311846344,0.6090843417012822,0.6587346676385787,0.6250581250663184,0.6077103647526183,0.6752687275409699,True,2026,0.06652620807290077,2318.28515625,22.02734375,1048.0,100.74516129032256,0.060000000000002274,0.0,"Validation-selected configuration: embedding_dim=16, hidden_dim=96, dropout=0.35, lr=0.000630957344480193",final_test,full_rtx_pro_6000,False,cuda,NVIDIA RTX PRO 6000 Blackwell Server Edition,2.11.0+cu130,13.0,True
hyperparameter_search,movielens_100k,dnn,random_search,0.4985558592500469,0.47604724661925124,0.4586418638251761,,,,0.3503154456615448,False,42,0.06260786089114845,2318.28515625,22.02734375,1045.0,88.14193548387095,0.060000000000002274,0.0,"embedding_dim=16, hidden_dim=96, dropout=0.1536074539132183, lr=0.006765774266724162",validation_search,full_rtx_pro_6000,False,cuda,NVIDIA RTX PRO 6000 Blackwell Server Edition,2.11.0+cu130,13.0,True
hyperparameter_search,movielens_100k,dnn,random_search,0.46621902815508554,0.46212312635873154,0.4587321654325447,,,,0.35693164467811583,False,123,0.06274951598607004,2318.28515625,22.02734375,1047.2,98.2274193548387,0.060000000000002274,0.0,"embedding_dim=16, hidden_dim=96, dropout=0.1536074539132183, lr=0.006765774266724162",validation_search,full_rtx_pro_6000,False,cuda,NVIDIA RTX PRO 6000 Blackwell Server Edition,2.11.0+cu130,13.0,True
hyperparameter_search,movielens_100k,dnn,random_search,0.514561815078943,0.48938117515353063,0.46415026187466135,,,,0.36469019055366514,False,456,0.06258546910248697,2318.28515625,22.02734375,1046.9,100.45645161290324,0.060000000000002274,0.0,"embedding_dim=16, hidden_dim=96, dropout=0.1536074539132183, lr=0.006765774266724162",validation_search,full_rtx_pro_6000,False,cuda,NVIDIA RTX PRO 6000 Blackwell Server Edition,2.11.0+cu130,13.0,True
hyperparameter_search,movielens_100k,dnn,random_search,0.502334696930551,0.4819222206373377,0.459815784720968,,,,0.3514518290758133,False,789,0.06282521993853152,2318.28515625,22.02734375,1043.7,100.13870967741939,0.06999999999999318,0.0,"embedding_dim=16, hidden_dim=96, dropout=0.1536074539132183, lr=0.006765774266724162",validation_search,full_rtx_pro_6000,False,cuda,NVIDIA RTX PRO 6000 Blackwell Server Edition,2.11.0+cu130,13.0,True
hyperparameter_search,movielens_100k,dnn,random_search,0.5062117622760689,0.4808380299481995,0.46053819757991693,,,,0.346080020070076,False,2026,0.0627227290533483,2318.28515625,22.02734375,1044.0,101.59032258064516,0.060000000000002274,0.010000000000000009,"embedding_dim=16, hidden_dim=96, dropout=0.1536074539132183, lr=0.006765774266724162",validation_search,full_rtx_pro_6000,False,cuda,NVIDIA RTX PRO 6000 Blackwell Server Edition,2.11.0+cu130,13.0,True
hyperparameter_search,movielens_100k,dnn,random_search,0.45192309479998755,0.4521164641100316,0.45701643489254107,,,,0.34563160836696627,False,42,0.06293388991616666,2318.28515625,22.02734375,1044.0,100.37096774193546,0.060000000000002274,0.0,"embedding_dim=16, hidden_dim=96, dropout=0.032962071760677336, lr=0.00934860525257475",validation_search,full_rtx_pro_6000,False,cuda,NVIDIA RTX PRO 6000 Blackwell Server Edition,2.11.0+cu130,13.0,True
hyperparameter_search,movielens_100k,dnn,random_search,0.42361915925795013,0.4405430259646532,0.45539100595990606,,,,0.3543098121881485,False,123,0.06264110701158643,2318.28515625,22.02734375,1053.3,100.31290322580647,0.060000000000002274,0.0,"embedding_dim=16, hidden_dim=96, dropout=0.032962071760677336, lr=0.00934860525257475",validation_search,full_rtx_pro_6000,False,cuda,NVIDIA RTX PRO 6000 Blackwell Server Edition,2.11.0+cu130,13.0,True
hyperparameter_search,movielens_100k,dnn,random_search,0.47232682208241417,0.46557010165018364,0.4541267834567455,,,,0.3650058895349503,False,456,0.0628640428185463,2318.28515625,22.02734375,1042.0,93.36774193548388,0.060000000000002274,0.0,"embedding_dim=16, hidden_dim=96, dropout=0.032962071760677336, lr=0.00934860525257475",validation_search,full_rtx_pro_6000,False,cuda,NVIDIA RTX PRO 6000 Blackwell Server Edition,2.11.0+cu130,13.0,True
hyperparameter_search,movielens_100k,dnn,random_search,0.4855762711969447,0.47215993530902445,0.45701643489254107,,,,0.3452116698026657,False,789,0.06298043392598629,2318.28515625,22.02734375,1047.3,101.68387096774197,0.06999999999999318,0.0,"embedding_dim=16, hidden_dim=96, dropout=0.032962071760677336, lr=0.00934860525257475",validation_search,full_rtx_pro_6000,False,cuda,NVIDIA RTX PRO 6000 Blackwell Server Edition,2.11.0+cu130,13.0,True
hyperparameter_search,movielens_100k,dnn,random_search,0.4475206427321688,0.44986037371064497,0.45268195773884773,,,,0.3401578217744827,False,2026,0.0630023640114814,2318.28515625,22.02734375,1047.2,100.55322580645164,0.060000000000002274,0.0,"embedding_dim=16, hidden_dim=96, dropout=0.032962071760677336, lr=0.00934860525257475",validation_search,full_rtx_pro_6000,False,cuda,NVIDIA RTX PRO 6000 Blackwell Server Edition,2.11.0+cu130,13.0,True
hyperparameter_search,movielens_100k,dnn,random_search,0.6664713148961056,0.6055617673304883,0.6051110709770634,,,,0.5502941370010376,False,42,0.06419334397651255,2318.28515625,24.9921875,1019.0,99.12903225806454,0.06999999999999318,0.0,"embedding_dim=48, hidden_dim=96, dropout=0.2751225068469338, lr=0.0008989517024157321",validation_search,full_rtx_pro_6000,False,cuda,NVIDIA RTX PRO 6000 Blackwell Server Edition,2.11.0+cu130,13.0,True
hyperparameter_search,movielens_100k,dnn,random_search,0.5620674570131242,0.5193911157580091,0.4787791222683764,,,,0.5498308479785919,False,123,0.06403306405991316,2318.28515625,24.9921875,1026.8,98.54677419354839,0.060000000000002274,0.0,"embedding_dim=48, hidden_dim=96, dropout=0.2751225068469338, lr=0.0008989517024157321",validation_search,full_rtx_pro_6000,False,cuda,NVIDIA RTX PRO 6000 Blackwell Server Edition,2.11.0+cu130,13.0,True
hyperparameter_search,movielens_100k,dnn,random_search,0.630966458130894,0.5765708568878369,0.5642044428390826,,,,0.5239418387413025,False,456,0.06417173496447504,2318.28515625,24.9921875,1023.2,97.56451612903228,0.060000000000002274,0.0,"embedding_dim=48, hidden_dim=96, dropout=0.2751225068469338, lr=0.0008989517024157321",validation_search,full_rtx_pro_6000,False,cuda,NVIDIA RTX PRO 6000 Blackwell Server Edition,2.11.0+cu130,13.0,True
hyperparameter_search,movielens_100k,dnn,random_search,0.6121501929864568,0.5547665407487699,0.5087592559147552,,,,0.5383680522441864,False,789,0.06359564093872905,2318.28515625,24.9921875,1026.0,86.52258064516127,0.060000000000002274,0.0,"embedding_dim=48, hidden_dim=96, dropout=0.2751225068469338, lr=0.0008989517024157321",validation_search,full_rtx_pro_6000,False,cuda,NVIDIA RTX PRO 6000 Blackwell Server Edition,2.11.0+cu130,13.0,True
hyperparameter_search,movielens_100k,dnn,random_search,0.6217728999217147,0.5627971181970639,0.5492143760158931,,,,0.52286297082901,False,2026,0.06385305593721569,2318.28515625,24.9921875,1031.0,115.44677419354839,0.05999999999998806,0.009999999999999787,"embedding_dim=48, hidden_dim=96, dropout=0.2751225068469338, lr=0.0008989517024157321",validation_search,full_rtx_pro_6000,False,cuda,NVIDIA RTX PRO 6000 Blackwell Server Edition,2.11.0+cu130,13.0,True
hyperparameter_search,movielens_100k,dnn,random_search,0.46005089181358605,0.4556997179825248,0.4589127686472819,,,,0.3442997127771378,False,42,0.06376136909238994,2318.28515625,24.3984375,1028.7,101.83064516129033,0.07000000000000739,0.0,"embedding_dim=48, hidden_dim=64, dropout=0.12977930848140343, lr=0.008168042458817863",validation_search,full_rtx_pro_6000,False,cuda,NVIDIA RTX PRO 6000 Blackwell Server Edition,2.11.0+cu130,13.0,True
hyperparameter_search,movielens_100k,dnn,random_search,0.42644871291098363,0.44289115548078095,0.45286256095358496,,,,0.35037605464458466,False,123,0.0636889599263668,2318.28515625,24.3984375,1036.5,99.28225806451614,0.060000000000002274,0.0,"embedding_dim=48, hidden_dim=64, dropout=0.12977930848140343, lr=0.008168042458817863",validation_search,full_rtx_pro_6000,False,cuda,NVIDIA RTX PRO 6000 Blackwell Server Edition,2.11.0+cu130,13.0,True
hyperparameter_search,movielens_100k,dnn,random_search,0.4872261469616991,0.47545616819670933,0.45918367346938777,,,,0.36441217064857484,False,456,0.06350475596264005,2318.28515625,24.3984375,1032.4,95.81774193548385,0.06999999999999318,0.0,"embedding_dim=48, hidden_dim=64, dropout=0.12977930848140343, lr=0.008168042458817863",validation_search,full_rtx_pro_6000,False,cuda,NVIDIA RTX PRO 6000 Blackwell Server Edition,2.11.0+cu130,13.0,True
hyperparameter_search,movielens_100k,dnn,random_search,0.507474223433086,0.4802952323205818,0.4599060863283366,,,,0.34509601891040803,False,789,0.0636068768799305,2318.28515625,24.3984375,1038.1,86.30645161290326,0.060000000000002274,0.0,"embedding_dim=48, hidden_dim=64, dropout=0.12977930848140343, lr=0.008168042458817863",validation_search,full_rtx_pro_6000,False,cuda,NVIDIA RTX PRO 6000 Blackwell Server Edition,2.11.0+cu130,13.0,True
hyperparameter_search,movielens_100k,dnn,random_search,0.4342330800441472,0.4422815045650922,0.4506050207693697,,,,0.3379185229539871,False,2026,0.06352741713635623,2318.28515625,24.3984375,1028.5,96.43709677419356,0.060000000000002274,0.0,"embedding_dim=48, hidden_dim=64, dropout=0.12977930848140343, lr=0.008168042458817863",validation_search,full_rtx_pro_6000,False,cuda,NVIDIA RTX PRO 6000 Blackwell Server Edition,2.11.0+cu130,13.0,True
hyperparameter_search,movielens_100k,dnn,random_search,0.5828393219482746,0.5333667549017228,0.4903377280115586,,,,0.3703881025314331,False,42,0.06599925202317536,2318.34765625,24.3984375,1033.1,97.74677419354839,0.06999999999999318,0.0,"embedding_dim=48, hidden_dim=64, dropout=0.2879665646447905, lr=0.002148310438169022",validation_search,full_rtx_pro_6000,False,cuda,NVIDIA RTX PRO 6000 Blackwell Server Edition,2.11.0+cu130,13.0,True
hyperparameter_search,movielens_100k,dnn,random_search,0.5688026489602236,0.5228205514950816,0.48121726566732886,,,,0.35826251804828646,False,123,0.0635034441947937,2318.34765625,24.3984375,1033.2,103.44354838709675,0.060000000000002274,0.010000000000000009,"embedding_dim=48, hidden_dim=64, dropout=0.2879665646447905, lr=0.002148310438169022",validation_search,full_rtx_pro_6000,False,cuda,NVIDIA RTX PRO 6000 Blackwell Server Edition,2.11.0+cu130,13.0,True
hyperparameter_search,movielens_100k,dnn,random_search,0.5762593894019606,0.5285928744542003,0.4774245981578472,,,,0.37175947725772857,False,456,0.0637118520680815,2318.34765625,24.3984375,1031.6,98.96612903225807,0.060000000000002274,0.0,"embedding_dim=48, hidden_dim=64, dropout=0.2879665646447905, lr=0.002148310438169022",validation_search,full_rtx_pro_6000,False,cuda,NVIDIA RTX PRO 6000 Blackwell Server Edition,2.11.0+cu130,13.0,True
hyperparameter_search,movielens_100k,dnn,random_search,0.5779604420574362,0.5346632961331774,0.488621997471555,,,,0.36192637383937837,False,789,0.06352364202030003,2318.34765625,24.3984375,1031.4,96.26612903225808,0.060000000000002274,0.0,"embedding_dim=48, hidden_dim=64, dropout=0.2879665646447905, lr=0.002148310438169022",validation_search,full_rtx_pro_6000,False,cuda,NVIDIA RTX PRO 6000 Blackwell Server Edition,2.11.0+cu130,13.0,True
hyperparameter_search,movielens_100k,dnn,random_search,0.5650150208577631,0.5224854507307416,0.4840166154957558,,,,0.35179064571857455,False,2026,0.06366608804091811,2318.34765625,24.3984375,1032.1,86.9532258064516,0.05999999999998806,0.0,"embedding_dim=48, hidden_dim=64, dropout=0.2879665646447905, lr=0.002148310438169022",validation_search,full_rtx_pro_6000,False,cuda,NVIDIA RTX PRO 6000 Blackwell Server Edition,2.11.0+cu130,13.0,True
hyperparameter_search,movielens_100k,dnn,random_search,0.6594603581162455,0.6047915533092916,0.5993317681054723,,,,0.6423592150211335,False,42,0.06348695186898112,2318.34765625,22.384765625,1039.8,97.52419354838713,0.060000000000002274,0.0,"embedding_dim=32, hidden_dim=32, dropout=0.19410467545554216, lr=0.0007526285822748962",validation_search,full_rtx_pro_6000,False,cuda,NVIDIA RTX PRO 6000 Blackwell Server Edition,2.11.0+cu130,13.0,True
hyperparameter_search,movielens_100k,dnn,random_search,0.6400051320407815,0.5829168058566305,0.5781108903738487,,,,0.6538352787494659,False,123,0.06333927903324366,2318.34765625,22.384765625,1034.3,96.76129032258062,0.060000000000002274,0.0,"embedding_dim=32, hidden_dim=32, dropout=0.19410467545554216, lr=0.0007526285822748962",validation_search,full_rtx_pro_6000,False,cuda,NVIDIA RTX PRO 6000 Blackwell Server Edition,2.11.0+cu130,13.0,True
hyperparameter_search,movielens_100k,dnn,random_search,0.5957792960219117,0.5419357777944798,0.5023478417915839,,,,0.6589927494525909,False,456,0.06370076606981456,2318.34765625,22.384765625,1033.3,99.92096774193548,0.07000000000000739,0.0,"embedding_dim=32, hidden_dim=32, dropout=0.19410467545554216, lr=0.0007526285822748962",validation_search,full_rtx_pro_6000,False,cuda,NVIDIA RTX PRO 6000 Blackwell Server Edition,2.11.0+cu130,13.0,True
hyperparameter_search,movielens_100k,dnn,random_search,0.6218705567801079,0.5667796932293189,0.5878634639696586,,,,0.6523636281490326,False,789,0.06356853409670293,2318.34765625,22.384765625,1031.9,84.05322580645164,0.05999999999998806,0.0,"embedding_dim=32, hidden_dim=32, dropout=0.19410467545554216, lr=0.0007526285822748962",validation_search,full_rtx_pro_6000,False,cuda,NVIDIA RTX PRO 6000 Blackwell Server Edition,2.11.0+cu130,13.0,True
hyperparameter_search,movielens_100k,dnn,random_search,0.6138963719824757,0.5560433643502105,0.5691710312443562,,,,0.6609820067882538,False,2026,0.0638399280142039,2318.34765625,22.384765625,1032.3,99.10161290322581,0.060000000000002274,0.0,"embedding_dim=32, hidden_dim=32, dropout=0.19410467545554216, lr=0.0007526285822748962",validation_search,full_rtx_pro_6000,False,cuda,NVIDIA RTX PRO 6000 Blackwell Server Edition,2.11.0+cu130,13.0,True
hyperparameter_search,movielens_100k,dnn,random_search,0.47734925168393655,0.4642485617330049,0.45755824453675276,,,,0.3492487996816635,False,42,0.06369557813741267,2318.34765625,24.9921875,1032.7,98.62096774193549,0.060000000000002274,0.0,"embedding_dim=48, hidden_dim=96, dropout=0.22108253969272268, lr=0.005125134747140126",validation_search,full_rtx_pro_6000,False,cuda,NVIDIA RTX PRO 6000 Blackwell Server Edition,2.11.0+cu130,13.0,True
hyperparameter_search,movielens_100k,dnn,random_search,0.46303934172101596,0.4616432149920584,0.4571067364999097,,,,0.35551505982875825,False,123,0.06387706892564893,2318.34765625,24.9921875,1034.3,98.19193548387096,0.07000000000000739,0.0,"embedding_dim=48, hidden_dim=96, dropout=0.22108253969272268, lr=0.005125134747140126",validation_search,full_rtx_pro_6000,False,cuda,NVIDIA RTX PRO 6000 Blackwell Server Edition,2.11.0+cu130,13.0,True
hyperparameter_search,movielens_100k,dnn,random_search,0.4964452446899573,0.4808883588677143,0.4644211666967672,,,,0.3629375159740448,False,456,0.06356742209754884,2318.34765625,24.9921875,1031.1,98.98225806451613,0.05999999999998806,0.0,"embedding_dim=48, hidden_dim=96, dropout=0.22108253969272268, lr=0.005125134747140126",validation_search,full_rtx_pro_6000,False,cuda,NVIDIA RTX PRO 6000 Blackwell Server Edition,2.11.0+cu130,13.0,True
hyperparameter_search,movielens_100k,dnn,random_search,0.4908621198994637,0.47478535540854455,0.45918367346938777,,,,0.3498915255069733,False,789,0.0637279727961868,2318.34765625,24.9921875,1031.3,112.23064516129031,0.060000000000002274,0.010000000000000009,"embedding_dim=48, hidden_dim=96, dropout=0.22108253969272268, lr=0.005125134747140126",validation_search,full_rtx_pro_6000,False,cuda,NVIDIA RTX PRO 6000 Blackwell Server Edition,2.11.0+cu130,13.0,True
hyperparameter_search,movielens_100k,dnn,random_search,0.46506567260639337,0.4610408058972573,0.45502979953043166,,,,0.3407969236373901,False,2026,0.06353534804657102,2318.34765625,24.9921875,1031.6,100.03870967741935,0.07000000000000739,0.0,"embedding_dim=48, hidden_dim=96, dropout=0.22108253969272268, lr=0.005125134747140126",validation_search,full_rtx_pro_6000,False,cuda,NVIDIA RTX PRO 6000 Blackwell Server Edition,2.11.0+cu130,13.0,True
hyperparameter_search,movielens_100k,dnn,random_search,0.47560752497955777,0.46181243310578907,0.45665522846306666,,,,0.3489353060722351,False,42,0.06372462888248265,2318.34765625,24.3984375,1032.7,99.25645161290322,0.060000000000002274,0.0,"embedding_dim=48, hidden_dim=64, dropout=0.33974430853821613, lr=0.0074429541829455735",validation_search,full_rtx_pro_6000,False,cuda,NVIDIA RTX PRO 6000 Blackwell Server Edition,2.11.0+cu130,13.0,True
hyperparameter_search,movielens_100k,dnn,random_search,0.42871977305772524,0.44255438063888575,0.45268195773884773,,,,0.3564318001270294,False,123,0.06343286694027483,2318.34765625,24.3984375,1032.8,96.59838709677423,0.05999999999998806,0.0,"embedding_dim=48, hidden_dim=64, dropout=0.33974430853821613, lr=0.0074429541829455735",validation_search,full_rtx_pro_6000,False,cuda,NVIDIA RTX PRO 6000 Blackwell Server Edition,2.11.0+cu130,13.0,True
hyperparameter_search,movielens_100k,dnn,random_search,0.4717334115197061,0.46570773483403205,0.4557522123893805,,,,0.37088253498077395,False,456,0.06374326488003135,2318.34765625,24.3984375,1027.3,102.13387096774194,0.07000000000000739,0.0,"embedding_dim=48, hidden_dim=64, dropout=0.33974430853821613, lr=0.0074429541829455735",validation_search,full_rtx_pro_6000,False,cuda,NVIDIA RTX PRO 6000 Blackwell Server Edition,2.11.0+cu130,13.0,True
hyperparameter_search,movielens_100k,dnn,random_search,0.5075960172571476,0.48207586638886757,0.4619830232978147,,,,0.3522063583135605,False,789,0.06385543895885348,2318.34765625,24.3984375,1027.7,98.65967741935486,0.060000000000002274,0.0,"embedding_dim=48, hidden_dim=64, dropout=0.33974430853821613, lr=0.0074429541829455735",validation_search,full_rtx_pro_6000,False,cuda,NVIDIA RTX PRO 6000 Blackwell Server Edition,2.11.0+cu130,13.0,True
hyperparameter_search,movielens_100k,dnn,random_search,0.4614105368749394,0.45746638948202467,0.4535849738125339,,,,0.3420192629098892,False,2026,0.06402478320524096,2318.34765625,24.3984375,1028.7,99.39032258064518,0.06999999999999318,0.0,"embedding_dim=48, hidden_dim=64, dropout=0.33974430853821613, lr=0.0074429541829455735",validation_search,full_rtx_pro_6000,False,cuda,NVIDIA RTX PRO 6000 Blackwell Server Edition,2.11.0+cu130,13.0,True
hyperparameter_search,movielens_100k,dnn,random_search,0.5476507899034029,0.5070107922210542,0.4737222322557342,,,,0.3544408529996872,False,42,0.064063053810969,2318.34765625,24.9921875,1029.9,101.86774193548385,0.060000000000002274,0.010000000000000009,"embedding_dim=48, hidden_dim=96, dropout=0.06812354774818864, lr=0.0022912116268153327",validation_search,full_rtx_pro_6000,False,cuda,NVIDIA RTX PRO 6000 Blackwell Server Edition,2.11.0+cu130,13.0,True
hyperparameter_search,movielens_100k,dnn,random_search,0.52783701572644,0.4983598170843022,0.47092288242730723,,,,0.3581969439983368,False,123,0.06377020198851824,2318.34765625,24.9921875,1028.3,98.58225806451613,0.060000000000002274,0.0,"embedding_dim=48, hidden_dim=96, dropout=0.06812354774818864, lr=0.0022912116268153327",validation_search,full_rtx_pro_6000,False,cuda,NVIDIA RTX PRO 6000 Blackwell Server Edition,2.11.0+cu130,13.0,True
hyperparameter_search,movielens_100k,dnn,random_search,0.5418099866956393,0.5087775810786814,0.4762506772620553,,,,0.37179391980171206,False,456,0.06393831293098629,2318.34765625,24.9921875,1027.8,102.13548387096776,0.06999999999999318,0.0,"embedding_dim=48, hidden_dim=96, dropout=0.06812354774818864, lr=0.0022912116268153327",validation_search,full_rtx_pro_6000,False,cuda,NVIDIA RTX PRO 6000 Blackwell Server Edition,2.11.0+cu130,13.0,True
hyperparameter_search,movielens_100k,dnn,random_search,0.5318245729249328,0.4979806545277802,0.46315694419360665,,,,0.3494141519069672,False,789,0.06369850202463567,2318.34765625,24.9921875,1029.3,98.97096774193547,0.060000000000002274,0.0,"embedding_dim=48, hidden_dim=96, dropout=0.06812354774818864, lr=0.0022912116268153327",validation_search,full_rtx_pro_6000,False,cuda,NVIDIA RTX PRO 6000 Blackwell Server Edition,2.11.0+cu130,13.0,True
hyperparameter_search,movielens_100k,dnn,random_search,0.5322666871156779,0.49830862973771406,0.4685750406357233,,,,0.34256229996681214,False,2026,0.06384095922112465,2318.34765625,24.9921875,1031.3,98.30806451612905,0.060000000000002274,0.0,"embedding_dim=48, hidden_dim=96, dropout=0.06812354774818864, lr=0.0022912116268153327",validation_search,full_rtx_pro_6000,False,cuda,NVIDIA RTX PRO 6000 Blackwell Server Edition,2.11.0+cu130,13.0,True
hyperparameter_search,movielens_100k,dnn,random_search,0.5123723639701773,0.48350215228662585,0.46270543615676357,,,,0.3530444473028183,False,42,0.06344889895990491,2318.34765625,22.384765625,1025.1,101.0483870967742,0.07000000000000739,0.0,"embedding_dim=32, hidden_dim=32, dropout=0.054001322223641735, lr=0.004165419481637718",validation_search,full_rtx_pro_6000,False,cuda,NVIDIA RTX PRO 6000 Blackwell Server Edition,2.11.0+cu130,13.0,True
hyperparameter_search,movielens_100k,dnn,random_search,0.5080560547757775,0.4877921470791518,0.4685750406357233,,,,0.35688947439193724,False,123,0.06369325495325029,2318.34765625,22.384765625,1031.3,99.0741935483871,0.05999999999998806,0.0,"embedding_dim=32, hidden_dim=32, dropout=0.054001322223641735, lr=0.004165419481637718",validation_search,full_rtx_pro_6000,False,cuda,NVIDIA RTX PRO 6000 Blackwell Server Edition,2.11.0+cu130,13.0,True
hyperparameter_search,movielens_100k,dnn,random_search,0.5153001126707034,0.49019508840119574,0.46523388116308473,,,,0.3701312243938446,False,456,0.06357386079616845,2318.34765625,22.384765625,1030.8,102.1935483870968,0.07000000000000739,0.0,"embedding_dim=32, hidden_dim=32, dropout=0.054001322223641735, lr=0.004165419481637718",validation_search,full_rtx_pro_6000,False,cuda,NVIDIA RTX PRO 6000 Blackwell Server Edition,2.11.0+cu130,13.0,True
hyperparameter_search,movielens_100k,dnn,random_search,0.4925764968123386,0.4779528566237475,0.465865992414665,,,,0.3587572067975998,False,789,0.06362375011667609,2318.34765625,22.384765625,1036.8,97.02096774193548,0.060000000000002274,0.0,"embedding_dim=32, hidden_dim=32, dropout=0.054001322223641735, lr=0.004165419481637718",validation_search,full_rtx_pro_6000,False,cuda,NVIDIA RTX PRO 6000 Blackwell Server Edition,2.11.0+cu130,13.0,True
hyperparameter_search,movielens_100k,dnn,random_search,0.5402616329655371,0.5016450646882722,0.46830413581361746,,,,0.3436137944459915,False,2026,0.06342373508960009,2318.34765625,22.384765625,1031.1,96.39032258064515,0.060000000000002274,0.0,"embedding_dim=32, hidden_dim=32, dropout=0.054001322223641735, lr=0.004165419481637718",validation_search,full_rtx_pro_6000,False,cuda,NVIDIA RTX PRO 6000 Blackwell Server Edition,2.11.0+cu130,13.0,True
hyperparameter_search,movielens_100k,dnn,random_search,0.6268127798970651,0.5672016127098403,0.5250135452411053,,,,0.3871695965528488,False,42,0.06380264717154205,2318.34765625,24.9921875,1029.0,86.50967741935483,0.060000000000002274,0.0,"embedding_dim=48, hidden_dim=96, dropout=0.3386284063519735, lr=0.001552352801502279",validation_search,full_rtx_pro_6000,False,cuda,NVIDIA RTX PRO 6000 Blackwell Server Edition,2.11.0+cu130,13.0,True
hyperparameter_search,movielens_100k,dnn,random_search,0.565561560042545,0.523831652707374,0.4844681235325989,,,,0.38220603168010714,False,123,0.06363863102160394,2318.34765625,24.9921875,1030.5,115.43225806451612,0.060000000000002274,0.010000000000000009,"embedding_dim=48, hidden_dim=96, dropout=0.3386284063519735, lr=0.001552352801502279",validation_search,full_rtx_pro_6000,False,cuda,NVIDIA RTX PRO 6000 Blackwell Server Edition,2.11.0+cu130,13.0,True
hyperparameter_search,movielens_100k,dnn,random_search,0.600494843675474,0.5510725861115734,0.49765215820841613,,,,0.3845171332359314,False,456,0.06390555808320642,2318.34765625,24.9921875,1032.0,98.69516129032259,0.060000000000002274,0.0,"embedding_dim=48, hidden_dim=96, dropout=0.3386284063519735, lr=0.001552352801502279",validation_search,full_rtx_pro_6000,False,cuda,NVIDIA RTX PRO 6000 Blackwell Server Edition,2.11.0+cu130,13.0,True
hyperparameter_search,movielens_100k,dnn,random_search,0.5897620646421211,0.5387181781445867,0.4870868701462886,,,,0.37179163098335266,False,789,0.06361560779623687,2318.34765625,24.9921875,1027.7,86.27903225806452,0.060000000000002274,0.0,"embedding_dim=48, hidden_dim=96, dropout=0.3386284063519735, lr=0.001552352801502279",validation_search,full_rtx_pro_6000,False,cuda,NVIDIA RTX PRO 6000 Blackwell Server Edition,2.11.0+cu130,13.0,True
hyperparameter_search,movielens_100k,dnn,random_search,0.5830142334055669,0.533228146457893,0.48672566371681414,,,,0.36421787142753603,False,2026,0.0637562619522214,2318.34765625,24.9921875,1027.6,98.78064516129032,0.060000000000002274,0.0,"embedding_dim=48, hidden_dim=96, dropout=0.3386284063519735, lr=0.001552352801502279",validation_search,full_rtx_pro_6000,False,cuda,NVIDIA RTX PRO 6000 Blackwell Server Edition,2.11.0+cu130,13.0,True
hyperparameter_search,movielens_100k,dnn,random_search,0.6524816763735866,0.591471858528144,0.6029438324002168,,,,0.5153501719236374,False,42,0.06368927005678415,2318.34765625,24.3984375,1036.8,99.67903225806452,0.06999999999999318,0.0,"embedding_dim=48, hidden_dim=64, dropout=0.16434453394653276, lr=0.0010650392934865914",validation_search,full_rtx_pro_6000,False,cuda,NVIDIA RTX PRO 6000 Blackwell Server Edition,2.11.0+cu130,13.0,True
hyperparameter_search,movielens_100k,dnn,random_search,0.6147893092421192,0.5569972560230252,0.5145385587863464,,,,0.5055613785982132,False,123,0.06351232691667974,2318.34765625,24.3984375,1032.3,86.7741935483871,0.060000000000002274,0.0,"embedding_dim=48, hidden_dim=64, dropout=0.16434453394653276, lr=0.0010650392934865914",validation_search,full_rtx_pro_6000,False,cuda,NVIDIA RTX PRO 6000 Blackwell Server Edition,2.11.0+cu130,13.0,True
hyperparameter_search,movielens_100k,dnn,random_search,0.6155322874481679,0.5564599773794886,0.4960267292757811,,,,0.5150664210319519,False,456,0.06377669097855687,2318.34765625,24.3984375,1033.5,98.9870967741935,0.060000000000002274,0.0,"embedding_dim=48, hidden_dim=64, dropout=0.16434453394653276, lr=0.0010650392934865914",validation_search,full_rtx_pro_6000,False,cuda,NVIDIA RTX PRO 6000 Blackwell Server Edition,2.11.0+cu130,13.0,True
hyperparameter_search,movielens_100k,dnn,random_search,0.6385313419640817,0.5842315153271693,0.5819938594906989,,,,0.509076076745987,False,789,0.06353756203316152,2318.34765625,24.3984375,1029.0,86.2,0.060000000000002274,0.0,"embedding_dim=48, hidden_dim=64, dropout=0.16434453394653276, lr=0.0010650392934865914",validation_search,full_rtx_pro_6000,False,cuda,NVIDIA RTX PRO 6000 Blackwell Server Edition,2.11.0+cu130,13.0,True
hyperparameter_search,movielens_100k,dnn,random_search,0.6287080209648466,0.5723996539420138,0.5697128408885678,,,,0.5137677282094956,False,2026,0.06487986003048718,2318.34765625,24.3984375,1020.2,94.97741935483873,0.05999999999998806,0.0,"embedding_dim=48, hidden_dim=64, dropout=0.16434453394653276, lr=0.0010650392934865914",validation_search,full_rtx_pro_6000,False,cuda,NVIDIA RTX PRO 6000 Blackwell Server Edition,2.11.0+cu130,13.0,True
hyperparameter_search,movielens_100k,dnn,random_search,0.6556721755159252,0.5964740994153764,0.5958100054180965,,,,0.5582369863986969,False,42,0.06389457313343883,2318.34765625,22.384765625,1027.5,100.50483870967746,0.07000000000000739,0.0,"embedding_dim=32, hidden_dim=32, dropout=0.1664967241790768, lr=0.001181112372404054",validation_search,full_rtx_pro_6000,False,cuda,NVIDIA RTX PRO 6000 Blackwell Server Edition,2.11.0+cu130,13.0,True
hyperparameter_search,movielens_100k,dnn,random_search,0.6406283713266026,0.580787284225448,0.5772981759075312,,,,0.5832402527332305,False,123,0.06393176410347223,2318.34765625,22.384765625,1033.8,113.1467741935484,0.060000000000002274,0.010000000000000009,"embedding_dim=32, hidden_dim=32, dropout=0.1664967241790768, lr=0.001181112372404054",validation_search,full_rtx_pro_6000,False,cuda,NVIDIA RTX PRO 6000 Blackwell Server Edition,2.11.0+cu130,13.0,True
hyperparameter_search,movielens_100k,dnn,random_search,0.576551348833984,0.5243175366039405,0.4778761061946903,,,,0.5960539638996124,False,456,0.0636726280208677,2318.34765625,22.384765625,1037.6,98.71774193548387,0.060000000000002274,0.0,"embedding_dim=32, hidden_dim=32, dropout=0.1664967241790768, lr=0.001181112372404054",validation_search,full_rtx_pro_6000,False,cuda,NVIDIA RTX PRO 6000 Blackwell Server Edition,2.11.0+cu130,13.0,True
hyperparameter_search,movielens_100k,dnn,random_search,0.622869664071171,0.5664165104718427,0.5841610980675456,,,,0.5797817468643188,False,789,0.06383475079201162,2318.34765625,22.384765625,1034.6,86.61451612903225,0.060000000000002274,0.0,"embedding_dim=32, hidden_dim=32, dropout=0.1664967241790768, lr=0.001181112372404054",validation_search,full_rtx_pro_6000,False,cuda,NVIDIA RTX PRO 6000 Blackwell Server Edition,2.11.0+cu130,13.0,True
hyperparameter_search,movielens_100k,dnn,random_search,0.6114161356724488,0.5516389070955969,0.5315152609716453,,,,0.5942497611045837,False,2026,0.0637462988961488,2318.34765625,22.384765625,1028.4,99.01290322580647,0.060000000000002274,0.0,"embedding_dim=32, hidden_dim=32, dropout=0.1664967241790768, lr=0.001181112372404054",validation_search,full_rtx_pro_6000,False,cuda,NVIDIA RTX PRO 6000 Blackwell Server Edition,2.11.0+cu130,13.0,True
hyperparameter_search,movielens_100k,dnn,random_search,0.47247704207617836,0.4623754067694995,0.45665522846306666,,,,0.34685221016407014,False,42,0.06388019397854805,2318.34765625,23.509765625,1028.3,98.48387096774195,0.060000000000002274,0.0,"embedding_dim=32, hidden_dim=96, dropout=0.15300317160531574, lr=0.006298162115926124",validation_search,full_rtx_pro_6000,False,cuda,NVIDIA RTX PRO 6000 Blackwell Server Edition,2.11.0+cu130,13.0,True
hyperparameter_search,movielens_100k,dnn,random_search,0.4342112099962004,0.4462547961145823,0.4553007043525375,,,,0.35339892506599424,False,123,0.06365182902663946,2318.34765625,23.509765625,1026.6,86.58387096774192,0.060000000000002274,0.0,"embedding_dim=32, hidden_dim=96, dropout=0.15300317160531574, lr=0.006298162115926124",validation_search,full_rtx_pro_6000,False,cuda,NVIDIA RTX PRO 6000 Blackwell Server Edition,2.11.0+cu130,13.0,True
hyperparameter_search,movielens_100k,dnn,random_search,0.48933305943313554,0.47707601357799506,0.4611703088314972,,,,0.36219280362129214,False,456,0.06386932800523937,2318.34765625,23.509765625,1026.0,96.12580645161287,0.060000000000002274,0.0,"embedding_dim=32, hidden_dim=96, dropout=0.15300317160531574, lr=0.006298162115926124",validation_search,full_rtx_pro_6000,False,cuda,NVIDIA RTX PRO 6000 Blackwell Server Edition,2.11.0+cu130,13.0,True
hyperparameter_search,movielens_100k,dnn,random_search,0.4934274553222319,0.47651296640722735,0.46017699115044247,,,,0.34739274680614474,False,789,0.06361801200546324,2318.34765625,23.509765625,1025.7,100.56935483870967,0.07000000000000739,0.0,"embedding_dim=32, hidden_dim=96, dropout=0.15300317160531574, lr=0.006298162115926124",validation_search,full_rtx_pro_6000,False,cuda,NVIDIA RTX PRO 6000 Blackwell Server Edition,2.11.0+cu130,13.0,True
hyperparameter_search,movielens_100k,dnn,random_search,0.5033336574427687,0.47783651950569117,0.45800975257359583,,,,0.34220667779445646,False,2026,0.06442220997996628,2318.34765625,23.509765625,1028.4,94.1758064516129,0.05999999999998806,0.0,"embedding_dim=32, hidden_dim=96, dropout=0.15300317160531574, lr=0.006298162115926124",validation_search,full_rtx_pro_6000,False,cuda,NVIDIA RTX PRO 6000 Blackwell Server Edition,2.11.0+cu130,13.0,True
hyperparameter_search,movielens_100k,dnn,random_search,0.4769935576155405,0.46411640200005055,0.456113418818855,,,,0.3469436764717102,False,42,0.06383504089899361,2318.34765625,23.509765625,1032.7,95.92741935483868,0.060000000000002274,0.0,"embedding_dim=32, hidden_dim=96, dropout=0.10932832448371436, lr=0.0062908852245340775",validation_search,full_rtx_pro_6000,False,cuda,NVIDIA RTX PRO 6000 Blackwell Server Edition,2.11.0+cu130,13.0,True
hyperparameter_search,movielens_100k,dnn,random_search,0.44291832680335996,0.4504926280428285,0.4562037204262236,,,,0.35241509079933164,False,123,0.06365904910489917,2318.34765625,23.509765625,1030.5,100.09838709677419,0.060000000000002274,0.010000000000000009,"embedding_dim=32, hidden_dim=96, dropout=0.10932832448371436, lr=0.0062908852245340775",validation_search,full_rtx_pro_6000,False,cuda,NVIDIA RTX PRO 6000 Blackwell Server Edition,2.11.0+cu130,13.0,True
hyperparameter_search,movielens_100k,dnn,random_search,0.487182977672426,0.4761774649142775,0.4613509120462344,,,,0.36118155121803286,False,456,0.06390981399454176,2318.34765625,23.509765625,1028.5,96.33548387096774,0.060000000000002274,0.0,"embedding_dim=32, hidden_dim=96, dropout=0.10932832448371436, lr=0.0062908852245340775",validation_search,full_rtx_pro_6000,False,cuda,NVIDIA RTX PRO 6000 Blackwell Server Edition,2.11.0+cu130,13.0,True
hyperparameter_search,movielens_100k,dnn,random_search,0.4935452208824285,0.47701296417369876,0.46162181686834025,,,,0.3467411309480667,False,789,0.0636788159608841,2318.34765625,23.509765625,1028.4,97.9564516129032,0.05999999999998806,0.0,"embedding_dim=32, hidden_dim=96, dropout=0.10932832448371436, lr=0.0062908852245340775",validation_search,full_rtx_pro_6000,False,cuda,NVIDIA RTX PRO 6000 Blackwell Server Edition,2.11.0+cu130,13.0,True
hyperparameter_search,movielens_100k,dnn,random_search,0.49138404916452016,0.4711102276497866,0.4554813075672747,,,,0.3405712187290192,False,2026,0.06374205206520855,2318.34765625,23.509765625,1031.0,84.33064516129035,0.060000000000002274,0.0,"embedding_dim=32, hidden_dim=96, dropout=0.10932832448371436, lr=0.0062908852245340775",validation_search,full_rtx_pro_6000,False,cuda,NVIDIA RTX PRO 6000 Blackwell Server Edition,2.11.0+cu130,13.0,True
hyperparameter_search,movielens_100k,dnn,random_search,0.6319503982746113,0.5742464720665371,0.5502979953043164,,,,0.434497207403183,False,42,0.06344405189156532,2318.34765625,23.509765625,1033.3,86.67580645161287,0.060000000000002274,0.0,"embedding_dim=32, hidden_dim=96, dropout=0.13561743266056106, lr=0.001399567099557049",validation_search,full_rtx_pro_6000,False,cuda,NVIDIA RTX PRO 6000 Blackwell Server Edition,2.11.0+cu130,13.0,True
hyperparameter_search,movielens_100k,dnn,random_search,0.5518147426564016,0.5093836423400165,0.46938775510204084,,,,0.441546893119812,False,123,0.06374112097546458,2318.34765625,23.509765625,1035.3,96.6483870967742,0.060000000000002274,0.0,"embedding_dim=32, hidden_dim=96, dropout=0.13561743266056106, lr=0.001399567099557049",validation_search,full_rtx_pro_6000,False,cuda,NVIDIA RTX PRO 6000 Blackwell Server Edition,2.11.0+cu130,13.0,True
hyperparameter_search,movielens_100k,dnn,random_search,0.5983574827480223,0.5471410940338964,0.5047859851905364,,,,0.44417538344860075,False,456,0.06374272401444614,2318.34765625,23.509765625,1024.9,101.94999999999999,0.06999999999999318,0.0,"embedding_dim=32, hidden_dim=96, dropout=0.13561743266056106, lr=0.001399567099557049",validation_search,full_rtx_pro_6000,False,cuda,NVIDIA RTX PRO 6000 Blackwell Server Edition,2.11.0+cu130,13.0,True
hyperparameter_search,movielens_100k,dnn,random_search,0.6326036130623909,0.5822057957040114,0.5679971103485641,,,,0.45202617943286894,False,789,0.06394854793325067,2318.34765625,23.509765625,1026.5,98.8951612903226,0.060000000000002274,0.0,"embedding_dim=32, hidden_dim=96, dropout=0.13561743266056106, lr=0.001399567099557049",validation_search,full_rtx_pro_6000,False,cuda,NVIDIA RTX PRO 6000 Blackwell Server Edition,2.11.0+cu130,13.0,True
hyperparameter_search,movielens_100k,dnn,random_search,0.6525389690495277,0.5924165821444839,0.5716994762506773,,,,0.42843541502952576,False,2026,0.06361166294664145,2318.34765625,23.509765625,1030.8,102.43548387096773,0.06999999999999318,0.0,"embedding_dim=32, hidden_dim=96, dropout=0.13561743266056106, lr=0.001399567099557049",validation_search,full_rtx_pro_6000,False,cuda,NVIDIA RTX PRO 6000 Blackwell Server Edition,2.11.0+cu130,13.0,True
hyperparameter_search,movielens_100k,dnn,random_search,0.6594058053120829,0.6011662356696224,0.5875022575401843,,,,0.5846185624599457,False,42,0.06306165619753301,2318.34765625,22.02734375,1045.8,98.22741935483867,0.060000000000002274,0.0,"embedding_dim=16, hidden_dim=96, dropout=0.04891336926325843, lr=0.0010962001141747336",validation_search,full_rtx_pro_6000,False,cuda,NVIDIA RTX PRO 6000 Blackwell Server Edition,2.11.0+cu130,13.0,True
hyperparameter_search,movielens_100k,dnn,random_search,0.6394834963334155,0.5825099828325228,0.5767563662633195,,,,0.5827563524246215,False,123,0.06287434697151184,2318.34765625,22.02734375,1048.9,116.50645161290323,0.060000000000002274,0.010000000000000009,"embedding_dim=16, hidden_dim=96, dropout=0.04891336926325843, lr=0.0010962001141747336",validation_search,full_rtx_pro_6000,False,cuda,NVIDIA RTX PRO 6000 Blackwell Server Edition,2.11.0+cu130,13.0,True
hyperparameter_search,movielens_100k,dnn,random_search,0.6754656779034788,0.616013962176233,0.6118836915297092,,,,0.5842451870441436,False,456,0.06293162680231035,2318.34765625,22.02734375,1042.1,97.6016129032258,0.07000000000000739,0.0,"embedding_dim=16, hidden_dim=96, dropout=0.04891336926325843, lr=0.0010962001141747336",validation_search,full_rtx_pro_6000,False,cuda,NVIDIA RTX PRO 6000 Blackwell Server Edition,2.11.0+cu130,13.0,True
hyperparameter_search,movielens_100k,dnn,random_search,0.6221400753575638,0.5702766393223231,0.554813075672747,,,,0.5965908348560334,False,789,0.06269336794503033,2318.34765625,22.02734375,1041.7,87.78548387096775,0.05999999999998806,0.0,"embedding_dim=16, hidden_dim=96, dropout=0.04891336926325843, lr=0.0010962001141747336",validation_search,full_rtx_pro_6000,False,cuda,NVIDIA RTX PRO 6000 Blackwell Server Edition,2.11.0+cu130,13.0,True
hyperparameter_search,movielens_100k,dnn,random_search,0.6660352675642985,0.606651010275806,0.5932815604117754,,,,0.6000696659088135,False,2026,0.06286233104765415,2318.34765625,22.02734375,1042.3,85.07096774193546,0.060000000000002274,0.0,"embedding_dim=16, hidden_dim=96, dropout=0.04891336926325843, lr=0.0010962001141747336",validation_search,full_rtx_pro_6000,False,cuda,NVIDIA RTX PRO 6000 Blackwell Server Edition,2.11.0+cu130,13.0,True
hyperparameter_search,movielens_100k,dnn,random_search,0.524488615164101,0.48879387995370316,0.4599060863283366,,,,0.35835946798324586,False,42,0.06364290602505207,2318.34765625,24.0546875,1037.6,99.18870967741937,0.060000000000002274,0.0,"embedding_dim=48, hidden_dim=32, dropout=0.27542353212574844, lr=0.003961147623299825",validation_search,full_rtx_pro_6000,False,cuda,NVIDIA RTX PRO 6000 Blackwell Server Edition,2.11.0+cu130,13.0,True
hyperparameter_search,movielens_100k,dnn,random_search,0.5079313906098528,0.48493082169570745,0.4624345313346578,,,,0.36279978454113004,False,123,0.06368058803491294,2318.34765625,24.0546875,1024.3,98.26935483870972,0.07000000000000739,0.0,"embedding_dim=48, hidden_dim=32, dropout=0.27542353212574844, lr=0.003961147623299825",validation_search,full_rtx_pro_6000,False,cuda,NVIDIA RTX PRO 6000 Blackwell Server Edition,2.11.0+cu130,13.0,True
hyperparameter_search,movielens_100k,dnn,random_search,0.5331862239638384,0.5013436438222006,0.4731804226115225,,,,0.3799071401357651,False,456,0.06371585698798299,2318.34765625,24.0546875,1028.7,96.59193548387097,0.05999999999998806,0.0,"embedding_dim=48, hidden_dim=32, dropout=0.27542353212574844, lr=0.003961147623299825",validation_search,full_rtx_pro_6000,False,cuda,NVIDIA RTX PRO 6000 Blackwell Server Edition,2.11.0+cu130,13.0,True
hyperparameter_search,movielens_100k,dnn,random_search,0.49727319153866273,0.4775296108659842,0.45755824453675276,,,,0.35712026953697207,False,789,0.06351386895403266,2318.34765625,24.0546875,1033.1,98.78225806451611,0.060000000000002274,0.0,"embedding_dim=48, hidden_dim=32, dropout=0.27542353212574844, lr=0.003961147623299825",validation_search,full_rtx_pro_6000,False,cuda,NVIDIA RTX PRO 6000 Blackwell Server Edition,2.11.0+cu130,13.0,True
hyperparameter_search,movielens_100k,dnn,random_search,0.5272177883957232,0.4936129694519984,0.46405996026729274,,,,0.34891912043094636,False,2026,0.06399548193439841,2318.34765625,24.0546875,1030.1,98.83709677419355,0.060000000000002274,0.0,"embedding_dim=48, hidden_dim=32, dropout=0.27542353212574844, lr=0.003961147623299825",validation_search,full_rtx_pro_6000,False,cuda,NVIDIA RTX PRO 6000 Blackwell Server Edition,2.11.0+cu130,13.0,True
hyperparameter_search,movielens_100k,dnn,random_search,0.5945263754898378,0.5405294283980645,0.4938594906989344,,,,0.3623093754053116,False,42,0.06380432890728116,2318.34765625,23.509765625,1030.4,95.81290322580647,0.060000000000002274,0.0,"embedding_dim=32, hidden_dim=96, dropout=0.27325516085768875, lr=0.002242326919056276",validation_search,full_rtx_pro_6000,False,cuda,NVIDIA RTX PRO 6000 Blackwell Server Edition,2.11.0+cu130,13.0,True
hyperparameter_search,movielens_100k,dnn,random_search,0.5449940275687856,0.5067665041339262,0.4717355968936247,,,,0.3588391214609146,False,123,0.06392907095141709,2318.34765625,23.509765625,1024.9,98.71451612903228,0.060000000000002274,0.0,"embedding_dim=32, hidden_dim=96, dropout=0.27325516085768875, lr=0.002242326919056276",validation_search,full_rtx_pro_6000,False,cuda,NVIDIA RTX PRO 6000 Blackwell Server Edition,2.11.0+cu130,13.0,True
hyperparameter_search,movielens_100k,dnn,random_search,0.5625399218073212,0.5216721485855732,0.47923063030521945,,,,0.3721898287534714,False,456,0.06370793585665524,2318.34765625,23.509765625,1024.7,114.71935483870963,0.060000000000002274,0.010000000000000009,"embedding_dim=32, hidden_dim=96, dropout=0.27325516085768875, lr=0.002242326919056276",validation_search,full_rtx_pro_6000,False,cuda,NVIDIA RTX PRO 6000 Blackwell Server Edition,2.11.0+cu130,13.0,True
hyperparameter_search,movielens_100k,dnn,random_search,0.6043725450626548,0.5551154398964191,0.5065920173379086,,,,0.35941433608531953,False,789,0.06377963512204587,2318.34765625,23.509765625,1033.7,98.48225806451615,0.060000000000002274,0.0,"embedding_dim=32, hidden_dim=96, dropout=0.27325516085768875, lr=0.002242326919056276",validation_search,full_rtx_pro_6000,False,cuda,NVIDIA RTX PRO 6000 Blackwell Server Edition,2.11.0+cu130,13.0,True
hyperparameter_search,movielens_100k,dnn,random_search,0.6099007908737741,0.5515204393764059,0.49927758714105114,,,,0.35045908093452455,False,2026,0.06369154388085008,2318.34765625,23.509765625,1033.1,86.62096774193549,0.06999999999999318,0.0,"embedding_dim=32, hidden_dim=96, dropout=0.27325516085768875, lr=0.002242326919056276",validation_search,full_rtx_pro_6000,False,cuda,NVIDIA RTX PRO 6000 Blackwell Server Edition,2.11.0+cu130,13.0,True
hyperparameter_search,movielens_100k,dnn,random_search,0.6318706973616242,0.5724733931094955,0.5689001264222503,,,,0.6086260080337524,False,42,0.06406593881547451,2318.34765625,22.947265625,1026.1,96.44193548387096,0.060000000000002274,0.0,"embedding_dim=32, hidden_dim=64, dropout=0.0489289493446801, lr=0.000865836895470935",validation_search,full_rtx_pro_6000,False,cuda,NVIDIA RTX PRO 6000 Blackwell Server Edition,2.11.0+cu130,13.0,True
hyperparameter_search,movielens_100k,dnn,random_search,0.6008070422793854,0.5464080869743975,0.5368430558063934,,,,0.5980798125267028,False,123,0.06355241197161376,2318.34765625,22.947265625,1029.7,96.23709677419353,0.060000000000002274,0.0,"embedding_dim=32, hidden_dim=64, dropout=0.0489289493446801, lr=0.000865836895470935",validation_search,full_rtx_pro_6000,False,cuda,NVIDIA RTX PRO 6000 Blackwell Server Edition,2.11.0+cu130,13.0,True
hyperparameter_search,movielens_100k,dnn,random_search,0.6100016279404817,0.5542012996338828,0.5131840346758172,,,,0.5965017557144165,False,456,0.0638061510398984,2318.34765625,22.947265625,1027.6,98.50806451612901,0.06999999999999318,0.0,"embedding_dim=32, hidden_dim=64, dropout=0.0489289493446801, lr=0.000865836895470935",validation_search,full_rtx_pro_6000,False,cuda,NVIDIA RTX PRO 6000 Blackwell Server Edition,2.11.0+cu130,13.0,True
hyperparameter_search,movielens_100k,dnn,random_search,0.6089228849714738,0.5521736307796202,0.5159833845042442,,,,0.6033033668994904,False,789,0.06362651311792433,2318.34765625,22.947265625,1032.4,112.8467741935484,0.060000000000002274,0.010000000000000009,"embedding_dim=32, hidden_dim=64, dropout=0.0489289493446801, lr=0.000865836895470935",validation_search,full_rtx_pro_6000,False,cuda,NVIDIA RTX PRO 6000 Blackwell Server Edition,2.11.0+cu130,13.0,True
hyperparameter_search,movielens_100k,dnn,random_search,0.6177783951912119,0.5564149676053955,0.5796460176991151,,,,0.6084469079971313,False,2026,0.06397306104190648,2318.34765625,22.947265625,1028.3,98.56612903225808,0.060000000000002274,0.0,"embedding_dim=32, hidden_dim=64, dropout=0.0489289493446801, lr=0.000865836895470935",validation_search,full_rtx_pro_6000,False,cuda,NVIDIA RTX PRO 6000 Blackwell Server Edition,2.11.0+cu130,13.0,True
hyperparameter_search,movielens_100k,dnn,random_search,0.5436021890140339,0.5040099253120627,0.47390283547047135,,,,0.3551622062921524,False,42,0.06382389506325126,2318.34765625,23.509765625,1025.9,99.31612903225809,0.07000000000000739,0.0,"embedding_dim=32, hidden_dim=96, dropout=0.16488367215009636, lr=0.003008038065519179",validation_search,full_rtx_pro_6000,False,cuda,NVIDIA RTX PRO 6000 Blackwell Server Edition,2.11.0+cu130,13.0,True
hyperparameter_search,movielens_100k,dnn,random_search,0.510661509749589,0.48582903940830413,0.4650532779483475,,,,0.35729454457759857,False,123,0.06363307312130928,2318.34765625,23.509765625,1028.3,98.89354838709679,0.05999999999998806,0.0,"embedding_dim=32, hidden_dim=96, dropout=0.16488367215009636, lr=0.003008038065519179",validation_search,full_rtx_pro_6000,False,cuda,NVIDIA RTX PRO 6000 Blackwell Server Edition,2.11.0+cu130,13.0,True
hyperparameter_search,movielens_100k,dnn,random_search,0.5261640141391735,0.4977314747645693,0.46983926313888386,,,,0.3699554860591888,False,456,0.06376193999312818,2318.34765625,23.509765625,1036.5,95.83870967741936,0.060000000000002274,0.0,"embedding_dim=32, hidden_dim=96, dropout=0.16488367215009636, lr=0.003008038065519179",validation_search,full_rtx_pro_6000,False,cuda,NVIDIA RTX PRO 6000 Blackwell Server Edition,2.11.0+cu130,13.0,True
hyperparameter_search,movielens_100k,dnn,random_search,0.5523552639085269,0.512939931275411,0.47543796279573775,,,,0.35400291681289675,False,789,0.06378201791085303,2318.34765625,23.509765625,1027.1,98.88709677419357,0.04999999999999716,0.010000000000000009,"embedding_dim=32, hidden_dim=96, dropout=0.16488367215009636, lr=0.003008038065519179",validation_search,full_rtx_pro_6000,False,cuda,NVIDIA RTX PRO 6000 Blackwell Server Edition,2.11.0+cu130,13.0,True
hyperparameter_search,movielens_100k,dnn,random_search,0.555168655579819,0.5101295000541606,0.4741737402925772,,,,0.3458176076412201,False,2026,0.06395661807619035,2318.34765625,23.509765625,1019.2,100.01774193548385,0.07000000000000739,0.0,"embedding_dim=32, hidden_dim=96, dropout=0.16488367215009636, lr=0.003008038065519179",validation_search,full_rtx_pro_6000,False,cuda,NVIDIA RTX PRO 6000 Blackwell Server Edition,2.11.0+cu130,13.0,True
hyperparameter_search,movielens_100k,dnn,random_search,0.6052185457093298,0.5463635113964759,0.4975618566010475,,,,0.360072061419487,False,42,0.06284996401518583,2318.34765625,22.02734375,1048.4,100.40161290322577,0.05999999999998806,0.0,"embedding_dim=16, hidden_dim=96, dropout=0.22215141200020677, lr=0.0029126968141823324",validation_search,full_rtx_pro_6000,False,cuda,NVIDIA RTX PRO 6000 Blackwell Server Edition,2.11.0+cu130,13.0,True
hyperparameter_search,movielens_100k,dnn,random_search,0.5538704619283563,0.515167109569051,0.4784179158389019,,,,0.3646078586578369,False,123,0.06287466804496944,2318.34765625,22.02734375,1039.4,100.36290322580643,0.060000000000002274,0.0,"embedding_dim=16, hidden_dim=96, dropout=0.22215141200020677, lr=0.0029126968141823324",validation_search,full_rtx_pro_6000,False,cuda,NVIDIA RTX PRO 6000 Blackwell Server Edition,2.11.0+cu130,13.0,True
hyperparameter_search,movielens_100k,dnn,random_search,0.5874824260873107,0.5371411863509663,0.4860935524652339,,,,0.37511115372180937,False,456,0.06275573396123946,2318.34765625,22.02734375,1040.0,99.97258064516129,0.060000000000002274,0.0,"embedding_dim=16, hidden_dim=96, dropout=0.22215141200020677, lr=0.0029126968141823324",validation_search,full_rtx_pro_6000,False,cuda,NVIDIA RTX PRO 6000 Blackwell Server Edition,2.11.0+cu130,13.0,True
hyperparameter_search,movielens_100k,dnn,random_search,0.5657109319807586,0.5241239567154072,0.48112696405996025,,,,0.35902312994003294,False,789,0.06282928492873907,2318.34765625,22.02734375,1045.3,87.9225806451613,0.060000000000002274,0.0,"embedding_dim=16, hidden_dim=96, dropout=0.22215141200020677, lr=0.0029126968141823324",validation_search,full_rtx_pro_6000,False,cuda,NVIDIA RTX PRO 6000 Blackwell Server Edition,2.11.0+cu130,13.0,True
hyperparameter_search,movielens_100k,dnn,random_search,0.595709396674037,0.5382735578956003,0.48844139425681776,,,,0.3498967379331589,False,2026,0.06265355413779616,2318.34765625,22.02734375,1043.8,85.30967741935484,0.05999999999998806,0.0,"embedding_dim=16, hidden_dim=96, dropout=0.22215141200020677, lr=0.0029126968141823324",validation_search,full_rtx_pro_6000,False,cuda,NVIDIA RTX PRO 6000 Blackwell Server Edition,2.11.0+cu130,13.0,True
hyperparameter_search,movielens_100k,dnn,random_search,0.6355182821369265,0.5810879289375788,0.558063933538017,,,,0.6628087043762207,False,42,0.06313783093355596,2318.34765625,21.49609375,1041.0,100.33064516129033,0.060000000000002274,0.0,"embedding_dim=16, hidden_dim=64, dropout=0.10638253432191426, lr=0.0006870390171640847",validation_search,full_rtx_pro_6000,False,cuda,NVIDIA RTX PRO 6000 Blackwell Server Edition,2.11.0+cu130,13.0,True
hyperparameter_search,movielens_100k,dnn,random_search,0.5520011354811472,0.5214934804367217,0.5014448257178977,,,,0.675243079662323,False,123,0.06268754997290671,2318.34765625,21.49609375,1047.1,99.91451612903224,0.060000000000002274,0.0,"embedding_dim=16, hidden_dim=64, dropout=0.10638253432191426, lr=0.0006870390171640847",validation_search,full_rtx_pro_6000,False,cuda,NVIDIA RTX PRO 6000 Blackwell Server Edition,2.11.0+cu130,13.0,True
hyperparameter_search,movielens_100k,dnn,random_search,0.61457890992179,0.569356673384346,0.5744085244717356,,,,0.6717587590217591,False,456,0.06294712796807289,2318.34765625,21.49609375,1043.9,100.05161290322579,0.07000000000000739,0.0,"embedding_dim=16, hidden_dim=64, dropout=0.10638253432191426, lr=0.0006870390171640847",validation_search,full_rtx_pro_6000,False,cuda,NVIDIA RTX PRO 6000 Blackwell Server Edition,2.11.0+cu130,13.0,True
hyperparameter_search,movielens_100k,dnn,random_search,0.7012111277021944,0.666389319600164,0.6512551923424237,,,,0.6717465579509735,False,789,0.0627025009598583,2318.34765625,21.49609375,1040.7,104.50806451612902,0.05999999999998806,0.010000000000000009,"embedding_dim=16, hidden_dim=64, dropout=0.10638253432191426, lr=0.0006870390171640847",validation_search,full_rtx_pro_6000,False,cuda,NVIDIA RTX PRO 6000 Blackwell Server Edition,2.11.0+cu130,13.0,True
hyperparameter_search,movielens_100k,dnn,random_search,0.6906076282140122,0.6458631846389149,0.6411414123171393,,,,0.6760076999664306,False,2026,0.06289054010994732,2318.34765625,21.49609375,1045.7,97.85967741935481,0.060000000000002274,0.0,"embedding_dim=16, hidden_dim=64, dropout=0.10638253432191426, lr=0.0006870390171640847",validation_search,full_rtx_pro_6000,False,cuda,NVIDIA RTX PRO 6000 Blackwell Server Edition,2.11.0+cu130,13.0,True
hyperparameter_search,movielens_100k,dnn,random_search,0.5992793191314254,0.5450414430925099,0.4999096983926314,,,,0.38268209993839264,False,42,0.063874876126647,2318.34765625,22.947265625,1031.1,99.36774193548386,0.07000000000000739,0.0,"embedding_dim=32, hidden_dim=64, dropout=0.07510463548683521, lr=0.0019508971418591076",validation_search,full_rtx_pro_6000,False,cuda,NVIDIA RTX PRO 6000 Blackwell Server Edition,2.11.0+cu130,13.0,True
hyperparameter_search,movielens_100k,dnn,random_search,0.5456317816515288,0.5112035480409155,0.4782373126241647,,,,0.38227262198925016,False,123,0.06341984798200428,2318.34765625,22.947265625,1039.1,96.65322580645163,0.060000000000002274,0.0,"embedding_dim=32, hidden_dim=64, dropout=0.07510463548683521, lr=0.0019508971418591076",validation_search,full_rtx_pro_6000,False,cuda,NVIDIA RTX PRO 6000 Blackwell Server Edition,2.11.0+cu130,13.0,True
hyperparameter_search,movielens_100k,dnn,random_search,0.5785875139019953,0.5318487012687618,0.48374571067364996,,,,0.3806938350200653,False,456,0.06371615687385201,2318.34765625,22.947265625,1033.8,96.52903225806453,0.05999999999998806,0.0,"embedding_dim=32, hidden_dim=64, dropout=0.07510463548683521, lr=0.0019508971418591076",validation_search,full_rtx_pro_6000,False,cuda,NVIDIA RTX PRO 6000 Blackwell Server Edition,2.11.0+cu130,13.0,True
hyperparameter_search,movielens_100k,dnn,random_search,0.5900716864618598,0.53876652648166,0.49151164890735055,,,,0.3713274419307709,False,789,0.06406846293248236,2318.34765625,22.947265625,1023.6,86.19516129032262,0.060000000000002274,0.0,"embedding_dim=32, hidden_dim=64, dropout=0.07510463548683521, lr=0.0019508971418591076",validation_search,full_rtx_pro_6000,False,cuda,NVIDIA RTX PRO 6000 Blackwell Server Edition,2.11.0+cu130,13.0,True
hyperparameter_search,movielens_100k,dnn,random_search,0.5891874091540877,0.5404877477169174,0.5075853350189633,,,,0.39716112017631533,False,2026,0.06392153003253043,2318.34765625,22.947265625,1027.7,96.13225806451617,0.060000000000002274,0.0,"embedding_dim=32, hidden_dim=64, dropout=0.07510463548683521, lr=0.0019508971418591076",validation_search,full_rtx_pro_6000,False,cuda,NVIDIA RTX PRO 6000 Blackwell Server Edition,2.11.0+cu130,13.0,True
hyperparameter_search,movielens_100k,dnn,random_search,0.6594058053120829,0.6011662356696224,0.5875022575401843,0.6406400618152712,0.6082553827274937,0.5815276273022751,0.5846185624599457,True,42,0.06639756099320948,2318.34765625,22.02734375,1048.4,100.05000000000003,0.06999999999999318,0.0,"Validation-selected configuration: embedding_dim=16, hidden_dim=96, dropout=0.04891336926325843, lr=0.0010962001141747336",final_test,full_rtx_pro_6000,False,cuda,NVIDIA RTX PRO 6000 Blackwell Server Edition,2.11.0+cu130,13.0,True
hyperparameter_search,movielens_100k,dnn,random_search,0.6394834963334155,0.5825099828325228,0.5767563662633195,0.6620041432769372,0.6269627448021027,0.6052726616106898,0.5827563524246215,True,123,0.06661140616051853,2318.34765625,22.02734375,1048.2,102.57741935483868,0.07000000000000739,0.0,"Validation-selected configuration: embedding_dim=16, hidden_dim=96, dropout=0.04891336926325843, lr=0.0010962001141747336",final_test,full_rtx_pro_6000,False,cuda,NVIDIA RTX PRO 6000 Blackwell Server Edition,2.11.0+cu130,13.0,True
hyperparameter_search,movielens_100k,dnn,random_search,0.6754656779034788,0.616013962176233,0.6118836915297092,0.6681951749761097,0.6380945318133912,0.6107800650054171,0.5842451870441436,True,456,0.06642830302007496,2318.34765625,22.02734375,1047.6,83.21451612903225,0.05999999999998806,0.0,"Validation-selected configuration: embedding_dim=16, hidden_dim=96, dropout=0.04891336926325843, lr=0.0010962001141747336",final_test,full_rtx_pro_6000,False,cuda,NVIDIA RTX PRO 6000 Blackwell Server Edition,2.11.0+cu130,13.0,True
hyperparameter_search,movielens_100k,dnn,random_search,0.6221400753575638,0.5702766393223231,0.554813075672747,0.6345017209963115,0.6114122574983913,0.5687071144817624,0.5965908348560334,True,789,0.06659140787087381,2318.34765625,22.02734375,1046.6,101.77903225806449,0.07000000000000739,0.0,"Validation-selected configuration: embedding_dim=16, hidden_dim=96, dropout=0.04891336926325843, lr=0.0010962001141747336",final_test,full_rtx_pro_6000,False,cuda,NVIDIA RTX PRO 6000 Blackwell Server Edition,2.11.0+cu130,13.0,True
hyperparameter_search,movielens_100k,dnn,random_search,0.6660352675642985,0.606651010275806,0.5932815604117754,0.6587897876466232,0.6220897691029827,0.5900144456482485,0.6000696659088135,True,2026,0.06642421707510948,2318.34765625,22.02734375,1044.1,99.73709677419359,0.06999999999999318,0.0,"Validation-selected configuration: embedding_dim=16, hidden_dim=96, dropout=0.04891336926325843, lr=0.0010962001141747336",final_test,full_rtx_pro_6000,False,cuda,NVIDIA RTX PRO 6000 Blackwell Server Edition,2.11.0+cu130,13.0,True
hyperparameter_search,movielens_100k,dnn,de_opt,0.4570475683165011,0.45338365288936944,0.45665522846306666,,,,0.34687499701976776,False,42,0.06402814690954983,2318.34765625,24.9921875,1028.1,96.6016129032258,0.060000000000002274,0.0,"embedding_dim=48, hidden_dim=96, dropout=0.22535279202823258, lr=0.00621094103787056",validation_search,full_rtx_pro_6000,False,cuda,NVIDIA RTX PRO 6000 Blackwell Server Edition,2.11.0+cu130,13.0,True
hyperparameter_search,movielens_100k,dnn,de_opt,0.4293647845389297,0.4437555195537531,0.45448798988621997,,,,0.3534266591072083,False,123,0.06349969911389053,2318.34765625,24.9921875,1036.1,115.68709677419353,0.060000000000002274,0.010000000000000009,"embedding_dim=48, hidden_dim=96, dropout=0.22535279202823258, lr=0.00621094103787056",validation_search,full_rtx_pro_6000,False,cuda,NVIDIA RTX PRO 6000 Blackwell Server Edition,2.11.0+cu130,13.0,True
hyperparameter_search,movielens_100k,dnn,de_opt,0.4787020959921253,0.47020001422269114,0.45918367346938777,,,,0.3618871718645096,False,456,0.063913329038769,2318.34765625,24.9921875,1027.2,97.79516129032257,0.07000000000000739,0.0,"embedding_dim=48, hidden_dim=96, dropout=0.22535279202823258, lr=0.00621094103787056",validation_search,full_rtx_pro_6000,False,cuda,NVIDIA RTX PRO 6000 Blackwell Server Edition,2.11.0+cu130,13.0,True
hyperparameter_search,movielens_100k,dnn,de_opt,0.4834738599434301,0.4700759256869669,0.4567455300704353,,,,0.34664768576622007,False,789,0.06378544308245182,2318.34765625,24.9921875,1029.5,98.61774193548389,0.05999999999998806,0.0,"embedding_dim=48, hidden_dim=96, dropout=0.22535279202823258, lr=0.00621094103787056",validation_search,full_rtx_pro_6000,False,cuda,NVIDIA RTX PRO 6000 Blackwell Server Edition,2.11.0+cu130,13.0,True
hyperparameter_search,movielens_100k,dnn,de_opt,0.4382316945823178,0.4462712112498506,0.45340437059779665,,,,0.3381473243236542,False,2026,0.06394771602936089,2318.34765625,24.9921875,1028.2,99.4564516129032,0.07000000000000739,0.0,"embedding_dim=48, hidden_dim=96, dropout=0.22535279202823258, lr=0.00621094103787056",validation_search,full_rtx_pro_6000,False,cuda,NVIDIA RTX PRO 6000 Blackwell Server Edition,2.11.0+cu130,13.0,True
hyperparameter_search,movielens_100k,dnn,de_opt,0.525817371432903,0.4916360301235565,0.46974896153151524,,,,0.35493007898330686,False,42,0.06381683610379696,2318.34765625,23.509765625,1034.3,98.9790322580645,0.060000000000002274,0.0,"embedding_dim=32, hidden_dim=96, dropout=0.2879665646447905, lr=0.0036140759824865296",validation_search,full_rtx_pro_6000,False,cuda,NVIDIA RTX PRO 6000 Blackwell Server Edition,2.11.0+cu130,13.0,True
hyperparameter_search,movielens_100k,dnn,de_opt,0.488805960290973,0.4745766545009503,0.4611703088314972,,,,0.3543663531541824,False,123,0.06375845498405397,2318.34765625,23.509765625,1027.7,95.97903225806452,0.060000000000002274,0.0,"embedding_dim=32, hidden_dim=96, dropout=0.2879665646447905, lr=0.0036140759824865296",validation_search,full_rtx_pro_6000,False,cuda,NVIDIA RTX PRO 6000 Blackwell Server Edition,2.11.0+cu130,13.0,True
hyperparameter_search,movielens_100k,dnn,de_opt,0.5117005898128502,0.4904820170517876,0.4702004695683583,,,,0.36979629695415495,False,456,0.06414139200933278,2318.34765625,23.509765625,1023.5,99.19193548387095,0.06999999999999318,0.0,"embedding_dim=32, hidden_dim=96, dropout=0.2879665646447905, lr=0.0036140759824865296",validation_search,full_rtx_pro_6000,False,cuda,NVIDIA RTX PRO 6000 Blackwell Server Edition,2.11.0+cu130,13.0,True
hyperparameter_search,movielens_100k,dnn,de_opt,0.5248204821332798,0.49496359840024534,0.4684847390283547,,,,0.35253872275352477,False,789,0.06405343185178936,2318.34765625,23.509765625,1024.2,95.75645161290323,0.060000000000002274,0.0,"embedding_dim=32, hidden_dim=96, dropout=0.2879665646447905, lr=0.0036140759824865296",validation_search,full_rtx_pro_6000,False,cuda,NVIDIA RTX PRO 6000 Blackwell Server Edition,2.11.0+cu130,13.0,True
hyperparameter_search,movielens_100k,dnn,de_opt,0.5386941816767878,0.4994108451647167,0.4706519776052014,,,,0.3453791797161102,False,2026,0.06417819298803806,2318.34765625,23.509765625,1033.0,98.90483870967742,0.06999999999999318,0.0,"embedding_dim=32, hidden_dim=96, dropout=0.2879665646447905, lr=0.0036140759824865296",validation_search,full_rtx_pro_6000,False,cuda,NVIDIA RTX PRO 6000 Blackwell Server Edition,2.11.0+cu130,13.0,True
hyperparameter_search,movielens_100k,dnn,de_opt,0.5078923474370081,0.47849930164882715,0.4546685931009572,,,,0.349285826086998,False,42,0.06381213013082743,2318.34765625,24.0546875,1027.3,98.87741935483872,0.060000000000002274,0.0,"embedding_dim=48, hidden_dim=32, dropout=0.15519496958956588, lr=0.005125134747140126",validation_search,full_rtx_pro_6000,False,cuda,NVIDIA RTX PRO 6000 Blackwell Server Edition,2.11.0+cu130,13.0,True
hyperparameter_search,movielens_100k,dnn,de_opt,0.48889267397101266,0.47509628305593177,0.4552104027451689,,,,0.3549307227134705,False,123,0.06401859293691814,2318.34765625,24.0546875,1025.4,109.3451612903226,0.060000000000002274,0.010000000000000009,"embedding_dim=48, hidden_dim=32, dropout=0.15519496958956588, lr=0.005125134747140126",validation_search,full_rtx_pro_6000,False,cuda,NVIDIA RTX PRO 6000 Blackwell Server Edition,2.11.0+cu130,13.0,True
hyperparameter_search,movielens_100k,dnn,de_opt,0.519385147331223,0.49612547691865516,0.4708325808199386,,,,0.36716527938842775,False,456,0.06397350202314556,2318.34765625,24.0546875,1030.2,100.31935483870967,0.07000000000000739,0.0,"embedding_dim=48, hidden_dim=32, dropout=0.15519496958956588, lr=0.005125134747140126",validation_search,full_rtx_pro_6000,False,cuda,NVIDIA RTX PRO 6000 Blackwell Server Edition,2.11.0+cu130,13.0,True
hyperparameter_search,movielens_100k,dnn,de_opt,0.4989439262082076,0.47821372497774994,0.45665522846306666,,,,0.3502609938383102,False,789,0.06398915313184261,2318.34765625,24.0546875,1028.1,98.4258064516129,0.05999999999998806,0.0,"embedding_dim=48, hidden_dim=32, dropout=0.15519496958956588, lr=0.005125134747140126",validation_search,full_rtx_pro_6000,False,cuda,NVIDIA RTX PRO 6000 Blackwell Server Edition,2.11.0+cu130,13.0,True
hyperparameter_search,movielens_100k,dnn,de_opt,0.5122593768768325,0.4855184055865982,0.4611703088314972,,,,0.34191796481609343,False,2026,0.06371072004549205,2318.34765625,24.0546875,1026.2,99.86935483870968,0.07000000000000739,0.0,"embedding_dim=48, hidden_dim=32, dropout=0.15519496958956588, lr=0.005125134747140126",validation_search,full_rtx_pro_6000,False,cuda,NVIDIA RTX PRO 6000 Blackwell Server Edition,2.11.0+cu130,13.0,True
hyperparameter_search,movielens_100k,dnn,de_opt,0.6130785202565734,0.5563488057561944,0.5279031966769009,,,,0.4192102402448654,False,42,0.06393148400820792,2318.34765625,22.947265625,1033.9,86.71290322580647,0.060000000000002274,0.0,"embedding_dim=32, hidden_dim=64, dropout=0.0795335526246719, lr=0.0016804715399186588",validation_search,full_rtx_pro_6000,False,cuda,NVIDIA RTX PRO 6000 Blackwell Server Edition,2.11.0+cu130,13.0,True
hyperparameter_search,movielens_100k,dnn,de_opt,0.5642407461401486,0.523031812544695,0.48789958461260613,,,,0.4155546188354492,False,123,0.0639248548541218,2318.34765625,22.947265625,1018.7,97.19032258064519,0.060000000000002274,0.010000000000000009,"embedding_dim=32, hidden_dim=64, dropout=0.0795335526246719, lr=0.0016804715399186588",validation_search,full_rtx_pro_6000,False,cuda,NVIDIA RTX PRO 6000 Blackwell Server Edition,2.11.0+cu130,13.0,True
hyperparameter_search,movielens_100k,dnn,de_opt,0.5891212282036269,0.5392930936624406,0.4912407440852447,,,,0.40879959166049956,False,456,0.06396054406650364,2318.34765625,22.947265625,1032.8,99.02096774193551,0.05999999999998806,0.0,"embedding_dim=32, hidden_dim=64, dropout=0.0795335526246719, lr=0.0016804715399186588",validation_search,full_rtx_pro_6000,False,cuda,NVIDIA RTX PRO 6000 Blackwell Server Edition,2.11.0+cu130,13.0,True
hyperparameter_search,movielens_100k,dnn,de_opt,0.5984223589976362,0.5454655463378623,0.5023478417915839,,,,0.4086893856525421,False,789,0.06386596290394664,2318.34765625,22.947265625,1029.0,95.65645161290321,0.060000000000002274,0.0,"embedding_dim=32, hidden_dim=64, dropout=0.0795335526246719, lr=0.0016804715399186588",validation_search,full_rtx_pro_6000,False,cuda,NVIDIA RTX PRO 6000 Blackwell Server Edition,2.11.0+cu130,13.0,True
hyperparameter_search,movielens_100k,dnn,de_opt,0.6043421455329212,0.5513978208825896,0.5347661188369153,,,,0.43395198285579684,False,2026,0.06399283884093165,2318.34765625,22.947265625,1039.1,99.43064516129031,0.07000000000000739,0.0,"embedding_dim=32, hidden_dim=64, dropout=0.0795335526246719, lr=0.0016804715399186588",validation_search,full_rtx_pro_6000,False,cuda,NVIDIA RTX PRO 6000 Blackwell Server Edition,2.11.0+cu130,13.0,True
hyperparameter_search,movielens_100k,dnn,de_opt,0.4524944885359035,0.4512738085486683,0.4523207513093733,,,,0.34742266237735747,False,42,0.06311215506866574,2318.34765625,21.49609375,1040.0,87.12580645161285,0.060000000000002274,0.0,"embedding_dim=16, hidden_dim=64, dropout=0.19410467545554216, lr=0.00922226567619423",validation_search,full_rtx_pro_6000,False,cuda,NVIDIA RTX PRO 6000 Blackwell Server Edition,2.11.0+cu130,13.0,True
hyperparameter_search,movielens_100k,dnn,de_opt,0.41952706290409636,0.4433051349976431,0.45593281560411775,,,,0.35454378128051756,False,123,0.06289036991074681,2318.34765625,21.49609375,1038.4,99.71451612903228,0.05999999999998806,0.0,"embedding_dim=16, hidden_dim=64, dropout=0.19410467545554216, lr=0.00922226567619423",validation_search,full_rtx_pro_6000,False,cuda,NVIDIA RTX PRO 6000 Blackwell Server Edition,2.11.0+cu130,13.0,True
hyperparameter_search,movielens_100k,dnn,de_opt,0.48060531204383383,0.47524015931811536,0.46405996026729274,,,,0.3652074158191681,False,456,0.06313285394571722,2318.34765625,21.49609375,1040.2,96.37580645161289,0.060000000000002274,0.0,"embedding_dim=16, hidden_dim=64, dropout=0.19410467545554216, lr=0.00922226567619423",validation_search,full_rtx_pro_6000,False,cuda,NVIDIA RTX PRO 6000 Blackwell Server Edition,2.11.0+cu130,13.0,True
hyperparameter_search,movielens_100k,dnn,de_opt,0.5172882321300262,0.4899064785232774,0.4650532779483475,,,,0.3522855132818222,False,789,0.06287890393286943,2318.34765625,21.49609375,1039.7,87.40161290322578,0.060000000000002274,0.0,"embedding_dim=16, hidden_dim=64, dropout=0.19410467545554216, lr=0.00922226567619423",validation_search,full_rtx_pro_6000,False,cuda,NVIDIA RTX PRO 6000 Blackwell Server Edition,2.11.0+cu130,13.0,True
hyperparameter_search,movielens_100k,dnn,de_opt,0.48464796023558854,0.4692405032634344,0.4567455300704353,,,,0.3463882029056549,False,2026,0.0631270061712712,2318.34765625,21.49609375,1042.4,99.59354838709675,0.060000000000002274,0.0,"embedding_dim=16, hidden_dim=64, dropout=0.19410467545554216, lr=0.00922226567619423",validation_search,full_rtx_pro_6000,False,cuda,NVIDIA RTX PRO 6000 Blackwell Server Edition,2.11.0+cu130,13.0,True
hyperparameter_search,movielens_100k,dnn,de_opt,0.4482251648807541,0.4502337883083434,0.45800975257359583,,,,0.34250308573246,False,42,0.06392478500492871,2318.34765625,24.9921875,1027.1,117.14516129032263,0.06999999999999318,0.010000000000000009,"embedding_dim=48, hidden_dim=96, dropout=0.02233603963646136, lr=0.0074429541829455735",validation_search,full_rtx_pro_6000,False,cuda,NVIDIA RTX PRO 6000 Blackwell Server Edition,2.11.0+cu130,13.0,True
hyperparameter_search,movielens_100k,dnn,de_opt,0.43022854542588357,0.4457997462741964,0.45493949792306304,,,,0.34828206300735476,False,123,0.0641005770303309,2318.34765625,24.9921875,1025.2,96.3516129032258,0.060000000000002274,0.0,"embedding_dim=48, hidden_dim=96, dropout=0.02233603963646136, lr=0.0074429541829455735",validation_search,full_rtx_pro_6000,False,cuda,NVIDIA RTX PRO 6000 Blackwell Server Edition,2.11.0+cu130,13.0,True
hyperparameter_search,movielens_100k,dnn,de_opt,0.47648929073819934,0.4711544806216037,0.459364276684125,,,,0.3585586786270142,False,456,0.06392913078889251,2318.34765625,24.9921875,1022.4,98.12580645161289,0.060000000000002274,0.0,"embedding_dim=48, hidden_dim=96, dropout=0.02233603963646136, lr=0.0074429541829455735",validation_search,full_rtx_pro_6000,False,cuda,NVIDIA RTX PRO 6000 Blackwell Server Edition,2.11.0+cu130,13.0,True
hyperparameter_search,movielens_100k,dnn,de_opt,0.4911267947750253,0.4735109111219832,0.4552104027451689,,,,0.34083384573459624,False,789,0.06386454193852842,2318.34765625,24.9921875,1032.4,86.48870967741935,0.060000000000002274,0.0,"embedding_dim=48, hidden_dim=96, dropout=0.02233603963646136, lr=0.0074429541829455735",validation_search,full_rtx_pro_6000,False,cuda,NVIDIA RTX PRO 6000 Blackwell Server Edition,2.11.0+cu130,13.0,True
hyperparameter_search,movielens_100k,dnn,de_opt,0.4240526298055842,0.43783993933126375,0.4489795918367347,,,,0.3351440727710724,False,2026,0.06368393287993968,2318.34765625,24.9921875,1029.8,83.82903225806452,0.060000000000002274,0.0,"embedding_dim=48, hidden_dim=96, dropout=0.02233603963646136, lr=0.0074429541829455735",validation_search,full_rtx_pro_6000,False,cuda,NVIDIA RTX PRO 6000 Blackwell Server Edition,2.11.0+cu130,13.0,True
hyperparameter_search,movielens_100k,dnn,de_opt,0.4788381762904608,0.464240769655593,0.45448798988621997,,,,0.3520396888256073,False,42,0.06397727713920176,2318.34765625,22.947265625,1028.5,98.50967741935487,0.060000000000002274,0.0,"embedding_dim=32, hidden_dim=64, dropout=0.15406641636379478, lr=0.00621094103787056",validation_search,full_rtx_pro_6000,False,cuda,NVIDIA RTX PRO 6000 Blackwell Server Edition,2.11.0+cu130,13.0,True
hyperparameter_search,movielens_100k,dnn,de_opt,0.45178861276018956,0.4554780720639614,0.4552104027451689,,,,0.35648088753223417,False,123,0.06363122980110347,2318.34765625,22.947265625,1030.5,86.59838709677419,0.05999999999998806,0.0,"embedding_dim=32, hidden_dim=64, dropout=0.15406641636379478, lr=0.00621094103787056",validation_search,full_rtx_pro_6000,False,cuda,NVIDIA RTX PRO 6000 Blackwell Server Edition,2.11.0+cu130,13.0,True
hyperparameter_search,movielens_100k,dnn,de_opt,0.4927729847598873,0.47963787372390343,0.46369875383781833,,,,0.3652244508266449,False,456,0.06394080584868789,2318.34765625,22.947265625,1031.8,96.2532258064516,0.060000000000002274,0.0,"embedding_dim=32, hidden_dim=64, dropout=0.15406641636379478, lr=0.00621094103787056",validation_search,full_rtx_pro_6000,False,cuda,NVIDIA RTX PRO 6000 Blackwell Server Edition,2.11.0+cu130,13.0,True
hyperparameter_search,movielens_100k,dnn,de_opt,0.4895983214240783,0.4741307541783916,0.45819035578833306,,,,0.3488581120967865,False,789,0.06363572599366307,2318.34765625,22.947265625,1027.5,101.99516129032256,0.07000000000000739,0.0,"embedding_dim=32, hidden_dim=64, dropout=0.15406641636379478, lr=0.00621094103787056",validation_search,full_rtx_pro_6000,False,cuda,NVIDIA RTX PRO 6000 Blackwell Server Edition,2.11.0+cu130,13.0,True
hyperparameter_search,movielens_100k,dnn,de_opt,0.4979745497876942,0.4782769107307232,0.461441213653603,,,,0.34451266229152677,False,2026,0.06386304902844131,2318.34765625,22.947265625,1030.7,98.98064516129034,0.060000000000002274,0.0,"embedding_dim=32, hidden_dim=64, dropout=0.15406641636379478, lr=0.00621094103787056",validation_search,full_rtx_pro_6000,False,cuda,NVIDIA RTX PRO 6000 Blackwell Server Edition,2.11.0+cu130,13.0,True
hyperparameter_search,movielens_100k,dnn,de_opt,0.47346828854463846,0.46417604408996066,0.45593281560411775,,,,0.34577287137508395,False,42,0.06294195097871125,2318.34765625,24.9921875,1048.5,100.90161290322584,0.06999999999999318,0.0,"embedding_dim=48, hidden_dim=96, dropout=0.0, lr=0.004933472443786938",validation_search,full_rtx_pro_6000,False,cuda,NVIDIA RTX PRO 6000 Blackwell Server Edition,2.11.0+cu130,13.0,True
hyperparameter_search,movielens_100k,dnn,de_opt,0.45599646869668775,0.4577772286989841,0.45692613328517245,,,,0.35173929035663604,False,123,0.06284325500018895,2318.34765625,24.9921875,1047.0,100.54838709677419,0.060000000000002274,0.0,"embedding_dim=48, hidden_dim=96, dropout=0.0, lr=0.004933472443786938",validation_search,full_rtx_pro_6000,False,cuda,NVIDIA RTX PRO 6000 Blackwell Server Edition,2.11.0+cu130,13.0,True
hyperparameter_search,movielens_100k,dnn,de_opt,0.49238281397161077,0.47899294052962305,0.4644211666967672,,,,0.3597947657108307,False,456,0.0628562830388546,2318.34765625,24.9921875,1050.3,97.83548387096776,0.060000000000002274,0.0,"embedding_dim=48, hidden_dim=96, dropout=0.0, lr=0.004933472443786938",validation_search,full_rtx_pro_6000,False,cuda,NVIDIA RTX PRO 6000 Blackwell Server Edition,2.11.0+cu130,13.0,True
hyperparameter_search,movielens_100k,dnn,de_opt,0.49892570932263225,0.4786446416058584,0.45855156221780746,,,,0.3479058474302292,False,789,0.06275096791796386,2318.34765625,24.9921875,1054.7,116.70000000000002,0.06999999999999318,0.010000000000000009,"embedding_dim=48, hidden_dim=96, dropout=0.0, lr=0.004933472443786938",validation_search,full_rtx_pro_6000,False,cuda,NVIDIA RTX PRO 6000 Blackwell Server Edition,2.11.0+cu130,13.0,True
hyperparameter_search,movielens_100k,dnn,de_opt,0.4680237556016108,0.46322233444839706,0.45493949792306304,,,,0.3398661971092224,False,2026,0.06308038183487952,2318.34765625,24.9921875,1040.3,100.29999999999997,0.060000000000002274,0.0,"embedding_dim=48, hidden_dim=96, dropout=0.0, lr=0.004933472443786938",validation_search,full_rtx_pro_6000,False,cuda,NVIDIA RTX PRO 6000 Blackwell Server Edition,2.11.0+cu130,13.0,True
hyperparameter_search,movielens_100k,dnn,de_opt,0.46903550218212847,0.4577494315849816,0.45087592559147555,,,,0.34781565368175504,False,42,0.06399004417471588,2318.34765625,24.0546875,1030.2,98.15000000000003,0.060000000000002274,0.0,"embedding_dim=48, hidden_dim=32, dropout=0.15519496958956588, lr=0.01",validation_search,full_rtx_pro_6000,False,cuda,NVIDIA RTX PRO 6000 Blackwell Server Edition,2.11.0+cu130,13.0,True
hyperparameter_search,movielens_100k,dnn,de_opt,0.4181052977736682,0.43864929101391914,0.4546685931009572,,,,0.35516742467880247,False,123,0.0646315379999578,2318.34765625,24.0546875,1021.0,85.35483870967744,0.060000000000002274,0.0,"embedding_dim=48, hidden_dim=32, dropout=0.15519496958956588, lr=0.01",validation_search,full_rtx_pro_6000,False,cuda,NVIDIA RTX PRO 6000 Blackwell Server Edition,2.11.0+cu130,13.0,True
hyperparameter_search,movielens_100k,dnn,de_opt,0.49056208763095,0.47234674958074063,0.45602311721148636,,,,0.36270423233509064,False,456,0.06417376780882478,2318.34765625,24.0546875,1020.4,98.17741935483873,0.060000000000002274,0.0,"embedding_dim=48, hidden_dim=32, dropout=0.15519496958956588, lr=0.01",validation_search,full_rtx_pro_6000,False,cuda,NVIDIA RTX PRO 6000 Blackwell Server Edition,2.11.0+cu130,13.0,True
hyperparameter_search,movielens_100k,dnn,de_opt,0.48797290880020394,0.4724116039885903,0.4545782914935886,,,,0.3486367493867874,False,789,0.06419882201589644,2318.34765625,24.0546875,1023.1,102.00967741935484,0.07000000000000739,0.0,"embedding_dim=48, hidden_dim=32, dropout=0.15519496958956588, lr=0.01",validation_search,full_rtx_pro_6000,False,cuda,NVIDIA RTX PRO 6000 Blackwell Server Edition,2.11.0+cu130,13.0,True
hyperparameter_search,movielens_100k,dnn,de_opt,0.4457969045907171,0.44842772241317824,0.45241105291674194,,,,0.3398795038461685,False,2026,0.06394328991882503,2318.34765625,24.0546875,1019.9,98.38225806451611,0.05999999999998806,0.0,"embedding_dim=48, hidden_dim=32, dropout=0.15519496958956588, lr=0.01",validation_search,full_rtx_pro_6000,False,cuda,NVIDIA RTX PRO 6000 Blackwell Server Edition,2.11.0+cu130,13.0,True
hyperparameter_search,movielens_100k,dnn,de_opt,0.5079057532382104,0.4815728249338014,0.46369875383781833,,,,0.3518638640642166,False,42,0.06416176096536219,2318.34765625,24.3984375,1021.4,97.8790322580645,0.060000000000002274,0.0,"embedding_dim=48, hidden_dim=64, dropout=0.034956924516209326, lr=0.004411036886688374",validation_search,full_rtx_pro_6000,False,cuda,NVIDIA RTX PRO 6000 Blackwell Server Edition,2.11.0+cu130,13.0,True
hyperparameter_search,movielens_100k,dnn,de_opt,0.4961603958775498,0.4784854090228241,0.45837095900307023,,,,0.35141218900680543,False,123,0.06381341093219817,2318.34765625,24.3984375,1030.3,86.51451612903229,0.060000000000002274,0.0,"embedding_dim=48, hidden_dim=64, dropout=0.034956924516209326, lr=0.004411036886688374",validation_search,full_rtx_pro_6000,False,cuda,NVIDIA RTX PRO 6000 Blackwell Server Edition,2.11.0+cu130,13.0,True
hyperparameter_search,movielens_100k,dnn,de_opt,0.5185438272988364,0.49191581580868815,0.4635181506230811,,,,0.3634643256664276,False,456,0.06402053590863943,2318.34765625,24.3984375,1032.5,114.94193548387095,0.060000000000002274,0.010000000000000009,"embedding_dim=48, hidden_dim=64, dropout=0.034956924516209326, lr=0.004411036886688374",validation_search,full_rtx_pro_6000,False,cuda,NVIDIA RTX PRO 6000 Blackwell Server Edition,2.11.0+cu130,13.0,True
hyperparameter_search,movielens_100k,dnn,de_opt,0.516681888720173,0.49153384298977565,0.4670399133104569,,,,0.34799019396305086,False,789,0.06383099500089884,2318.34765625,24.3984375,1027.5,101.66774193548387,0.06999999999999318,0.0,"embedding_dim=48, hidden_dim=64, dropout=0.034956924516209326, lr=0.004411036886688374",validation_search,full_rtx_pro_6000,False,cuda,NVIDIA RTX PRO 6000 Blackwell Server Edition,2.11.0+cu130,13.0,True
hyperparameter_search,movielens_100k,dnn,de_opt,0.5107485169873192,0.4860879629936373,0.4660465956294022,,,,0.34057117700576783,False,2026,0.06360753811895847,2318.34765625,24.3984375,1030.4,99.01774193548387,0.060000000000002274,0.0,"embedding_dim=48, hidden_dim=64, dropout=0.034956924516209326, lr=0.004411036886688374",validation_search,full_rtx_pro_6000,False,cuda,NVIDIA RTX PRO 6000 Blackwell Server Edition,2.11.0+cu130,13.0,True
hyperparameter_search,movielens_100k,dnn,de_opt,0.4512979963154596,0.45024412904419236,0.4531334657756908,,,,0.34868126213550565,False,42,0.06374987307935953,2318.34765625,22.947265625,1031.9,102.74516129032259,0.06999999999999318,0.0,"embedding_dim=32, hidden_dim=64, dropout=0.19410467545554216, lr=0.008514552514493273",validation_search,full_rtx_pro_6000,False,cuda,NVIDIA RTX PRO 6000 Blackwell Server Edition,2.11.0+cu130,13.0,True
hyperparameter_search,movielens_100k,dnn,de_opt,0.4216691044458366,0.4391337463088514,0.4531334657756908,,,,0.3566047877073288,False,123,0.06361733213998377,2318.34765625,22.947265625,1035.6,96.77419354838709,0.060000000000002274,0.0,"embedding_dim=32, hidden_dim=64, dropout=0.19410467545554216, lr=0.008514552514493273",validation_search,full_rtx_pro_6000,False,cuda,NVIDIA RTX PRO 6000 Blackwell Server Edition,2.11.0+cu130,13.0,True
hyperparameter_search,movielens_100k,dnn,de_opt,0.47476392172068904,0.46829169914768576,0.4608994040093914,,,,0.3641302973031998,False,456,0.06369617907330394,2318.34765625,22.947265625,1040.8,99.12096774193547,0.060000000000002274,0.0,"embedding_dim=32, hidden_dim=64, dropout=0.19410467545554216, lr=0.008514552514493273",validation_search,full_rtx_pro_6000,False,cuda,NVIDIA RTX PRO 6000 Blackwell Server Edition,2.11.0+cu130,13.0,True
hyperparameter_search,movielens_100k,dnn,de_opt,0.47527342371017844,0.4656525080403968,0.4540364818493769,,,,0.34311758875846865,False,789,0.06365465302951634,2318.34765625,22.947265625,1023.5,97.64838709677419,0.07000000000000739,0.0,"embedding_dim=32, hidden_dim=64, dropout=0.19410467545554216, lr=0.008514552514493273",validation_search,full_rtx_pro_6000,False,cuda,NVIDIA RTX PRO 6000 Blackwell Server Edition,2.11.0+cu130,13.0,True
hyperparameter_search,movielens_100k,dnn,de_opt,0.4820478219177282,0.4669763309290589,0.45448798988621997,,,,0.33966643512248995,False,2026,0.06385277607478201,2318.34765625,22.947265625,1030.5,98.8225806451613,0.05999999999998806,0.0,"embedding_dim=32, hidden_dim=64, dropout=0.19410467545554216, lr=0.008514552514493273",validation_search,full_rtx_pro_6000,False,cuda,NVIDIA RTX PRO 6000 Blackwell Server Edition,2.11.0+cu130,13.0,True
hyperparameter_search,movielens_100k,dnn,de_opt,0.5874117276101674,0.5319222251891143,0.48112696405996025,,,,0.3690184623003006,False,42,0.06275359098799527,2318.34765625,21.49609375,1048.5,97.13870967741933,0.060000000000002274,0.0,"embedding_dim=16, hidden_dim=64, dropout=0.1067703467308553, lr=0.0025352675665819002",validation_search,full_rtx_pro_6000,False,cuda,NVIDIA RTX PRO 6000 Blackwell Server Edition,2.11.0+cu130,13.0,True
hyperparameter_search,movielens_100k,dnn,de_opt,0.5432378023762451,0.5114912828491753,0.4834748058515442,,,,0.4013028681278229,False,123,0.0630810318980366,2318.34765625,21.49609375,1048.3,99.75161290322582,0.07000000000000739,0.0,"embedding_dim=16, hidden_dim=64, dropout=0.1067703467308553, lr=0.0025352675665819002",validation_search,full_rtx_pro_6000,False,cuda,NVIDIA RTX PRO 6000 Blackwell Server Edition,2.11.0+cu130,13.0,True
hyperparameter_search,movielens_100k,dnn,de_opt,0.601033799286583,0.5610306571598891,0.5244717355968936,,,,0.41632258892059326,False,456,0.06269361893646419,2318.34765625,21.49609375,1047.6,100.43225806451612,0.060000000000002274,0.0,"embedding_dim=16, hidden_dim=64, dropout=0.1067703467308553, lr=0.0025352675665819002",validation_search,full_rtx_pro_6000,False,cuda,NVIDIA RTX PRO 6000 Blackwell Server Edition,2.11.0+cu130,13.0,True
hyperparameter_search,movielens_100k,dnn,de_opt,0.6864944283239595,0.6344808582903725,0.5975257359581001,,,,0.4056316167116165,False,789,0.06298532010987401,2318.34765625,21.49609375,1040.7,97.38709677419355,0.05999999999998806,0.0,"embedding_dim=16, hidden_dim=64, dropout=0.1067703467308553, lr=0.0025352675665819002",validation_search,full_rtx_pro_6000,False,cuda,NVIDIA RTX PRO 6000 Blackwell Server Edition,2.11.0+cu130,13.0,True
hyperparameter_search,movielens_100k,dnn,de_opt,0.6566346859482316,0.5972779990629145,0.5717897778580459,,,,0.40437175929546354,False,2026,0.06281037000007927,2318.34765625,21.49609375,1044.6,103.80483870967741,0.07000000000000739,0.0,"embedding_dim=16, hidden_dim=64, dropout=0.1067703467308553, lr=0.0025352675665819002",validation_search,full_rtx_pro_6000,False,cuda,NVIDIA RTX PRO 6000 Blackwell Server Edition,2.11.0+cu130,13.0,True
hyperparameter_search,movielens_100k,dnn,de_opt,0.6529424477864428,0.5917755697474928,0.5820841610980676,,,,0.4790256589651108,False,42,0.0639583608135581,2318.34765625,24.9921875,1028.3,96.63548387096772,0.060000000000002274,0.0,"embedding_dim=48, hidden_dim=96, dropout=0.2077667786631813, lr=0.001097520779852252",validation_search,full_rtx_pro_6000,False,cuda,NVIDIA RTX PRO 6000 Blackwell Server Edition,2.11.0+cu130,13.0,True
hyperparameter_search,movielens_100k,dnn,de_opt,0.5624188944950071,0.5204613597158874,0.48022394798627416,,,,0.4789831548929214,False,123,0.0636670091189444,2318.34765625,24.9921875,1033.4,98.83870967741937,0.060000000000002274,0.0,"embedding_dim=48, hidden_dim=96, dropout=0.2077667786631813, lr=0.001097520779852252",validation_search,full_rtx_pro_6000,False,cuda,NVIDIA RTX PRO 6000 Blackwell Server Edition,2.11.0+cu130,13.0,True
hyperparameter_search,movielens_100k,dnn,de_opt,0.624620376902633,0.5703396449049177,0.5419902474264042,,,,0.4567289978265762,False,456,0.06392682692967355,2318.34765625,24.9921875,1033.1,86.73870967741935,0.060000000000002274,0.0,"embedding_dim=48, hidden_dim=96, dropout=0.2077667786631813, lr=0.001097520779852252",validation_search,full_rtx_pro_6000,False,cuda,NVIDIA RTX PRO 6000 Blackwell Server Edition,2.11.0+cu130,13.0,True
hyperparameter_search,movielens_100k,dnn,de_opt,0.6042519743956373,0.5486688998228667,0.5018963337547409,,,,0.4655463367700577,False,789,0.0634792500641197,2318.34765625,24.9921875,1033.1,115.59677419354836,0.060000000000002274,0.010000000000000009,"embedding_dim=48, hidden_dim=96, dropout=0.2077667786631813, lr=0.001097520779852252",validation_search,full_rtx_pro_6000,False,cuda,NVIDIA RTX PRO 6000 Blackwell Server Edition,2.11.0+cu130,13.0,True
hyperparameter_search,movielens_100k,dnn,de_opt,0.6122245609347321,0.5549357287202983,0.5234784179158389,,,,0.45175810158252716,False,2026,0.06383008393459022,2318.34765625,24.9921875,1029.1,99.54677419354842,0.06999999999999318,0.0,"embedding_dim=48, hidden_dim=96, dropout=0.2077667786631813, lr=0.001097520779852252",validation_search,full_rtx_pro_6000,False,cuda,NVIDIA RTX PRO 6000 Blackwell Server Edition,2.11.0+cu130,13.0,True
hyperparameter_search,movielens_100k,dnn,de_opt,0.49121696591230923,0.4711267718020406,0.45683583167780384,,,,0.3523479402065277,False,42,0.06376074790023267,2318.34765625,22.947265625,1029.7,86.5016129032258,0.060000000000002274,0.0,"embedding_dim=32, hidden_dim=64, dropout=0.16020743945444477, lr=0.005634567526773478",validation_search,full_rtx_pro_6000,False,cuda,NVIDIA RTX PRO 6000 Blackwell Server Edition,2.11.0+cu130,13.0,True
hyperparameter_search,movielens_100k,dnn,de_opt,0.4630421631365974,0.46229513016131846,0.456113418818855,,,,0.3558323889970779,False,123,0.06365420203655958,2318.34765625,22.947265625,1029.0,98.5532258064516,0.060000000000002274,0.0,"embedding_dim=32, hidden_dim=64, dropout=0.16020743945444477, lr=0.005634567526773478",validation_search,full_rtx_pro_6000,False,cuda,NVIDIA RTX PRO 6000 Blackwell Server Edition,2.11.0+cu130,13.0,True
hyperparameter_search,movielens_100k,dnn,de_opt,0.5009350627882391,0.48447143685202815,0.4636084522304497,,,,0.3653636187314987,False,456,0.063871850958094,2318.34765625,22.947265625,1031.4,100.26290322580645,0.07000000000000739,0.0,"embedding_dim=32, hidden_dim=64, dropout=0.16020743945444477, lr=0.005634567526773478",validation_search,full_rtx_pro_6000,False,cuda,NVIDIA RTX PRO 6000 Blackwell Server Edition,2.11.0+cu130,13.0,True
hyperparameter_search,movielens_100k,dnn,de_opt,0.4981706626337493,0.4784848513236375,0.4589127686472819,,,,0.34797739088535307,False,789,0.06386656407266855,2318.34765625,22.947265625,1031.1,86.21290322580644,0.05999999999998806,0.0,"embedding_dim=32, hidden_dim=64, dropout=0.16020743945444477, lr=0.005634567526773478",validation_search,full_rtx_pro_6000,False,cuda,NVIDIA RTX PRO 6000 Blackwell Server Edition,2.11.0+cu130,13.0,True
hyperparameter_search,movielens_100k,dnn,de_opt,0.49766116064426,0.4778184886346226,0.4627957377641322,,,,0.34389896392822267,False,2026,0.0641274240333587,2318.34765625,22.947265625,1031.7,96.09032258064516,0.060000000000002274,0.0,"embedding_dim=32, hidden_dim=64, dropout=0.16020743945444477, lr=0.005634567526773478",validation_search,full_rtx_pro_6000,False,cuda,NVIDIA RTX PRO 6000 Blackwell Server Edition,2.11.0+cu130,13.0,True
hyperparameter_search,movielens_100k,dnn,de_opt,0.493437713532641,0.4732914229293177,0.45701643489254107,,,,0.3497546583414078,False,42,0.06283094803802669,2318.34765625,24.3984375,1048.0,101.8209677419355,0.07000000000000739,0.0,"embedding_dim=48, hidden_dim=64, dropout=0.0, lr=0.005125134747140126",validation_search,full_rtx_pro_6000,False,cuda,NVIDIA RTX PRO 6000 Blackwell Server Edition,2.11.0+cu130,13.0,True
hyperparameter_search,movielens_100k,dnn,de_opt,0.47456334027423314,0.4663766837870284,0.45584251399674913,,,,0.351795968413353,False,123,0.06302127102389932,2318.34765625,24.3984375,1040.6,97.67741935483872,0.060000000000002274,0.0,"embedding_dim=48, hidden_dim=64, dropout=0.0, lr=0.005125134747140126",validation_search,full_rtx_pro_6000,False,cuda,NVIDIA RTX PRO 6000 Blackwell Server Edition,2.11.0+cu130,13.0,True
hyperparameter_search,movielens_100k,dnn,de_opt,0.520397399483319,0.49270587978321956,0.4627957377641322,,,,0.3626625120639801,False,456,0.06278819916769862,2318.34765625,24.3984375,1051.3,117.08225806451615,0.05999999999998806,0.010000000000000009,"embedding_dim=48, hidden_dim=64, dropout=0.0, lr=0.005125134747140126",validation_search,full_rtx_pro_6000,False,cuda,NVIDIA RTX PRO 6000 Blackwell Server Edition,2.11.0+cu130,13.0,True
hyperparameter_search,movielens_100k,dnn,de_opt,0.509674324162515,0.48601718229311736,0.46577569080729636,,,,0.3485991805791855,False,789,0.062912279041484,2318.34765625,24.3984375,1051.4,103.78870967741936,0.07000000000000739,0.0,"embedding_dim=48, hidden_dim=64, dropout=0.0, lr=0.005125134747140126",validation_search,full_rtx_pro_6000,False,cuda,NVIDIA RTX PRO 6000 Blackwell Server Edition,2.11.0+cu130,13.0,True
hyperparameter_search,movielens_100k,dnn,de_opt,0.5035172288519327,0.48091908839408065,0.46315694419360665,,,,0.3408783972263336,False,2026,0.06282293680123985,2318.34765625,24.3984375,1048.4,97.97096774193548,0.060000000000002274,0.0,"embedding_dim=48, hidden_dim=64, dropout=0.0, lr=0.005125134747140126",validation_search,full_rtx_pro_6000,False,cuda,NVIDIA RTX PRO 6000 Blackwell Server Edition,2.11.0+cu130,13.0,True
hyperparameter_search,movielens_100k,dnn,de_opt,0.6623298682327164,0.6066447237432112,0.6245259165613148,,,,0.6368338465690613,False,42,0.06404930585995317,2318.34765625,24.3984375,1030.4,98.28064516129037,0.060000000000002274,0.0,"embedding_dim=48, hidden_dim=64, dropout=0.2734701010956551, lr=0.000630957344480193",validation_search,full_rtx_pro_6000,False,cuda,NVIDIA RTX PRO 6000 Blackwell Server Edition,2.11.0+cu130,13.0,True
hyperparameter_search,movielens_100k,dnn,de_opt,0.6302646432365662,0.5740027761698632,0.53901029438324,,,,0.6376381933689117,False,123,0.06379581708461046,2318.34765625,24.3984375,1032.1,99.81612903225805,0.06999999999999318,0.0,"embedding_dim=48, hidden_dim=64, dropout=0.2734701010956551, lr=0.000630957344480193",validation_search,full_rtx_pro_6000,False,cuda,NVIDIA RTX PRO 6000 Blackwell Server Edition,2.11.0+cu130,13.0,True
hyperparameter_search,movielens_100k,dnn,de_opt,0.6268142966117995,0.5690356861846614,0.5182409246884595,,,,0.6387878239154816,False,456,0.06399947800673544,2318.34765625,24.3984375,1019.0,95.96612903225805,0.060000000000002274,0.0,"embedding_dim=48, hidden_dim=64, dropout=0.2734701010956551, lr=0.000630957344480193",validation_search,full_rtx_pro_6000,False,cuda,NVIDIA RTX PRO 6000 Blackwell Server Edition,2.11.0+cu130,13.0,True
hyperparameter_search,movielens_100k,dnn,de_opt,0.643890971499495,0.5924389075163071,0.5927397507675637,,,,0.6400785267353057,False,789,0.06383882695809007,2318.34765625,24.3984375,1030.6,98.35806451612902,0.06999999999999318,0.0,"embedding_dim=48, hidden_dim=64, dropout=0.2734701010956551, lr=0.000630957344480193",validation_search,full_rtx_pro_6000,False,cuda,NVIDIA RTX PRO 6000 Blackwell Server Edition,2.11.0+cu130,13.0,True
hyperparameter_search,movielens_100k,dnn,de_opt,0.6302261056352998,0.5790287889954254,0.5776593823370056,,,,0.6414848983287811,False,2026,0.06401156401261687,2318.34765625,24.3984375,1023.0,98.66290322580647,0.060000000000002274,0.0,"embedding_dim=48, hidden_dim=64, dropout=0.2734701010956551, lr=0.000630957344480193",validation_search,full_rtx_pro_6000,False,cuda,NVIDIA RTX PRO 6000 Blackwell Server Edition,2.11.0+cu130,13.0,True
hyperparameter_search,movielens_100k,dnn,de_opt,0.6552659732159921,0.6065681479441771,0.5939136716633556,,,,0.6469016909599304,False,42,0.06400830904021859,2318.34765625,23.509765625,1028.9,102.21935483870968,0.07000000000000739,0.0,"embedding_dim=32, hidden_dim=96, dropout=0.23957286509455772, lr=0.000630957344480193",validation_search,full_rtx_pro_6000,False,cuda,NVIDIA RTX PRO 6000 Blackwell Server Edition,2.11.0+cu130,13.0,True
hyperparameter_search,movielens_100k,dnn,de_opt,0.5708114153104491,0.5251496607803435,0.4887122990789236,,,,0.6461791217327117,False,123,0.06378786615096033,2318.34765625,23.509765625,1020.9,102.73870967741935,0.060000000000002274,0.010000000000000009,"embedding_dim=32, hidden_dim=96, dropout=0.23957286509455772, lr=0.000630957344480193",validation_search,full_rtx_pro_6000,False,cuda,NVIDIA RTX PRO 6000 Blackwell Server Edition,2.11.0+cu130,13.0,True
hyperparameter_search,movielens_100k,dnn,de_opt,0.6377005736997947,0.5888613114783265,0.5612244897959183,,,,0.6485241115093231,False,456,0.06399433105252683,2318.34765625,23.509765625,1024.9,86.13870967741934,0.05999999999998806,0.0,"embedding_dim=32, hidden_dim=96, dropout=0.23957286509455772, lr=0.000630957344480193",validation_search,full_rtx_pro_6000,False,cuda,NVIDIA RTX PRO 6000 Blackwell Server Edition,2.11.0+cu130,13.0,True
hyperparameter_search,movielens_100k,dnn,de_opt,0.6285186273281531,0.5808213946865834,0.5841610980675456,,,,0.6531514227390289,False,789,0.06379976193420589,2318.34765625,23.509765625,1019.3,83.54032258064517,0.060000000000002274,0.0,"embedding_dim=32, hidden_dim=96, dropout=0.23957286509455772, lr=0.000630957344480193",validation_search,full_rtx_pro_6000,False,cuda,NVIDIA RTX PRO 6000 Blackwell Server Edition,2.11.0+cu130,13.0,True
hyperparameter_search,movielens_100k,dnn,de_opt,0.6743330018632107,0.623319715665976,0.6205526458370959,,,,0.6457385063171387,False,2026,0.06417910498566926,2318.34765625,23.509765625,1024.3,112.41290322580645,0.060000000000002274,0.010000000000000009,"embedding_dim=32, hidden_dim=96, dropout=0.23957286509455772, lr=0.000630957344480193",validation_search,full_rtx_pro_6000,False,cuda,NVIDIA RTX PRO 6000 Blackwell Server Edition,2.11.0+cu130,13.0,True
hyperparameter_search,movielens_100k,dnn,de_opt,0.6575542717226739,0.5965351743744001,0.6145927397507676,,,,0.5855718195438385,False,42,0.06382216280326247,2318.34765625,24.3984375,1026.2,102.12903225806454,0.07000000000000739,0.0,"embedding_dim=48, hidden_dim=64, dropout=0.1067703467308553, lr=0.0008057412656746515",validation_search,full_rtx_pro_6000,False,cuda,NVIDIA RTX PRO 6000 Blackwell Server Edition,2.11.0+cu130,13.0,True
hyperparameter_search,movielens_100k,dnn,de_opt,0.6252127437046635,0.5666519264245561,0.5316055625790139,,,,0.5811822593212128,False,123,0.06395524693652987,2318.34765625,24.3984375,1029.0,96.38548387096776,0.05999999999998806,0.0,"embedding_dim=48, hidden_dim=64, dropout=0.1067703467308553, lr=0.0008057412656746515",validation_search,full_rtx_pro_6000,False,cuda,NVIDIA RTX PRO 6000 Blackwell Server Edition,2.11.0+cu130,13.0,True
hyperparameter_search,movielens_100k,dnn,de_opt,0.622078901196603,0.5627695166154689,0.5036120642947445,,,,0.5853522777557373,False,456,0.06383441016077995,2318.34765625,24.3984375,1034.6,98.72419354838712,0.060000000000002274,0.0,"embedding_dim=48, hidden_dim=64, dropout=0.1067703467308553, lr=0.0008057412656746515",validation_search,full_rtx_pro_6000,False,cuda,NVIDIA RTX PRO 6000 Blackwell Server Edition,2.11.0+cu130,13.0,True
hyperparameter_search,movielens_100k,dnn,de_opt,0.6402666756343105,0.5854492714495363,0.5858768286075492,,,,0.5836177170276642,False,789,0.06421181000769138,2318.34765625,24.3984375,1027.1,86.26129032258065,0.060000000000002274,0.0,"embedding_dim=48, hidden_dim=64, dropout=0.1067703467308553, lr=0.0008057412656746515",validation_search,full_rtx_pro_6000,False,cuda,NVIDIA RTX PRO 6000 Blackwell Server Edition,2.11.0+cu130,13.0,True
hyperparameter_search,movielens_100k,dnn,de_opt,0.6344079327899016,0.5777203391504194,0.5733249051833123,,,,0.5899461150169373,False,2026,0.06363484589383006,2318.34765625,24.3984375,1037.3,96.48548387096773,0.060000000000002274,0.0,"embedding_dim=48, hidden_dim=64, dropout=0.1067703467308553, lr=0.0008057412656746515",validation_search,full_rtx_pro_6000,False,cuda,NVIDIA RTX PRO 6000 Blackwell Server Edition,2.11.0+cu130,13.0,True
hyperparameter_search,movielens_100k,dnn,de_opt,0.5714317516368859,0.5242968392600578,0.48437782192523027,,,,0.3668810397386551,False,42,0.06393253500573337,2318.34765625,24.3984375,1030.3,98.59032258064515,0.05999999999998806,0.0,"embedding_dim=48, hidden_dim=64, dropout=0.2734701010956551, lr=0.0023038636744360484",validation_search,full_rtx_pro_6000,False,cuda,NVIDIA RTX PRO 6000 Blackwell Server Edition,2.11.0+cu130,13.0,True
hyperparameter_search,movielens_100k,dnn,de_opt,0.5578112456014865,0.5155417204262474,0.4767021852988983,,,,0.3582939565181732,False,123,0.06361383595503867,2318.34765625,24.3984375,1036.4,100.59193548387097,0.07000000000000739,0.0,"embedding_dim=48, hidden_dim=64, dropout=0.2734701010956551, lr=0.0023038636744360484",validation_search,full_rtx_pro_6000,False,cuda,NVIDIA RTX PRO 6000 Blackwell Server Edition,2.11.0+cu130,13.0,True
hyperparameter_search,movielens_100k,dnn,de_opt,0.568752042876123,0.5228751455409963,0.47607007404731805,,,,0.3707811802625656,False,456,0.0639268069062382,2318.34765625,24.3984375,1025.6,114.81935483870969,0.060000000000002274,0.010000000000000009,"embedding_dim=48, hidden_dim=64, dropout=0.2734701010956551, lr=0.0023038636744360484",validation_search,full_rtx_pro_6000,False,cuda,NVIDIA RTX PRO 6000 Blackwell Server Edition,2.11.0+cu130,13.0,True
hyperparameter_search,movielens_100k,dnn,de_opt,0.5690791966134924,0.5270498175076953,0.4838360122810186,,,,0.358621409535408,False,789,0.06377983489073813,2318.34765625,24.3984375,1027.8,98.491935483871,0.060000000000002274,0.0,"embedding_dim=48, hidden_dim=64, dropout=0.2734701010956551, lr=0.0023038636744360484",validation_search,full_rtx_pro_6000,False,cuda,NVIDIA RTX PRO 6000 Blackwell Server Edition,2.11.0+cu130,13.0,True
hyperparameter_search,movielens_100k,dnn,de_opt,0.5517690128917165,0.5131788937773818,0.4797724399494311,,,,0.3493846207857132,False,2026,0.06376607599668205,2318.34765625,24.3984375,1034.7,99.10161290322581,0.06999999999999318,0.0,"embedding_dim=48, hidden_dim=64, dropout=0.2734701010956551, lr=0.0023038636744360484",validation_search,full_rtx_pro_6000,False,cuda,NVIDIA RTX PRO 6000 Blackwell Server Edition,2.11.0+cu130,13.0,True
hyperparameter_search,movielens_100k,dnn,de_opt,0.5084441869689806,0.4793626449986968,0.45430738667148274,,,,0.34714289009571075,False,42,0.06396724306978285,2318.34765625,24.0546875,1032.7,96.41451612903225,0.060000000000002274,0.0,"embedding_dim=48, hidden_dim=32, dropout=0.038505141534206005, lr=0.00608194113704693",validation_search,full_rtx_pro_6000,False,cuda,NVIDIA RTX PRO 6000 Blackwell Server Edition,2.11.0+cu130,13.0,True
hyperparameter_search,movielens_100k,dnn,de_opt,0.48514095775936417,0.47256100940463525,0.45683583167780384,,,,0.35194132924079896,False,123,0.06386826699599624,2318.34765625,24.0546875,1025.8,101.91451612903222,0.06999999999999318,0.0,"embedding_dim=48, hidden_dim=32, dropout=0.038505141534206005, lr=0.00608194113704693",validation_search,full_rtx_pro_6000,False,cuda,NVIDIA RTX PRO 6000 Blackwell Server Edition,2.11.0+cu130,13.0,True
hyperparameter_search,movielens_100k,dnn,de_opt,0.5200225915475151,0.4965448037460723,0.47047137439046416,,,,0.36231673061847686,False,456,0.06411280296742916,2318.34765625,24.0546875,1040.5,99.04516129032257,0.060000000000002274,0.0,"embedding_dim=48, hidden_dim=32, dropout=0.038505141534206005, lr=0.00608194113704693",validation_search,full_rtx_pro_6000,False,cuda,NVIDIA RTX PRO 6000 Blackwell Server Edition,2.11.0+cu130,13.0,True
hyperparameter_search,movielens_100k,dnn,de_opt,0.5151307461920104,0.4874375904952091,0.45999638793570524,,,,0.3472310572862625,False,789,0.06386021501384676,2318.35546875,24.0546875,1028.4,98.38870967741934,0.060000000000002274,0.0,"embedding_dim=48, hidden_dim=32, dropout=0.038505141534206005, lr=0.00608194113704693",validation_search,full_rtx_pro_6000,False,cuda,NVIDIA RTX PRO 6000 Blackwell Server Edition,2.11.0+cu130,13.0,True
hyperparameter_search,movielens_100k,dnn,de_opt,0.5117227534184875,0.48672685294146295,0.46405996026729274,,,,0.3413242220878601,False,2026,0.06420457013882697,2318.35546875,24.0546875,1024.6,83.63387096774194,0.05999999999998806,0.0,"embedding_dim=48, hidden_dim=32, dropout=0.038505141534206005, lr=0.00608194113704693",validation_search,full_rtx_pro_6000,False,cuda,NVIDIA RTX PRO 6000 Blackwell Server Edition,2.11.0+cu130,13.0,True
hyperparameter_search,movielens_100k,dnn,de_opt,0.6671146139574483,0.6064555916311675,0.591746433086509,,,,0.5215926438570022,False,42,0.06290570111013949,2318.35546875,22.02734375,1037.2,87.40645161290324,0.060000000000002274,0.0,"embedding_dim=16, hidden_dim=96, dropout=0.29571271528168414, lr=0.0014531457266438446",validation_search,full_rtx_pro_6000,False,cuda,NVIDIA RTX PRO 6000 Blackwell Server Edition,2.11.0+cu130,13.0,True
hyperparameter_search,movielens_100k,dnn,de_opt,0.6336962184778975,0.5789686965115554,0.5628499187285534,,,,0.516712161898613,False,123,0.06307537504471838,2318.35546875,22.02734375,1044.4,87.37903225806451,0.060000000000002274,0.0,"embedding_dim=16, hidden_dim=96, dropout=0.29571271528168414, lr=0.0014531457266438446",validation_search,full_rtx_pro_6000,False,cuda,NVIDIA RTX PRO 6000 Blackwell Server Edition,2.11.0+cu130,13.0,True
hyperparameter_search,movielens_100k,dnn,de_opt,0.6743056683804673,0.6129832640323785,0.6000541809644212,,,,0.5153396755456925,False,456,0.06289656786248088,2318.35546875,22.02734375,1045.4,87.57741935483868,0.060000000000002274,0.0,"embedding_dim=16, hidden_dim=96, dropout=0.29571271528168414, lr=0.0014531457266438446",validation_search,full_rtx_pro_6000,False,cuda,NVIDIA RTX PRO 6000 Blackwell Server Edition,2.11.0+cu130,13.0,True
hyperparameter_search,movielens_100k,dnn,de_opt,0.6305985814183397,0.5795050042914729,0.5609535849738125,,,,0.5345017820596695,False,789,0.06301527190953493,2318.35546875,22.02734375,1053.3,100.66774193548387,0.060000000000002274,0.0,"embedding_dim=16, hidden_dim=96, dropout=0.29571271528168414, lr=0.0014531457266438446",validation_search,full_rtx_pro_6000,False,cuda,NVIDIA RTX PRO 6000 Blackwell Server Edition,2.11.0+cu130,13.0,True
hyperparameter_search,movielens_100k,dnn,de_opt,0.6691612818672774,0.606380104495224,0.587321654325447,,,,0.5359565675258636,False,2026,0.06269371905364096,2318.35546875,22.02734375,1048.4,101.36935483870965,0.06999999999999318,0.0,"embedding_dim=16, hidden_dim=96, dropout=0.29571271528168414, lr=0.0014531457266438446",validation_search,full_rtx_pro_6000,False,cuda,NVIDIA RTX PRO 6000 Blackwell Server Edition,2.11.0+cu130,13.0,True
hyperparameter_search,movielens_100k,dnn,de_opt,0.6467619983307005,0.5915363775574016,0.5689001264222503,,,,0.6596971154212952,False,42,0.06286323303356767,2318.35546875,21.49609375,1045.1,104.00483870967744,0.060000000000002274,0.009999999999999787,"embedding_dim=16, hidden_dim=64, dropout=0.3011350207275097, lr=0.0007679403584773888",validation_search,full_rtx_pro_6000,False,cuda,NVIDIA RTX PRO 6000 Blackwell Server Edition,2.11.0+cu130,13.0,True
hyperparameter_search,movielens_100k,dnn,de_opt,0.5694314332246442,0.5339070868010679,0.5133646378905544,,,,0.6739608764648437,False,123,0.06271627987734973,2318.35546875,21.49609375,1046.0,87.50806451612904,0.060000000000002274,0.0,"embedding_dim=16, hidden_dim=64, dropout=0.3011350207275097, lr=0.0007679403584773888",validation_search,full_rtx_pro_6000,False,cuda,NVIDIA RTX PRO 6000 Blackwell Server Edition,2.11.0+cu130,13.0,True
hyperparameter_search,movielens_100k,dnn,de_opt,0.61184451788678,0.5682401115046001,0.5692613328517248,,,,0.6694731473922729,False,456,0.06279375590384007,2318.35546875,21.49609375,1047.5,100.30967741935488,0.060000000000002274,0.0,"embedding_dim=16, hidden_dim=64, dropout=0.3011350207275097, lr=0.0007679403584773888",validation_search,full_rtx_pro_6000,False,cuda,NVIDIA RTX PRO 6000 Blackwell Server Edition,2.11.0+cu130,13.0,True
hyperparameter_search,movielens_100k,dnn,de_opt,0.7032003072309554,0.6688150425842063,0.6524291132382156,,,,0.6690647065639496,False,789,0.06258270610123873,2318.35546875,21.49609375,1051.3,100.36290322580645,0.060000000000002274,0.0,"embedding_dim=16, hidden_dim=64, dropout=0.3011350207275097, lr=0.0007679403584773888",validation_search,full_rtx_pro_6000,False,cuda,NVIDIA RTX PRO 6000 Blackwell Server Edition,2.11.0+cu130,13.0,True
hyperparameter_search,movielens_100k,dnn,de_opt,0.7007112641902118,0.6593537223260131,0.6510745891276865,,,,0.6733286142349243,False,2026,0.06267656502313912,2318.35546875,21.49609375,1047.6,98.08225806451615,0.06999999999999318,0.0,"embedding_dim=16, hidden_dim=64, dropout=0.3011350207275097, lr=0.0007679403584773888",validation_search,full_rtx_pro_6000,False,cuda,NVIDIA RTX PRO 6000 Blackwell Server Edition,2.11.0+cu130,13.0,True
hyperparameter_search,movielens_100k,dnn,de_opt,0.6395299436835664,0.5813093036592873,0.5772981759075312,,,,0.5432155728340149,False,42,0.0637114301789552,2318.35546875,22.947265625,1031.8,86.1822580645161,0.060000000000002274,0.0,"embedding_dim=32, hidden_dim=64, dropout=0.22501521292905594, lr=0.0011704615926464584",validation_search,full_rtx_pro_6000,False,cuda,NVIDIA RTX PRO 6000 Blackwell Server Edition,2.11.0+cu130,13.0,True
hyperparameter_search,movielens_100k,dnn,de_opt,0.5974404900665133,0.5450314668694856,0.5290771175726928,,,,0.5321717202663422,False,123,0.06368717807345092,2318.35546875,22.947265625,1040.7,98.76612903225808,0.060000000000002274,0.0,"embedding_dim=32, hidden_dim=64, dropout=0.22501521292905594, lr=0.0011704615926464584",validation_search,full_rtx_pro_6000,False,cuda,NVIDIA RTX PRO 6000 Blackwell Server Edition,2.11.0+cu130,13.0,True
hyperparameter_search,movielens_100k,dnn,de_opt,0.6072228271503941,0.55250571038714,0.510926494491602,,,,0.5285585671663284,False,456,0.06384134897962213,2318.35546875,22.947265625,1023.9,114.30483870967744,0.060000000000002274,0.010000000000000009,"embedding_dim=32, hidden_dim=64, dropout=0.22501521292905594, lr=0.0011704615926464584",validation_search,full_rtx_pro_6000,False,cuda,NVIDIA RTX PRO 6000 Blackwell Server Edition,2.11.0+cu130,13.0,True
hyperparameter_search,movielens_100k,dnn,de_opt,0.608968696279962,0.5531871392501969,0.5165251941484559,,,,0.5361693263053894,False,789,0.06355785997584462,2318.35546875,22.947265625,1025.8,86.20645161290322,0.060000000000002274,0.0,"embedding_dim=32, hidden_dim=64, dropout=0.22501521292905594, lr=0.0011704615926464584",validation_search,full_rtx_pro_6000,False,cuda,NVIDIA RTX PRO 6000 Blackwell Server Edition,2.11.0+cu130,13.0,True
hyperparameter_search,movielens_100k,dnn,de_opt,0.616243006925776,0.5558293487716822,0.5726024923243633,,,,0.5437232732772828,False,2026,0.06376266083680093,2318.35546875,22.947265625,1032.1,96.66612903225806,0.060000000000002274,0.0,"embedding_dim=32, hidden_dim=64, dropout=0.22501521292905594, lr=0.0011704615926464584",validation_search,full_rtx_pro_6000,False,cuda,NVIDIA RTX PRO 6000 Blackwell Server Edition,2.11.0+cu130,13.0,True
hyperparameter_search,movielens_100k,dnn,de_opt,0.6404034245918301,0.5776384173130379,0.5407260249232436,,,,0.5444396138191223,False,42,0.06273741903714836,2318.35546875,21.49609375,1048.7,97.4709677419355,0.060000000000002274,0.0,"embedding_dim=16, hidden_dim=64, dropout=0.29571271528168414, lr=0.0014531457266438446",validation_search,full_rtx_pro_6000,False,cuda,NVIDIA RTX PRO 6000 Blackwell Server Edition,2.11.0+cu130,13.0,True
hyperparameter_search,movielens_100k,dnn,de_opt,0.588681707105815,0.5427819458554717,0.5065920173379086,,,,0.5930784285068512,False,123,0.06284194299951196,2318.35546875,21.49609375,1047.1,87.38064516129032,0.060000000000002274,0.0,"embedding_dim=16, hidden_dim=64, dropout=0.29571271528168414, lr=0.0014531457266438446",validation_search,full_rtx_pro_6000,False,cuda,NVIDIA RTX PRO 6000 Blackwell Server Edition,2.11.0+cu130,13.0,True
hyperparameter_search,movielens_100k,dnn,de_opt,0.622850289263594,0.5745082775141829,0.5724218891096261,,,,0.5785114705562592,False,456,0.06270627584308386,2318.35546875,21.49609375,1048.2,100.35967741935487,0.060000000000002274,0.0,"embedding_dim=16, hidden_dim=64, dropout=0.29571271528168414, lr=0.0014531457266438446",validation_search,full_rtx_pro_6000,False,cuda,NVIDIA RTX PRO 6000 Blackwell Server Edition,2.11.0+cu130,13.0,True
hyperparameter_search,movielens_100k,dnn,de_opt,0.7144356570305485,0.6739535380883523,0.664890735055084,,,,0.574745362997055,False,789,0.06284481682814658,2318.35546875,21.49609375,1052.2,100.45322580645161,0.060000000000002274,0.0,"embedding_dim=16, hidden_dim=64, dropout=0.29571271528168414, lr=0.0014531457266438446",validation_search,full_rtx_pro_6000,False,cuda,NVIDIA RTX PRO 6000 Blackwell Server Edition,2.11.0+cu130,13.0,True
hyperparameter_search,movielens_100k,dnn,de_opt,0.7002203541877912,0.6474364421297409,0.6442116669676721,,,,0.5887644350528717,False,2026,0.06262488407082856,2318.35546875,21.49609375,1052.3,117.56290322580647,0.060000000000002274,0.010000000000000009,"embedding_dim=16, hidden_dim=64, dropout=0.29571271528168414, lr=0.0014531457266438446",validation_search,full_rtx_pro_6000,False,cuda,NVIDIA RTX PRO 6000 Blackwell Server Edition,2.11.0+cu130,13.0,True
hyperparameter_search,movielens_100k,dnn,de_opt,0.6671146139574483,0.6064555916311675,0.591746433086509,0.6464729520365613,0.6118949549036466,0.58261105092091,0.5215926438570022,True,42,0.06638493295758963,2318.35546875,22.02734375,1057.1,99.64677419354837,0.06999999999999318,0.0,"Validation-selected configuration: embedding_dim=16, hidden_dim=96, dropout=0.29571271528168414, lr=0.0014531457266438446",final_test,full_rtx_pro_6000,False,cuda,NVIDIA RTX PRO 6000 Blackwell Server Edition,2.11.0+cu130,13.0,True
hyperparameter_search,movielens_100k,dnn,de_opt,0.6336962184778975,0.5789686965115554,0.5628499187285534,0.6563616053815647,0.6214791742418835,0.5895630191404839,0.516712161898613,True,123,0.0662970319390297,2318.35546875,22.02734375,1049.4,100.61612903225804,0.060000000000002274,0.0,"Validation-selected configuration: embedding_dim=16, hidden_dim=96, dropout=0.29571271528168414, lr=0.0014531457266438446",final_test,full_rtx_pro_6000,False,cuda,NVIDIA RTX PRO 6000 Blackwell Server Edition,2.11.0+cu130,13.0,True
hyperparameter_search,movielens_100k,dnn,de_opt,0.6743056683804673,0.6129832640323785,0.6000541809644212,0.6675392452500932,0.6348710258441324,0.6058143734200072,0.5153396755456925,True,456,0.06646128906868398,2318.35546875,22.02734375,1046.3,85.91290322580645,0.060000000000002274,0.0,"Validation-selected configuration: embedding_dim=16, hidden_dim=96, dropout=0.29571271528168414, lr=0.0014531457266438446",final_test,full_rtx_pro_6000,False,cuda,NVIDIA RTX PRO 6000 Blackwell Server Edition,2.11.0+cu130,13.0,True
hyperparameter_search,movielens_100k,dnn,de_opt,0.6305985814183397,0.5795050042914729,0.5609535849738125,0.6404934500931938,0.6157306233680716,0.5747562296858072,0.5345017820596695,True,789,0.06610719999298453,2318.35546875,22.02734375,1062.4,100.22580645161287,0.06999999999999318,0.0,"Validation-selected configuration: embedding_dim=16, hidden_dim=96, dropout=0.29571271528168414, lr=0.0014531457266438446",final_test,full_rtx_pro_6000,False,cuda,NVIDIA RTX PRO 6000 Blackwell Server Edition,2.11.0+cu130,13.0,True
hyperparameter_search,movielens_100k,dnn,de_opt,0.6691612818672774,0.606380104495224,0.587321654325447,0.6600228227156645,0.6234198961891602,0.5887504514265077,0.5359565675258636,True,2026,0.06636873120442033,2318.35546875,22.02734375,1051.6,100.0983870967742,0.07000000000000739,0.0,"Validation-selected configuration: embedding_dim=16, hidden_dim=96, dropout=0.29571271528168414, lr=0.0014531457266438446",final_test,full_rtx_pro_6000,False,cuda,NVIDIA RTX PRO 6000 Blackwell Server Edition,2.11.0+cu130,13.0,True
model_family,movielens_100k,dnn,adam,0.4480112754856594,0.4519501340360517,0.4541267834567455,0.45317565913487057,0.48008679370066715,0.46939328277356446,0.3281774580478668,True,42,0.126831826986745,2318.35546875,22.947265625,1032.9,97.72868852459013,0.12999999999999545,0.0,,,full_rtx_pro_6000,False,cuda,NVIDIA RTX PRO 6000 Blackwell Server Edition,2.11.0+cu130,13.0,True
model_family,movielens_100k,gnn,adam,0.36665897001892045,0.4159944774780661,0.4473541629040997,0.3709456878318368,0.443106069801022,0.46144817623690865,0.3234396010637283,True,42,0.26201584888622165,2319.5390625,49.49560546875,542.7,97.1983606557377,0.23000000000000398,0.0,,,full_rtx_pro_6000,False,cuda,NVIDIA RTX PRO 6000 Blackwell Server Edition,2.11.0+cu130,13.0,True
model_family,movielens_100k,rhmm,adam,0.3168516400856157,0.40245103290033374,0.4665884052736139,0.3293686706547403,0.4354564320101988,0.4789635247381726,0.33956156969070433,True,42,1.9580344180576503,2390.4140625,124.53466796875,199.0,97.07868852459015,0.710000000000008,0.010000000000000009,,,full_rtx_pro_6000,False,cuda,NVIDIA RTX PRO 6000 Blackwell Server Edition,2.11.0+cu130,13.0,True
model_family,movielens_100k,psl_dnn,adam,0.3585782563971358,0.4110130237724127,0.44925049665884054,0.3664649251548218,0.4451309053121758,0.4695738533766703,0.3165944844484329,True,42,0.9725339589640498,2391.01171875,22.9921875,142.8,99.1418032786885,0.9699999999999989,0.010000000000000009,,,full_rtx_pro_6000,False,cuda,NVIDIA RTX PRO 6000 Blackwell Server Edition,2.11.0+cu130,13.0,True
model_family,movielens_100k,gnn_bilstm,adam,0.3594952653874053,0.41410085921424133,0.44717355968936245,0.37013631548064585,0.44411566616752784,0.46289274106175515,0.32834447622299195,True,42,0.827885139035061,2391.5,131.345703125,164.3,97.81065573770489,0.8199999999999932,0.0,,,full_rtx_pro_6000,False,cuda,NVIDIA RTX PRO 6000 Blackwell Server Edition,2.11.0+cu130,13.0,True
model_family,movielens_100k,rl_gnn,bandit_policy,0.3038834029298819,0.3900635365543261,0.43886581181145023,0.3104226473750225,0.41746380358713153,0.4597327555074034,,True,42,0.47709909081459045,2400.68359375,49.4921875,626.3,96.50983606557375,0.23000000000000398,0.0,selected_expert=residual,,full_rtx_pro_6000,False,cuda,NVIDIA RTX PRO 6000 Blackwell Server Edition,2.11.0+cu130,13.0,True
model_family,movielens_100k,dnn,adam,0.4627831310921987,0.46181709466621557,0.45764854614412137,0.4708965216324104,0.4905236775246627,0.47372697724810403,0.32258653938770293,True,123,0.12824610504321754,2400.8046875,22.947265625,1019.5,106.53196721311475,0.12000000000000455,0.010000000000000009,,,full_rtx_pro_6000,False,cuda,NVIDIA RTX PRO 6000 Blackwell Server Edition,2.11.0+cu130,13.0,True
model_family,movielens_100k,gnn,adam,0.3770001430930654,0.4182694032525265,0.4459093371862019,0.3786174767302596,0.44515651172189236,0.46253159985554354,0.31143980622291567,True,123,0.23697626893408597,2400.8046875,49.49560546875,537.6,96.69754098360652,0.23000000000000398,0.0,,,full_rtx_pro_6000,False,cuda,NVIDIA RTX PRO 6000 Blackwell Server Edition,2.11.0+cu130,13.0,True
model_family,movielens_100k,rhmm,adam,0.3943329470657751,0.4322666807058625,0.45502979953043166,0.40212364136761003,0.4578814724337814,0.46686529433008306,0.3327981889247894,True,123,0.695531465113163,2400.83984375,124.53466796875,198.9,98.99836065573773,0.6899999999999977,0.0,,,full_rtx_pro_6000,False,cuda,NVIDIA RTX PRO 6000 Blackwell Server Edition,2.11.0+cu130,13.0,True
model_family,movielens_100k,psl_dnn,adam,0.38533206055416713,0.4234407166295201,0.4515983384504244,0.38963678311220773,0.45629940026502663,0.469844709281329,0.3123573184013367,True,123,1.4228230200242251,2400.99609375,22.9921875,276.4,99.14754098360652,1.3799999999999955,0.040000000000000036,,,full_rtx_pro_6000,False,cuda,NVIDIA RTX PRO 6000 Blackwell Server Edition,2.11.0+cu130,13.0,True
model_family,movielens_100k,gnn_bilstm,adam,0.3519614497431354,0.4124209434853754,0.44301968575040634,0.3661344985582392,0.44591789842666374,0.4573853376670278,0.3318130552768707,True,123,0.8272675781045109,2400.99609375,131.345703125,165.1,97.96639344262296,0.8200000000000074,0.0,,,full_rtx_pro_6000,False,cuda,NVIDIA RTX PRO 6000 Blackwell Server Edition,2.11.0+cu130,13.0,True
model_family,movielens_100k,rl_gnn,bandit_policy,0.374378819695203,0.419615512862209,0.3717717175365722,0.38305343911679646,0.45460313746718073,0.38127482845792704,,True,123,0.2253056929912418,2400.99609375,49.4921875,647.9,95.04344262295085,0.21999999999999886,0.0,selected_expert=last,,full_rtx_pro_6000,False,cuda,NVIDIA RTX PRO 6000 Blackwell Server Edition,2.11.0+cu130,13.0,True
model_family,movielens_100k,dnn,adam,0.46128269250070025,0.4592833792544292,0.46153151526097164,0.45390800041891854,0.48415099334591777,0.4786926688335139,0.32852199375629426,True,456,0.12715594400651753,2400.99609375,22.947265625,1026.0,92.48360655737706,0.12000000000000455,0.0,,,full_rtx_pro_6000,False,cuda,NVIDIA RTX PRO 6000 Blackwell Server Edition,2.11.0+cu130,13.0,True
model_family,movielens_100k,gnn,adam,0.3805857382693776,0.42405672132967187,0.46071880079465416,0.38564370452884633,0.4500783904887494,0.47544239797760923,0.3309376060962677,True,456,0.23631113301962614,2400.99609375,49.49560546875,538.7,96.20409836065572,0.23000000000000398,0.0,,,full_rtx_pro_6000,False,cuda,NVIDIA RTX PRO 6000 Blackwell Server Edition,2.11.0+cu130,13.0,True
model_family,movielens_100k,rhmm,adam,0.3417902954981069,0.41256289071275554,0.4541267834567455,0.3531801880725324,0.4463766135140371,0.4661430119176598,0.3382758855819702,True,456,0.6950945528224111,2400.99609375,124.53466796875,199.4,97.72540983606558,0.6900000000000119,0.0,,,full_rtx_pro_6000,False,cuda,NVIDIA RTX PRO 6000 Blackwell Server Edition,2.11.0+cu130,13.0,True
model_family,movielens_100k,psl_dnn,adam,0.36057488902948487,0.41444215860295347,0.4520498464872675,0.3728246752696266,0.4525629969020294,0.4712892741061755,0.32166908085346224,True,456,0.973308274988085,2400.99609375,22.9921875,142.2,99.18606557377049,0.9699999999999989,0.010000000000000009,,,full_rtx_pro_6000,False,cuda,NVIDIA RTX PRO 6000 Blackwell Server Edition,2.11.0+cu130,13.0,True
model_family,movielens_100k,gnn_bilstm,adam,0.30221495148681915,0.3960679753521873,0.44798627415568,0.3166887864025184,0.4325545915693516,0.4619898880462261,0.33815695643424987,True,456,0.8270377810113132,2400.99609375,131.345703125,164.7,98.0409836065574,0.8199999999999932,0.0,,,full_rtx_pro_6000,False,cuda,NVIDIA RTX PRO 6000 Blackwell Server Edition,2.11.0+cu130,13.0,True
model_family,movielens_100k,rl_gnn,bandit_policy,0.44293913678186864,0.4482289676872042,0.46225392811992055,0.43745038221103716,0.47334199750565387,0.4811303719754424,,True,456,0.22641239687800407,2400.99609375,49.412109375,652.5,99.76803278688524,0.21999999999999886,0.0,selected_expert=residual,,full_rtx_pro_6000,False,cuda,NVIDIA RTX PRO 6000 Blackwell Server Edition,2.11.0+cu130,13.0,True
model_family,movielens_100k,dnn,adam,0.475308047208904,0.4697590834760821,0.4592739750767564,0.46157145855008,0.4866072511411446,0.47228241242325747,0.3281001091003418,True,789,0.12736566294915974,2400.99609375,22.947265625,1027.3,99.39754098360653,0.13000000000000966,0.0,,,full_rtx_pro_6000,False,cuda,NVIDIA RTX PRO 6000 Blackwell Server Edition,2.11.0+cu130,13.0,True
model_family,movielens_100k,gnn,adam,0.35391434227959095,0.41506507060492454,0.45819035578833306,0.3582508049379702,0.4465855540812278,0.47435897435897434,0.33203708827495576,True,789,0.23672322905622423,2400.99609375,49.49560546875,537.5,100.61639344262294,0.22999999999998977,0.010000000000000009,,,full_rtx_pro_6000,False,cuda,NVIDIA RTX PRO 6000 Blackwell Server Edition,2.11.0+cu130,13.0,True
model_family,movielens_100k,rhmm,adam,0.3472765136331943,0.41481047894553336,0.4401300343146108,0.3517512903070561,0.4431771668817462,0.45341278439869986,0.3434198617935181,True,789,0.698348234873265,2401.03125,124.53466796875,199.0,98.91065573770497,0.6899999999999977,0.0,,,full_rtx_pro_6000,False,cuda,NVIDIA RTX PRO 6000 Blackwell Server Edition,2.11.0+cu130,13.0,True
model_family,movielens_100k,psl_dnn,adam,0.4194046167296114,0.4392339037532472,0.4535849738125339,0.41663784319011454,0.4639915979699115,0.4694835680751174,0.32095003724098203,True,789,0.9784901631064713,2401.03125,22.9921875,141.1,97.61639344262295,0.9699999999999989,0.0,,,full_rtx_pro_6000,False,cuda,NVIDIA RTX PRO 6000 Blackwell Server Edition,2.11.0+cu130,13.0,True
model_family,movielens_100k,gnn_bilstm,adam,0.38901397527050446,0.42717395264001434,0.4499729095177894,0.3899793064393342,0.4554827174848686,0.4641567352834958,0.3356034070253372,True,789,0.8262415549252182,2401.1328125,131.345703125,324.7,99.4655737704918,0.8199999999999932,0.010000000000000009,,,full_rtx_pro_6000,False,cuda,NVIDIA RTX PRO 6000 Blackwell Server Edition,2.11.0+cu130,13.0,True
model_family,movielens_100k,rl_gnn,bandit_policy,0.3627384744439601,0.41598492887512295,0.41484558425139967,0.35956688683368376,0.44511548682208796,0.4321957385337667,,True,789,0.2248947760090232,2401.1328125,49.412109375,647.6,103.6754098360656,0.21999999999999886,0.0,selected_expert=last,,full_rtx_pro_6000,False,cuda,NVIDIA RTX PRO 6000 Blackwell Server Edition,2.11.0+cu130,13.0,True
model_family,movielens_100k,dnn,adam,0.4687322733965398,0.4641716648360112,0.4589127686472819,0.47413989637373277,0.4932866596299136,0.4724629830263633,0.33410761058330535,True,2026,0.12810853612609208,2401.1328125,22.947265625,1025.7,98.21721311475409,0.12000000000000455,0.0,,,full_rtx_pro_6000,False,cuda,NVIDIA RTX PRO 6000 Blackwell Server Edition,2.11.0+cu130,13.0,True
model_family,movielens_100k,gnn,adam,0.3458772709011363,0.41074090851483336,0.4520498464872675,0.3606490714340958,0.44518244358844566,0.4647887323943662,0.33456372320652006,True,2026,0.23686854005791247,2401.1328125,49.49560546875,1047.7,100.79672131147542,0.22999999999998977,0.010000000000000009,,,full_rtx_pro_6000,False,cuda,NVIDIA RTX PRO 6000 Blackwell Server Edition,2.11.0+cu130,13.0,True
model_family,movielens_100k,rhmm,adam,0.32182527387546284,0.40660156677189985,0.4438324002167239,0.33430772334835934,0.43579465642670695,0.4526002166847237,0.3497196823358536,True,2026,0.6954738460481167,2401.1328125,124.53466796875,199.1,99.03524590163933,0.6899999999999977,0.0,,,full_rtx_pro_6000,False,cuda,NVIDIA RTX PRO 6000 Blackwell Server Edition,2.11.0+cu130,13.0,True
model_family,movielens_100k,psl_dnn,adam,0.41427505487979477,0.43464766267537525,0.45123713202094995,0.4205671612436143,0.4664718624803413,0.4644275911881546,0.32553223371505735,True,2026,0.9732057128567249,2401.15625,22.9921875,141.1,99.13524590163932,0.9699999999999989,0.0,,,full_rtx_pro_6000,False,cuda,NVIDIA RTX PRO 6000 Blackwell Server Edition,2.11.0+cu130,13.0,True
model_family,movielens_100k,gnn_bilstm,adam,0.3651611082115947,0.41742107262259465,0.4495214014809464,0.3759590490130829,0.4505056637732822,0.4633441675695197,0.3397162050008774,True,2026,1.2489933329634368,2401.15625,131.345703125,164.3,97.21065573770494,1.2200000000000273,0.020000000000000018,,,full_rtx_pro_6000,False,cuda,NVIDIA RTX PRO 6000 Blackwell Server Edition,2.11.0+cu130,13.0,True
model_family,movielens_100k,rl_gnn,bandit_policy,0.2944469420405241,0.3910483974119326,0.46315694419360665,0.3015184266137984,0.4223459679604653,0.481491513181654,,True,2026,0.2251930981874466,2401.15625,49.412109375,647.7,99.39344262295079,0.22999999999998977,0.010000000000000009,selected_expert=last,,full_rtx_pro_6000,False,cuda,NVIDIA RTX PRO 6000 Blackwell Server Edition,2.11.0+cu130,13.0,True
optimizer_training,ogbl_collab,gnn,adam,0.9059528727281805,0.8365847738807805,0.8216498838109992,0.8911883175764641,0.7735330286730052,0.8091560797927957,0.3278040915727615,True,42,0.6683571040630341,2449.65234375,699.666015625,221.8,97.69516129032255,0.5299999999999727,0.0,,,full_rtx_pro_6000,False,cuda,NVIDIA RTX PRO 6000 Blackwell Server Edition,2.11.0+cu130,13.0,True
optimizer_training,ogbl_collab,gnn,sgd,0.5534130599660475,0.380247952541964,0.375327952824767,0.5411649500312978,0.31478222159178415,0.31660846448755886,0.6937022686004639,True,42,0.5198353789746761,2449.90234375,684.849609375,225.9,99.14354838709677,0.5099999999999909,0.010000000000000009,,,full_rtx_pro_6000,False,cuda,NVIDIA RTX PRO 6000 Blackwell Server Edition,2.11.0+cu130,13.0,True
optimizer_training,ogbl_collab,gnn,pso,0.5101973557852341,0.36738681529094996,0.4392443966917368,0.5027918653543136,0.30433590838948665,0.3949319683726397,,True,42,4.822490456979722,3976.484375,340.23095703125,154.4,136.32857142857142,5.909999999999997,1.1999999999999997,Population-based training on the same neural recommender.,,full_rtx_pro_6000,False,cuda,NVIDIA RTX PRO 6000 Blackwell Server Edition,2.11.0+cu130,13.0,True
optimizer_training,ogbl_collab,gnn,evolutionary,0.5305392443911856,0.36553550996090484,0.375327952824767,0.5197796488160763,0.3027231423351005,0.31660846448755886,,True,42,7.233844590838999,3602.234375,340.23095703125,286.7,209.20833333333334,15.599999999999994,0.6500000000000004,Population-based training on the same neural recommender.,,full_rtx_pro_6000,False,cuda,NVIDIA RTX PRO 6000 Blackwell Server Edition,2.11.0+cu130,13.0,True
optimizer_training,ogbl_collab,gnn,adam,0.8679633832634313,0.7758470765619329,0.7656542815022114,0.8540988299984891,0.7059803247450369,0.7506782660989961,0.41170321106910707,True,123,0.5232386970892549,2506.7421875,699.666015625,221.5,97.13870967741936,0.5200000000000102,0.0,,,full_rtx_pro_6000,False,cuda,NVIDIA RTX PRO 6000 Blackwell Server Edition,2.11.0+cu130,13.0,True
optimizer_training,ogbl_collab,gnn,sgd,0.4084150521769523,0.3080570297346142,0.624672047175233,0.42088998035787517,0.2608182486846773,0.6833915355124411,0.6946078896522522,True,123,0.5226323618553579,2446.37109375,684.849609375,432.7,98.66612903225808,0.5099999999999909,0.009999999999999787,,,full_rtx_pro_6000,False,cuda,NVIDIA RTX PRO 6000 Blackwell Server Edition,2.11.0+cu130,13.0,True
optimizer_training,ogbl_collab,gnn,pso,0.4959538216496905,0.3615201301058106,0.5735426401139402,0.4973035696863735,0.306989755769854,0.614498834817432,,True,123,4.854326979955658,3991.796875,340.23095703125,153.6,137.24285714285716,5.969999999999999,1.2300000000000004,Population-based training on the same neural recommender.,,full_rtx_pro_6000,False,cuda,NVIDIA RTX PRO 6000 Blackwell Server Edition,2.11.0+cu130,13.0,True
optimizer_training,ogbl_collab,gnn,evolutionary,0.4119510847313761,0.31067735795534296,0.624672047175233,0.4241935408707289,0.2630795502325797,0.6833915355124411,,True,123,7.269293339224532,3617.4140625,340.23095703125,292.8,208.79999999999998,15.610000000000014,0.6499999999999995,Population-based training on the same neural recommender.,,full_rtx_pro_6000,False,cuda,NVIDIA RTX PRO 6000 Blackwell Server Edition,2.11.0+cu130,13.0,True
optimizer_training,ogbl_collab,gnn,adam,0.8594820204214101,0.7501080233918527,0.7808400589690413,0.8412304520926418,0.6695498643303448,0.7671001646973601,0.39557471573352815,True,456,0.5230297490488738,2579.41796875,699.666015625,221.4,97.25967741935483,0.5200000000000102,0.0,,,full_rtx_pro_6000,False,cuda,NVIDIA RTX PRO 6000 Blackwell Server Edition,2.11.0+cu130,13.0,True
optimizer_training,ogbl_collab,gnn,sgd,0.5852682432095067,0.39923915229097384,0.624672047175233,0.589065993546159,0.3407063918424986,0.6833915355124411,0.6945264458656311,True,456,0.519128805026412,2579.41796875,684.849609375,225.4,98.90322580645162,0.5199999999999818,0.0,,,full_rtx_pro_6000,False,cuda,NVIDIA RTX PRO 6000 Blackwell Server Edition,2.11.0+cu130,13.0,True
optimizer_training,ogbl_collab,gnn,pso,0.5441486187670594,0.4080051967642989,0.48548886834411936,0.5517146814090526,0.3496886824239095,0.4643918840421243,,True,456,4.841133086942136,4021.05859375,340.23095703125,154.9,137.09285714285716,5.949999999999989,1.2199999999999998,Population-based training on the same neural recommender.,,full_rtx_pro_6000,False,cuda,NVIDIA RTX PRO 6000 Blackwell Server Edition,2.11.0+cu130,13.0,True
optimizer_training,ogbl_collab,gnn,evolutionary,0.5488535258970774,0.3748752990874278,0.624672047175233,0.5583321729370373,0.32131381728653385,0.6833915355124411,,True,456,7.255704040871933,3631.01171875,340.23095703125,278.8,208.41666666666666,15.640000000000015,0.6200000000000001,Population-based training on the same neural recommender.,,full_rtx_pro_6000,False,cuda,NVIDIA RTX PRO 6000 Blackwell Server Edition,2.11.0+cu130,13.0,True
optimizer_training,ogbl_collab,gnn,adam,0.9063087746321815,0.8412071306048866,0.8215686764448664,0.8910413054458332,0.7855097347383408,0.8083428438655359,0.34698774516582487,True,789,0.5269084218889475,2535.49609375,699.666015625,221.7,97.2451612903226,0.5199999999999818,0.010000000000000675,,,full_rtx_pro_6000,False,cuda,NVIDIA RTX PRO 6000 Blackwell Server Edition,2.11.0+cu130,13.0,True
optimizer_training,ogbl_collab,gnn,sgd,0.49359711786831767,0.341384226199279,0.375327952824767,0.500371769302165,0.2904138681553064,0.31660846448755886,0.6936413526535035,True,789,0.5205192510038614,2450.65625,684.849609375,225.4,95.24516129032259,0.5099999999999909,0.0,,,full_rtx_pro_6000,False,cuda,NVIDIA RTX PRO 6000 Blackwell Server Edition,2.11.0+cu130,13.0,True
optimizer_training,ogbl_collab,gnn,pso,0.6165428964449771,0.4650638023758005,0.45666025336698235,0.6125362311942844,0.4039241509297823,0.4098982430003622,,True,789,4.88860901305452,3992.53125,340.23095703125,153.5,136.65714285714287,5.990000000000009,1.2300000000000004,Population-based training on the same neural recommender.,,full_rtx_pro_6000,False,cuda,NVIDIA RTX PRO 6000 Blackwell Server Edition,2.11.0+cu130,13.0,True
optimizer_training,ogbl_collab,gnn,evolutionary,0.4679840488316357,0.3285128807977359,0.375327952824767,0.4769769682056595,0.2794026139650647,0.31660846448755886,,True,789,7.2810920618940145,3603.30078125,340.23095703125,293.4,208.24166666666667,15.580000000000013,0.6499999999999986,Population-based training on the same neural recommender.,,full_rtx_pro_6000,False,cuda,NVIDIA RTX PRO 6000 Blackwell Server Edition,2.11.0+cu130,13.0,True
optimizer_training,ogbl_collab,gnn,adam,0.8650322108215165,0.7682407508997804,0.775018115489368,0.8473049230503572,0.6908722711701657,0.7597673735213115,0.37504425048828127,True,2026,0.5234407549723983,2493.3671875,699.666015625,221.1,97.0645161290323,0.5199999999999818,0.0,,,full_rtx_pro_6000,False,cuda,NVIDIA RTX PRO 6000 Blackwell Server Edition,2.11.0+cu130,13.0,True
optimizer_training,ogbl_collab,gnn,sgd,0.5562372116536849,0.385137193848469,0.46171385022863,0.5537462510522567,0.3245750264954455,0.41876866513131367,0.6929341673851013,True,2026,0.5208199250046164,2493.3671875,684.849609375,225.5,98.88870967741934,0.5099999999999909,0.010000000000001563,,,full_rtx_pro_6000,False,cuda,NVIDIA RTX PRO 6000 Blackwell Server Edition,2.11.0+cu130,13.0,True
optimizer_training,ogbl_collab,gnn,pso,0.5486208425704014,0.3884764076315397,0.4803790509982259,0.5435825703123314,0.32457076259417783,0.4465690327959598,,True,2026,4.769921884872019,4005.79296875,340.23095703125,158.9,137.62142857142857,5.939999999999998,1.1499999999999986,Population-based training on the same neural recommender.,,full_rtx_pro_6000,False,cuda,NVIDIA RTX PRO 6000 Blackwell Server Edition,2.11.0+cu130,13.0,True
optimizer_training,ogbl_collab,gnn,evolutionary,0.5375998245789229,0.37214794343830393,0.40436895629794356,0.5366794118154935,0.31357963128604427,0.34951376692248287,,True,2026,7.277953999815509,3616.85546875,340.23095703125,280.8,207.61666666666665,15.600000000000023,0.629999999999999,Population-based training on the same neural recommender.,,full_rtx_pro_6000,False,cuda,NVIDIA RTX PRO 6000 Blackwell Server Edition,2.11.0+cu130,13.0,True
hyperparameter_search,ogbl_collab,gnn,grid_search,0.8206280018807004,0.7135385533699528,0.6445990854801229,,,,0.6906895160675048,False,42,0.24088339996524155,2521.33984375,695.916015625,355.5,102.67307692307689,0.23999999999998067,0.009999999999999787,"embedding_dim=16, hidden_dim=32, dropout=0.0, lr=0.000630957344480193",validation_search,full_rtx_pro_6000,False,cuda,NVIDIA RTX PRO 6000 Blackwell Server Edition,2.11.0+cu130,13.0,True
hyperparameter_search,ogbl_collab,gnn,grid_search,0.7223107999633847,0.5404518478834639,0.624672047175233,,,,0.6930644094944001,False,123,0.24031155207194388,2463.65234375,695.916015625,222.4,96.45,0.2400000000000091,0.0,"embedding_dim=16, hidden_dim=32, dropout=0.0, lr=0.000630957344480193",validation_search,full_rtx_pro_6000,False,cuda,NVIDIA RTX PRO 6000 Blackwell Server Edition,2.11.0+cu130,13.0,True
hyperparameter_search,ogbl_collab,gnn,grid_search,0.852418480627122,0.7720947211449989,0.624672047175233,,,,0.6930258631706238,False,456,0.24024735414423048,2463.65234375,695.916015625,223.3,97.23846153846155,0.2400000000000091,0.0,"embedding_dim=16, hidden_dim=32, dropout=0.0, lr=0.000630957344480193",validation_search,full_rtx_pro_6000,False,cuda,NVIDIA RTX PRO 6000 Blackwell Server Edition,2.11.0+cu130,13.0,True
hyperparameter_search,ogbl_collab,gnn,grid_search,0.6794590569036683,0.5387856128385041,0.6445553584368207,,,,0.6896372258663177,False,789,0.2408404410816729,2463.65234375,695.916015625,222.7,97.34230769230768,0.23999999999998067,0.0,"embedding_dim=16, hidden_dim=32, dropout=0.0, lr=0.000630957344480193",validation_search,full_rtx_pro_6000,False,cuda,NVIDIA RTX PRO 6000 Blackwell Server Edition,2.11.0+cu130,13.0,True
hyperparameter_search,ogbl_collab,gnn,grid_search,0.6864984384361893,0.5414112804464232,0.6336298443317259,,,,0.6896170139312744,False,2026,0.24079941399395466,2463.65234375,695.916015625,222.7,96.85769230769229,0.2400000000000091,0.0,"embedding_dim=16, hidden_dim=32, dropout=0.0, lr=0.000630957344480193",validation_search,full_rtx_pro_6000,False,cuda,NVIDIA RTX PRO 6000 Blackwell Server Edition,2.11.0+cu130,13.0,True
hyperparameter_search,ogbl_collab,gnn,grid_search,0.9105342483855935,0.8494356402987664,0.8378288898328378,,,,0.3114369809627533,False,42,0.23999148211441934,2463.65234375,695.916015625,222.3,96.96153846153847,0.2400000000000091,0.0,"embedding_dim=16, hidden_dim=32, dropout=0.0, lr=0.01",validation_search,full_rtx_pro_6000,False,cuda,NVIDIA RTX PRO 6000 Blackwell Server Edition,2.11.0+cu130,13.0,True
hyperparameter_search,ogbl_collab,gnn,grid_search,0.8994578139770988,0.831752194174707,0.8111803803003423,,,,0.40368807315826416,False,123,0.23985720588825643,2463.65234375,695.916015625,222.9,97.38076923076923,0.23999999999998067,0.0,"embedding_dim=16, hidden_dim=32, dropout=0.0, lr=0.01",validation_search,full_rtx_pro_6000,False,cuda,NVIDIA RTX PRO 6000 Blackwell Server Edition,2.11.0+cu130,13.0,True
hyperparameter_search,ogbl_collab,gnn,grid_search,0.9106182517808402,0.8611741034705113,0.8370418030533969,,,,0.3618481993675232,False,456,0.24001672607846558,2463.65234375,695.916015625,222.3,96.7,0.2400000000000091,0.0,"embedding_dim=16, hidden_dim=32, dropout=0.0, lr=0.01",validation_search,full_rtx_pro_6000,False,cuda,NVIDIA RTX PRO 6000 Blackwell Server Edition,2.11.0+cu130,13.0,True
hyperparameter_search,ogbl_collab,gnn,grid_search,0.8872478591638373,0.8195165813460631,0.818932560405787,,,,0.35955352783203126,False,789,0.23978483700193465,2463.65234375,695.916015625,222.8,97.27692307692305,0.2400000000000091,0.0,"embedding_dim=16, hidden_dim=32, dropout=0.0, lr=0.01",validation_search,full_rtx_pro_6000,False,cuda,NVIDIA RTX PRO 6000 Blackwell Server Edition,2.11.0+cu130,13.0,True
hyperparameter_search,ogbl_collab,gnn,grid_search,0.8827007342220892,0.811360215016619,0.7998363359236401,,,,0.36836676597595214,False,2026,0.24004416400566697,2463.65234375,695.916015625,222.8,97.40384615384615,0.2400000000000091,0.0,"embedding_dim=16, hidden_dim=32, dropout=0.0, lr=0.01",validation_search,full_rtx_pro_6000,False,cuda,NVIDIA RTX PRO 6000 Blackwell Server Edition,2.11.0+cu130,13.0,True
hyperparameter_search,ogbl_collab,gnn,grid_search,0.7606651566972904,0.6421713206674272,0.38909572474450915,,,,0.6922974467277527,False,42,0.24129814188927412,2463.65234375,699.666015625,220.3,96.06923076923078,0.23999999999998067,0.0,"embedding_dim=16, hidden_dim=32, dropout=0.35, lr=0.000630957344480193",validation_search,full_rtx_pro_6000,False,cuda,NVIDIA RTX PRO 6000 Blackwell Server Edition,2.11.0+cu130,13.0,True
hyperparameter_search,ogbl_collab,gnn,grid_search,0.5358727848512083,0.36660532272671975,0.624672047175233,,,,0.6932969212532043,False,123,0.24076328496448696,2463.65234375,699.666015625,220.5,96.20769230769233,0.2400000000000091,0.0,"embedding_dim=16, hidden_dim=32, dropout=0.35, lr=0.000630957344480193",validation_search,full_rtx_pro_6000,False,cuda,NVIDIA RTX PRO 6000 Blackwell Server Edition,2.11.0+cu130,13.0,True
hyperparameter_search,ogbl_collab,gnn,grid_search,0.6085042574562279,0.4442333810778669,0.624672047175233,,,,0.6938138842582703,False,456,0.2418366230558604,2463.65234375,699.666015625,219.8,94.9230769230769,0.2400000000000091,0.0,"embedding_dim=16, hidden_dim=32, dropout=0.35, lr=0.000630957344480193",validation_search,full_rtx_pro_6000,False,cuda,NVIDIA RTX PRO 6000 Blackwell Server Edition,2.11.0+cu130,13.0,True
hyperparameter_search,ogbl_collab,gnn,grid_search,0.649021569219759,0.505832937795196,0.6258776642262812,,,,0.6915373504161835,False,789,0.2417491318192333,2463.65234375,699.666015625,220.2,95.32307692307694,0.23999999999998067,0.0,"embedding_dim=16, hidden_dim=32, dropout=0.35, lr=0.000630957344480193",validation_search,full_rtx_pro_6000,False,cuda,NVIDIA RTX PRO 6000 Blackwell Server Edition,2.11.0+cu130,13.0,True
hyperparameter_search,ogbl_collab,gnn,grid_search,0.7474293256940283,0.6190383273938733,0.487893855725744,,,,0.691545158624649,False,2026,0.24168272106908262,2463.65234375,699.666015625,219.7,95.06153846153846,0.2400000000000091,0.0,"embedding_dim=16, hidden_dim=32, dropout=0.35, lr=0.000630957344480193",validation_search,full_rtx_pro_6000,False,cuda,NVIDIA RTX PRO 6000 Blackwell Server Edition,2.11.0+cu130,13.0,True
hyperparameter_search,ogbl_collab,gnn,grid_search,0.8792101150888757,0.7821629662431737,0.7896416881137402,,,,0.4431411445140839,False,42,0.24080392089672387,2463.65234375,699.666015625,219.6,94.8923076923077,0.2400000000000091,0.0,"embedding_dim=16, hidden_dim=32, dropout=0.35, lr=0.01",validation_search,full_rtx_pro_6000,False,cuda,NVIDIA RTX PRO 6000 Blackwell Server Edition,2.11.0+cu130,13.0,True
hyperparameter_search,ogbl_collab,gnn,grid_search,0.8551438304706744,0.7553455473595898,0.7285737487818895,,,,0.5600815117359161,False,123,0.24114723387174308,2463.65234375,699.666015625,219.9,95.41923076923078,0.23999999999998067,0.0,"embedding_dim=16, hidden_dim=32, dropout=0.35, lr=0.01",validation_search,full_rtx_pro_6000,False,cuda,NVIDIA RTX PRO 6000 Blackwell Server Edition,2.11.0+cu130,13.0,True
hyperparameter_search,ogbl_collab,gnn,grid_search,0.8511189217595366,0.7379285539692263,0.7530421528697434,,,,0.4864546895027161,False,456,0.24083587410859764,2463.65234375,699.666015625,220.5,95.34615384615384,0.2400000000000091,0.0,"embedding_dim=16, hidden_dim=32, dropout=0.35, lr=0.01",validation_search,full_rtx_pro_6000,False,cuda,NVIDIA RTX PRO 6000 Blackwell Server Edition,2.11.0+cu130,13.0,True
hyperparameter_search,ogbl_collab,gnn,grid_search,0.8884738571000598,0.8081925852661005,0.8069700907023812,,,,0.4248231053352356,False,789,0.2410514319781214,2463.65234375,699.666015625,220.3,87.51153846153846,0.22999999999998977,0.0,"embedding_dim=16, hidden_dim=32, dropout=0.35, lr=0.01",validation_search,full_rtx_pro_6000,False,cuda,NVIDIA RTX PRO 6000 Blackwell Server Edition,2.11.0+cu130,13.0,True
hyperparameter_search,ogbl_collab,gnn,grid_search,0.8729439866686639,0.7717507957967594,0.7740248869343594,,,,0.4628015786409378,False,2026,0.2408357448875904,2463.65234375,699.666015625,220.2,96.21923076923076,0.2400000000000091,0.0,"embedding_dim=16, hidden_dim=32, dropout=0.35, lr=0.01",validation_search,full_rtx_pro_6000,False,cuda,NVIDIA RTX PRO 6000 Blackwell Server Edition,2.11.0+cu130,13.0,True
hyperparameter_search,ogbl_collab,gnn,grid_search,0.816469573264097,0.7105095886645715,0.7292796281951975,,,,0.6881060242652893,False,42,0.2407391220331192,2463.65234375,695.978515625,222.1,96.95384615384616,0.2300000000000182,0.009999999999999787,"embedding_dim=16, hidden_dim=96, dropout=0.0, lr=0.000630957344480193",validation_search,full_rtx_pro_6000,False,cuda,NVIDIA RTX PRO 6000 Blackwell Server Edition,2.11.0+cu130,13.0,True
hyperparameter_search,ogbl_collab,gnn,grid_search,0.8531398209173824,0.7759977717849692,0.7778228929811849,,,,0.6886224746704102,False,123,0.24101410014554858,2463.65234375,695.978515625,221.7,95.53846153846153,0.2400000000000091,0.0,"embedding_dim=16, hidden_dim=96, dropout=0.0, lr=0.000630957344480193",validation_search,full_rtx_pro_6000,False,cuda,NVIDIA RTX PRO 6000 Blackwell Server Edition,2.11.0+cu130,13.0,True
hyperparameter_search,ogbl_collab,gnn,grid_search,0.8221383975767259,0.7162333832384664,0.7512680842557657,,,,0.6880642890930175,False,456,0.24085470009595156,2463.65625,695.978515625,222.1,96.36923076923078,0.23999999999998067,0.0,"embedding_dim=16, hidden_dim=96, dropout=0.0, lr=0.000630957344480193",validation_search,full_rtx_pro_6000,False,cuda,NVIDIA RTX PRO 6000 Blackwell Server Edition,2.11.0+cu130,13.0,True
hyperparameter_search,ogbl_collab,gnn,grid_search,0.7984481696458292,0.6758636308387349,0.6502211339047,,,,0.6875812351703644,False,789,0.24054098897613585,2463.65625,695.978515625,222.3,88.55000000000001,0.2400000000000091,0.0,"embedding_dim=16, hidden_dim=96, dropout=0.0, lr=0.000630957344480193",validation_search,full_rtx_pro_6000,False,cuda,NVIDIA RTX PRO 6000 Blackwell Server Edition,2.11.0+cu130,13.0,True
hyperparameter_search,ogbl_collab,gnn,grid_search,0.8360111091139073,0.7417255711172054,0.711838784638065,,,,0.6884239256381989,False,2026,0.24106045393273234,2463.65625,695.978515625,222.4,96.80384615384615,0.23999999999998067,0.0,"embedding_dim=16, hidden_dim=96, dropout=0.0, lr=0.000630957344480193",validation_search,full_rtx_pro_6000,False,cuda,NVIDIA RTX PRO 6000 Blackwell Server Edition,2.11.0+cu130,13.0,True
hyperparameter_search,ogbl_collab,gnn,grid_search,0.9097981163038412,0.857598366784347,0.8351303065890407,,,,0.28931470215320587,False,42,0.24016477004624903,2463.65625,695.978515625,221.8,96.44615384615386,0.2400000000000091,0.0,"embedding_dim=16, hidden_dim=96, dropout=0.0, lr=0.01",validation_search,full_rtx_pro_6000,False,cuda,NVIDIA RTX PRO 6000 Blackwell Server Edition,2.11.0+cu130,13.0,True
hyperparameter_search,ogbl_collab,gnn,grid_search,0.9103029345582851,0.8520188098171708,0.8100372304540117,,,,0.34564670026302335,False,123,0.24155274196527898,2463.65625,695.978515625,222.3,88.63846153846156,0.2300000000000182,0.0,"embedding_dim=16, hidden_dim=96, dropout=0.0, lr=0.01",validation_search,full_rtx_pro_6000,False,cuda,NVIDIA RTX PRO 6000 Blackwell Server Edition,2.11.0+cu130,13.0,True
hyperparameter_search,ogbl_collab,gnn,grid_search,0.8932724130384129,0.8232391534261593,0.8160278353864221,,,,0.3775266110897064,False,456,0.24034765199758112,2463.66015625,695.978515625,221.6,88.27692307692308,0.22999999999998977,0.0,"embedding_dim=16, hidden_dim=96, dropout=0.0, lr=0.01",validation_search,full_rtx_pro_6000,False,cuda,NVIDIA RTX PRO 6000 Blackwell Server Edition,2.11.0+cu130,13.0,True
hyperparameter_search,ogbl_collab,gnn,grid_search,0.9184830199387524,0.8715299093863832,0.8456747707453587,,,,0.3005644142627716,False,789,0.24004567600786686,2463.66015625,695.978515625,222.3,96.47692307692307,0.23999999999998067,0.0,"embedding_dim=16, hidden_dim=96, dropout=0.0, lr=0.01",validation_search,full_rtx_pro_6000,False,cuda,NVIDIA RTX PRO 6000 Blackwell Server Edition,2.11.0+cu130,13.0,True
hyperparameter_search,ogbl_collab,gnn,grid_search,0.9251115736302511,0.8798967895778483,0.8536955598310887,,,,0.2826209232211113,False,2026,0.2398137969430536,2463.66015625,695.978515625,221.8,96.35769230769232,0.2400000000000091,0.0,"embedding_dim=16, hidden_dim=96, dropout=0.0, lr=0.01",validation_search,full_rtx_pro_6000,False,cuda,NVIDIA RTX PRO 6000 Blackwell Server Edition,2.11.0+cu130,13.0,True
hyperparameter_search,ogbl_collab,gnn,grid_search,0.6775127691232276,0.5441056184679969,0.5996289448039779,,,,0.6904221177101135,False,42,0.24280163296498358,2464.24609375,699.728515625,219.5,94.91923076923078,0.2400000000000091,0.0,"embedding_dim=16, hidden_dim=96, dropout=0.35, lr=0.000630957344480193",validation_search,full_rtx_pro_6000,False,cuda,NVIDIA RTX PRO 6000 Blackwell Server Edition,2.11.0+cu130,13.0,True
hyperparameter_search,ogbl_collab,gnn,grid_search,0.860235521103788,0.8004823915121281,0.5615551835286474,,,,0.6914961516857148,False,123,0.24203670816496015,2464.24609375,699.728515625,219.2,95.55000000000001,0.25,0.0,"embedding_dim=16, hidden_dim=96, dropout=0.35, lr=0.000630957344480193",validation_search,full_rtx_pro_6000,False,cuda,NVIDIA RTX PRO 6000 Blackwell Server Edition,2.11.0+cu130,13.0,True
hyperparameter_search,ogbl_collab,gnn,grid_search,0.7448762072265495,0.6019599184603847,0.536974338472302,,,,0.6904913187026978,False,456,0.24201154406182468,2464.24609375,699.728515625,219.5,95.97692307692304,0.2400000000000091,0.0,"embedding_dim=16, hidden_dim=96, dropout=0.35, lr=0.000630957344480193",validation_search,full_rtx_pro_6000,False,cuda,NVIDIA RTX PRO 6000 Blackwell Server Edition,2.11.0+cu130,13.0,True
hyperparameter_search,ogbl_collab,gnn,grid_search,0.7633967606184675,0.6297534972140708,0.674864446165763,,,,0.6904153823852539,False,789,0.2425254520494491,2464.24609375,699.728515625,219.3,95.97692307692306,0.2400000000000091,0.0,"embedding_dim=16, hidden_dim=96, dropout=0.35, lr=0.000630957344480193",validation_search,full_rtx_pro_6000,False,cuda,NVIDIA RTX PRO 6000 Blackwell Server Edition,2.11.0+cu130,13.0,True
hyperparameter_search,ogbl_collab,gnn,grid_search,0.8398181978563345,0.7541622308893584,0.6754141575672772,,,,0.6910797953605652,False,2026,0.24208598700352013,2464.24609375,699.728515625,219.0,94.66538461538461,0.23999999999998067,0.0,"embedding_dim=16, hidden_dim=96, dropout=0.35, lr=0.000630957344480193",validation_search,full_rtx_pro_6000,False,cuda,NVIDIA RTX PRO 6000 Blackwell Server Edition,2.11.0+cu130,13.0,True
hyperparameter_search,ogbl_collab,gnn,grid_search,0.8926492389820917,0.8066768914663699,0.8086379650683391,,,,0.3861426919698715,False,42,0.24078763788565993,2464.24609375,699.728515625,220.1,95.4846153846154,0.23999999999995225,0.0,"embedding_dim=16, hidden_dim=96, dropout=0.35, lr=0.01",validation_search,full_rtx_pro_6000,False,cuda,NVIDIA RTX PRO 6000 Blackwell Server Edition,2.11.0+cu130,13.0,True
hyperparameter_search,ogbl_collab,gnn,grid_search,0.9023131421010585,0.8435621039912179,0.8210626920866545,,,,0.3829726755619049,False,123,0.24143118388019502,2464.27734375,699.728515625,219.6,94.51923076923077,0.2400000000000091,0.0,"embedding_dim=16, hidden_dim=96, dropout=0.35, lr=0.01",validation_search,full_rtx_pro_6000,False,cuda,NVIDIA RTX PRO 6000 Blackwell Server Edition,2.11.0+cu130,13.0,True
hyperparameter_search,ogbl_collab,gnn,grid_search,0.8885819018374276,0.8135211668686648,0.8104307738437321,,,,0.39168375730514526,False,456,0.24092462589032948,2464.27734375,699.728515625,219.6,96.03461538461538,0.2400000000000091,0.0,"embedding_dim=16, hidden_dim=96, dropout=0.35, lr=0.01",validation_search,full_rtx_pro_6000,False,cuda,NVIDIA RTX PRO 6000 Blackwell Server Edition,2.11.0+cu130,13.0,True
hyperparameter_search,ogbl_collab,gnn,grid_search,0.9004926977231875,0.8300132718324577,0.8218872591889258,,,,0.3506475269794464,False,789,0.24044776009395719,2464.27734375,699.728515625,220.4,96.12692307692308,0.2400000000000091,0.0,"embedding_dim=16, hidden_dim=96, dropout=0.35, lr=0.01",validation_search,full_rtx_pro_6000,False,cuda,NVIDIA RTX PRO 6000 Blackwell Server Edition,2.11.0+cu130,13.0,True
hyperparameter_search,ogbl_collab,gnn,grid_search,0.9023001695126822,0.8326353715669924,0.8214687289173184,,,,0.3607880353927612,False,2026,0.2408890079241246,2464.27734375,699.728515625,219.6,96.05384615384614,0.2400000000000091,0.0,"embedding_dim=16, hidden_dim=96, dropout=0.35, lr=0.01",validation_search,full_rtx_pro_6000,False,cuda,NVIDIA RTX PRO 6000 Blackwell Server Edition,2.11.0+cu130,13.0,True
hyperparameter_search,ogbl_collab,gnn,grid_search,0.8081118072198921,0.6980316467777768,0.6465855425901402,,,,0.6885739922523498,False,42,0.412299521965906,2464.27734375,1214.0087890625,146.2,97.99615384615385,0.40999999999996817,0.0,"embedding_dim=32, hidden_dim=32, dropout=0.0, lr=0.000630957344480193",validation_search,full_rtx_pro_6000,False,cuda,NVIDIA RTX PRO 6000 Blackwell Server Edition,2.11.0+cu130,13.0,True
hyperparameter_search,ogbl_collab,gnn,grid_search,0.7991778257938886,0.6662069273553881,0.6461732590390046,,,,0.6896256804466248,False,123,0.4104975890368223,2464.48828125,1214.0087890625,145.9,92.87307692307694,0.40999999999996817,0.0,"embedding_dim=32, hidden_dim=32, dropout=0.0, lr=0.000630957344480193",validation_search,full_rtx_pro_6000,False,cuda,NVIDIA RTX PRO 6000 Blackwell Server Edition,2.11.0+cu130,13.0,True
hyperparameter_search,ogbl_collab,gnn,grid_search,0.9132641382897276,0.885282547010934,0.624672047175233,,,,0.6904388189315795,False,456,0.4114605460781604,2464.4921875,1214.0087890625,145.9,97.8423076923077,0.40999999999996817,0.0,"embedding_dim=32, hidden_dim=32, dropout=0.0, lr=0.000630957344480193",validation_search,full_rtx_pro_6000,False,cuda,NVIDIA RTX PRO 6000 Blackwell Server Edition,2.11.0+cu130,13.0,True
hyperparameter_search,ogbl_collab,gnn,grid_search,0.8481881171360096,0.7591058800723725,0.656755203518153,,,,0.6855994641780854,False,789,0.41058334708213806,2464.4921875,1214.0087890625,145.8,98.26923076923079,0.410000000000025,0.0,"embedding_dim=32, hidden_dim=32, dropout=0.0, lr=0.000630957344480193",validation_search,full_rtx_pro_6000,False,cuda,NVIDIA RTX PRO 6000 Blackwell Server Edition,2.11.0+cu130,13.0,True
hyperparameter_search,ogbl_collab,gnn,grid_search,0.7946505169429465,0.6619981988255883,0.6473538892081657,,,,0.6862207353115082,False,2026,0.4100525458343327,2464.4921875,1214.0087890625,146.0,92.98076923076924,0.410000000000025,0.0,"embedding_dim=32, hidden_dim=32, dropout=0.0, lr=0.000630957344480193",validation_search,full_rtx_pro_6000,False,cuda,NVIDIA RTX PRO 6000 Blackwell Server Edition,2.11.0+cu130,13.0,True
hyperparameter_search,ogbl_collab,gnn,grid_search,0.9188898633579656,0.8754324228290452,0.8458121985957372,,,,0.28571016788482667,False,42,0.40918316901661456,2476.15625,1214.0087890625,145.9,97.8,0.410000000000025,0.0,"embedding_dim=32, hidden_dim=32, dropout=0.0, lr=0.01",validation_search,full_rtx_pro_6000,False,cuda,NVIDIA RTX PRO 6000 Blackwell Server Edition,2.11.0+cu130,13.0,True
hyperparameter_search,ogbl_collab,gnn,grid_search,0.9062324033852607,0.8316368893751389,0.8274468404087854,,,,0.3441373258829117,False,123,0.4079659120179713,2476.328125,1214.0087890625,145.7,92.48846153846151,0.39999999999997726,0.0,"embedding_dim=32, hidden_dim=32, dropout=0.0, lr=0.01",validation_search,full_rtx_pro_6000,False,cuda,NVIDIA RTX PRO 6000 Blackwell Server Edition,2.11.0+cu130,13.0,True
hyperparameter_search,ogbl_collab,gnn,grid_search,0.9272106160541906,0.8855174351399737,0.8546825416656255,,,,0.2897991597652435,False,456,0.4086183710023761,2476.328125,1214.0087890625,145.8,92.9076923076923,0.40999999999996817,0.0,"embedding_dim=32, hidden_dim=32, dropout=0.0, lr=0.01",validation_search,full_rtx_pro_6000,False,cuda,NVIDIA RTX PRO 6000 Blackwell Server Edition,2.11.0+cu130,13.0,True
hyperparameter_search,ogbl_collab,gnn,grid_search,0.9043903375274616,0.8485211903703369,0.8226181254841208,,,,0.31103385984897614,False,789,0.4087862321175635,2476.328125,1214.0087890625,146.1,97.92692307692309,0.40999999999996817,0.0,"embedding_dim=32, hidden_dim=32, dropout=0.0, lr=0.01",validation_search,full_rtx_pro_6000,False,cuda,NVIDIA RTX PRO 6000 Blackwell Server Edition,2.11.0+cu130,13.0,True
hyperparameter_search,ogbl_collab,gnn,grid_search,0.9283117547100725,0.8894163048993152,0.855806951350541,,,,0.25978977531194686,False,2026,0.4084905639756471,2476.328125,1214.0087890625,145.9,92.85384615384616,0.39999999999997726,0.0,"embedding_dim=32, hidden_dim=32, dropout=0.0, lr=0.01",validation_search,full_rtx_pro_6000,False,cuda,NVIDIA RTX PRO 6000 Blackwell Server Edition,2.11.0+cu130,13.0,True
hyperparameter_search,ogbl_collab,gnn,grid_search,0.8305415414253379,0.7311130856004946,0.7377127008320632,,,,0.690692001581192,False,42,0.411495323991403,2476.48046875,1221.20703125,143.6,96.85769230769233,0.40999999999996817,0.0,"embedding_dim=32, hidden_dim=32, dropout=0.35, lr=0.000630957344480193",validation_search,full_rtx_pro_6000,False,cuda,NVIDIA RTX PRO 6000 Blackwell Server Edition,2.11.0+cu130,13.0,True
hyperparameter_search,ogbl_collab,gnn,grid_search,0.8335942083582983,0.7188913630752296,0.6456797681217361,,,,0.6906951308250427,False,123,0.41168395383283496,2476.48046875,1221.20703125,143.5,91.57307692307693,0.39999999999997726,0.0,"embedding_dim=32, hidden_dim=32, dropout=0.35, lr=0.000630957344480193",validation_search,full_rtx_pro_6000,False,cuda,NVIDIA RTX PRO 6000 Blackwell Server Edition,2.11.0+cu130,13.0,True
hyperparameter_search,ogbl_collab,gnn,grid_search,0.8335345305738633,0.7438751641444412,0.624672047175233,,,,0.6926548302173614,False,456,0.41146545205265284,2476.62109375,1221.20703125,143.3,96.65000000000002,0.410000000000025,0.0,"embedding_dim=32, hidden_dim=32, dropout=0.35, lr=0.000630957344480193",validation_search,full_rtx_pro_6000,False,cuda,NVIDIA RTX PRO 6000 Blackwell Server Edition,2.11.0+cu130,13.0,True
hyperparameter_search,ogbl_collab,gnn,grid_search,0.7852949782804075,0.6622790320748493,0.6847654981134904,,,,0.6895475566387177,False,789,0.40973861305974424,2476.62109375,1221.20703125,144.9,97.05769230769229,0.410000000000025,0.0,"embedding_dim=32, hidden_dim=32, dropout=0.35, lr=0.000630957344480193",validation_search,full_rtx_pro_6000,False,cuda,NVIDIA RTX PRO 6000 Blackwell Server Edition,2.11.0+cu130,13.0,True
hyperparameter_search,ogbl_collab,gnn,grid_search,0.8140269376206644,0.6982690254034469,0.7485695010119687,,,,0.6888299286365509,False,2026,0.4088960629887879,2476.62109375,1221.20703125,145.4,96.8423076923077,0.410000000000025,0.0,"embedding_dim=32, hidden_dim=32, dropout=0.35, lr=0.000630957344480193",validation_search,full_rtx_pro_6000,False,cuda,NVIDIA RTX PRO 6000 Blackwell Server Edition,2.11.0+cu130,13.0,True
hyperparameter_search,ogbl_collab,gnn,grid_search,0.8955692595366487,0.809191946847212,0.8099622698083506,,,,0.3824471175670624,False,42,0.4106273278594017,2476.62109375,1221.20703125,143.6,97.01153846153846,0.40999999999996817,0.0,"embedding_dim=32, hidden_dim=32, dropout=0.35, lr=0.01",validation_search,full_rtx_pro_6000,False,cuda,NVIDIA RTX PRO 6000 Blackwell Server Edition,2.11.0+cu130,13.0,True
hyperparameter_search,ogbl_collab,gnn,grid_search,0.8906137356867053,0.79183873917783,0.8161090427525549,,,,0.3852325797080994,False,123,0.4092357410117984,2476.62109375,1221.20703125,145.1,97.32692307692307,0.40999999999996817,0.0,"embedding_dim=32, hidden_dim=32, dropout=0.35, lr=0.01",validation_search,full_rtx_pro_6000,False,cuda,NVIDIA RTX PRO 6000 Blackwell Server Edition,2.11.0+cu130,13.0,True
hyperparameter_search,ogbl_collab,gnn,grid_search,0.901043490363491,0.8103768371635189,0.8188638464805977,,,,0.3860099196434021,False,456,0.4077234680298716,2476.62109375,1221.20703125,145.2,92.23846153846154,0.39999999999997726,0.0,"embedding_dim=32, hidden_dim=32, dropout=0.35, lr=0.01",validation_search,full_rtx_pro_6000,False,cuda,NVIDIA RTX PRO 6000 Blackwell Server Edition,2.11.0+cu130,13.0,True
hyperparameter_search,ogbl_collab,gnn,grid_search,0.8894515881099795,0.8087023514056026,0.8006359161440244,,,,0.3868449807167053,False,789,0.40713578811846673,2476.62109375,1221.20703125,145.2,97.5269230769231,0.39999999999997726,0.0,"embedding_dim=32, hidden_dim=32, dropout=0.35, lr=0.01",validation_search,full_rtx_pro_6000,False,cuda,NVIDIA RTX PRO 6000 Blackwell Server Edition,2.11.0+cu130,13.0,True
hyperparameter_search,ogbl_collab,gnn,grid_search,0.9047606079821584,0.8171379537265644,0.8119862072411984,,,,0.357434943318367,False,2026,0.407753128092736,2476.62109375,1221.20703125,145.4,102.74230769230769,0.39999999999997726,0.009999999999999787,"embedding_dim=32, hidden_dim=32, dropout=0.35, lr=0.01",validation_search,full_rtx_pro_6000,False,cuda,NVIDIA RTX PRO 6000 Blackwell Server Edition,2.11.0+cu130,13.0,True
hyperparameter_search,ogbl_collab,gnn,grid_search,0.8418279594401172,0.7370618111432286,0.6771507458584243,,,,0.6828846454620361,False,42,0.4061041970271617,2476.62109375,1214.1337890625,147.6,98.46923076923078,0.40999999999996817,0.0,"embedding_dim=32, hidden_dim=96, dropout=0.0, lr=0.000630957344480193",validation_search,full_rtx_pro_6000,False,cuda,NVIDIA RTX PRO 6000 Blackwell Server Edition,2.11.0+cu130,13.0,True
hyperparameter_search,ogbl_collab,gnn,grid_search,0.8078256985220692,0.6898792330739275,0.6485157792159116,,,,0.6830013871192933,False,123,0.40527994208969176,2476.62109375,1214.1337890625,147.2,98.60000000000002,0.410000000000025,0.0,"embedding_dim=32, hidden_dim=96, dropout=0.0, lr=0.000630957344480193",validation_search,full_rtx_pro_6000,False,cuda,NVIDIA RTX PRO 6000 Blackwell Server Edition,2.11.0+cu130,13.0,True
hyperparameter_search,ogbl_collab,gnn,grid_search,0.7340812760468677,0.6108186844138532,0.658822867994303,,,,0.6803979575634003,False,456,0.40554327494464815,2476.62109375,1214.1337890625,147.1,98.8846153846154,0.410000000000025,0.0,"embedding_dim=32, hidden_dim=96, dropout=0.0, lr=0.000630957344480193",validation_search,full_rtx_pro_6000,False,cuda,NVIDIA RTX PRO 6000 Blackwell Server Edition,2.11.0+cu130,13.0,True
hyperparameter_search,ogbl_collab,gnn,grid_search,0.8204791848911526,0.6926460493325758,0.6667874365957872,,,,0.6749436497688294,False,789,0.40594122209586203,2476.65625,1214.1337890625,27225.6,1140.7192307692308,0.410000000000025,0.0,"embedding_dim=32, hidden_dim=96, dropout=0.0, lr=0.000630957344480193",validation_search,full_rtx_pro_6000,False,cuda,NVIDIA RTX PRO 6000 Blackwell Server Edition,2.11.0+cu130,13.0,True
hyperparameter_search,ogbl_collab,gnn,grid_search,0.8309374197789761,0.7226026711201697,0.7144561605157292,,,,0.6843342840671539,False,2026,0.4052502408158034,2476.65625,1214.1337890625,147.2,93.43846153846152,0.4000000000000341,0.0,"embedding_dim=32, hidden_dim=96, dropout=0.0, lr=0.000630957344480193",validation_search,full_rtx_pro_6000,False,cuda,NVIDIA RTX PRO 6000 Blackwell Server Edition,2.11.0+cu130,13.0,True
hyperparameter_search,ogbl_collab,gnn,grid_search,0.9299584142200918,0.8956204342811909,0.8610104695035107,,,,0.24501381516456605,False,42,0.40406239521689713,2476.65625,1214.1337890625,147.4,93.75384615384614,0.4000000000000341,0.0,"embedding_dim=32, hidden_dim=96, dropout=0.0, lr=0.01",validation_search,full_rtx_pro_6000,False,cuda,NVIDIA RTX PRO 6000 Blackwell Server Edition,2.11.0+cu130,13.0,True
hyperparameter_search,ogbl_collab,gnn,grid_search,0.9200716211470608,0.8731327684598966,0.8494290497488819,,,,0.2653063848614693,False,123,0.40469776978716254,2476.65625,1214.1337890625,147.3,93.73846153846154,0.4000000000000341,0.0,"embedding_dim=32, hidden_dim=96, dropout=0.0, lr=0.01",validation_search,full_rtx_pro_6000,False,cuda,NVIDIA RTX PRO 6000 Blackwell Server Edition,2.11.0+cu130,13.0,True
hyperparameter_search,ogbl_collab,gnn,grid_search,0.9272769116570134,0.8948146908162801,0.855275980110442,,,,0.2831342190504074,False,456,0.4043778490740806,2476.65625,1214.1337890625,147.3,93.63846153846154,0.4000000000000341,0.0,"embedding_dim=32, hidden_dim=96, dropout=0.0, lr=0.01",validation_search,full_rtx_pro_6000,False,cuda,NVIDIA RTX PRO 6000 Blackwell Server Edition,2.11.0+cu130,13.0,True
hyperparameter_search,ogbl_collab,gnn,grid_search,0.9211885557719194,0.8738341761841332,0.8451687863871468,,,,0.25752837508916854,False,789,0.4039660419803113,2476.65625,1214.1337890625,147.9,99.16153846153846,0.410000000000025,0.0,"embedding_dim=32, hidden_dim=96, dropout=0.0, lr=0.01",validation_search,full_rtx_pro_6000,False,cuda,NVIDIA RTX PRO 6000 Blackwell Server Edition,2.11.0+cu130,13.0,True
hyperparameter_search,ogbl_collab,gnn,grid_search,0.9262275451867384,0.8767881527646788,0.8565752979685665,,,,0.2380923882126808,False,2026,0.404549275059253,2476.65625,1214.1337890625,147.4,98.66153846153847,0.410000000000025,0.0,"embedding_dim=32, hidden_dim=96, dropout=0.0, lr=0.01",validation_search,full_rtx_pro_6000,False,cuda,NVIDIA RTX PRO 6000 Blackwell Server Edition,2.11.0+cu130,13.0,True
hyperparameter_search,ogbl_collab,gnn,grid_search,0.8936797797250517,0.8337147044030816,0.774743259788611,,,,0.6875822126865387,False,42,0.4066489771939814,2476.65625,1221.33203125,145.3,97.58846153846153,0.410000000000025,0.0,"embedding_dim=32, hidden_dim=96, dropout=0.35, lr=0.000630957344480193",validation_search,full_rtx_pro_6000,False,cuda,NVIDIA RTX PRO 6000 Blackwell Server Edition,2.11.0+cu130,13.0,True
hyperparameter_search,ogbl_collab,gnn,grid_search,0.8427602424106252,0.7517168588538679,0.6987519052497438,,,,0.6870316982269287,False,123,0.4051601770333946,2476.65625,1221.33203125,147.2,93.22692307692306,0.410000000000025,0.0,"embedding_dim=32, hidden_dim=96, dropout=0.35, lr=0.000630957344480193",validation_search,full_rtx_pro_6000,False,cuda,NVIDIA RTX PRO 6000 Blackwell Server Edition,2.11.0+cu130,13.0,True
hyperparameter_search,ogbl_collab,gnn,grid_search,0.7630312884461754,0.6457353822087533,0.7074660803078384,,,,0.686021363735199,False,456,0.4068916020914912,2476.65625,1221.33203125,147.4,92.67692307692309,0.39999999999997726,0.0,"embedding_dim=32, hidden_dim=96, dropout=0.35, lr=0.000630957344480193",validation_search,full_rtx_pro_6000,False,cuda,NVIDIA RTX PRO 6000 Blackwell Server Edition,2.11.0+cu130,13.0,True
hyperparameter_search,ogbl_collab,gnn,grid_search,0.812028105652087,0.6901305018153587,0.7476262462207341,,,,0.6850084960460663,False,789,0.40726838097907603,2476.65625,1221.33203125,145.0,92.15384615384616,0.39999999999997726,0.0,"embedding_dim=32, hidden_dim=96, dropout=0.35, lr=0.000630957344480193",validation_search,full_rtx_pro_6000,False,cuda,NVIDIA RTX PRO 6000 Blackwell Server Edition,2.11.0+cu130,13.0,True
hyperparameter_search,ogbl_collab,gnn,grid_search,0.8656001121762864,0.784502460009594,0.7403987906349166,,,,0.6878552675247193,False,2026,0.4066001009196043,2476.68359375,1221.33203125,145.1,92.21538461538462,0.39999999999997726,0.0,"embedding_dim=32, hidden_dim=96, dropout=0.35, lr=0.000630957344480193",validation_search,full_rtx_pro_6000,False,cuda,NVIDIA RTX PRO 6000 Blackwell Server Edition,2.11.0+cu130,13.0,True
hyperparameter_search,ogbl_collab,gnn,grid_search,0.9176653842121032,0.8653769951037904,0.8303827990305089,,,,0.3136818051338196,False,42,0.4062059579882771,2476.68359375,1221.33203125,145.4,97.43846153846152,0.39999999999997726,0.0,"embedding_dim=32, hidden_dim=96, dropout=0.35, lr=0.01",validation_search,full_rtx_pro_6000,False,cuda,NVIDIA RTX PRO 6000 Blackwell Server Edition,2.11.0+cu130,13.0,True
hyperparameter_search,ogbl_collab,gnn,grid_search,0.9162352454064311,0.8597467394782977,0.8408460558206942,,,,0.30969343781471254,False,123,0.4048139490187168,2476.73828125,1221.33203125,147.5,92.58076923076922,0.39999999999997726,0.0,"embedding_dim=32, hidden_dim=96, dropout=0.35, lr=0.01",validation_search,full_rtx_pro_6000,False,cuda,NVIDIA RTX PRO 6000 Blackwell Server Edition,2.11.0+cu130,13.0,True
hyperparameter_search,ogbl_collab,gnn,grid_search,0.9175186583782704,0.8689104423352565,0.8451250593438445,,,,0.3287171542644501,False,456,0.4042415521107614,2476.73828125,1221.33203125,293.6,98.69615384615385,0.39999999999997726,0.009999999999999787,"embedding_dim=32, hidden_dim=96, dropout=0.35, lr=0.01",validation_search,full_rtx_pro_6000,False,cuda,NVIDIA RTX PRO 6000 Blackwell Server Edition,2.11.0+cu130,13.0,True
hyperparameter_search,ogbl_collab,gnn,grid_search,0.9063777898442181,0.8420295821611506,0.8218372854251518,,,,0.33975843489170077,False,789,0.4056079238653183,2476.73828125,1221.33203125,147.3,92.73846153846154,0.39999999999997726,0.0,"embedding_dim=32, hidden_dim=96, dropout=0.35, lr=0.01",validation_search,full_rtx_pro_6000,False,cuda,NVIDIA RTX PRO 6000 Blackwell Server Edition,2.11.0+cu130,13.0,True
hyperparameter_search,ogbl_collab,gnn,grid_search,0.921868377937554,0.8664263302220272,0.8270595437395367,,,,0.31678150594234467,False,2026,0.40412454097531736,2476.73828125,1221.33203125,147.2,93.25769230769231,0.39999999999997726,0.0,"embedding_dim=32, hidden_dim=96, dropout=0.35, lr=0.01",validation_search,full_rtx_pro_6000,False,cuda,NVIDIA RTX PRO 6000 Blackwell Server Edition,2.11.0+cu130,13.0,True
hyperparameter_search,ogbl_collab,gnn,grid_search,0.877684771153718,0.7954103283426265,0.664875940131431,,,,0.6808136224746704,False,42,0.5709130559116602,2476.75,1732.888671875,102.5,93.46923076923078,0.5699999999999932,0.0,"embedding_dim=48, hidden_dim=32, dropout=0.0, lr=0.000630957344480193",validation_search,full_rtx_pro_6000,False,cuda,NVIDIA RTX PRO 6000 Blackwell Server Edition,2.11.0+cu130,13.0,True
hyperparameter_search,ogbl_collab,gnn,grid_search,0.8638771866054191,0.772432641821653,0.7970003248294645,,,,0.6840469598770141,False,123,0.5704562768805772,2476.75,1732.888671875,102.6,97.52307692307691,0.5699999999999932,0.0,"embedding_dim=48, hidden_dim=32, dropout=0.0, lr=0.000630957344480193",validation_search,full_rtx_pro_6000,False,cuda,NVIDIA RTX PRO 6000 Blackwell Server Edition,2.11.0+cu130,13.0,True
hyperparameter_search,ogbl_collab,gnn,grid_search,0.8204958260934692,0.6888864497660556,0.7153119612203593,,,,0.6823351681232452,False,456,0.5707046899478883,2476.75,1732.888671875,102.5,97.46923076923078,0.5699999999999932,0.0,"embedding_dim=48, hidden_dim=32, dropout=0.0, lr=0.000630957344480193",validation_search,full_rtx_pro_6000,False,cuda,NVIDIA RTX PRO 6000 Blackwell Server Edition,2.11.0+cu130,13.0,True
hyperparameter_search,ogbl_collab,gnn,grid_search,0.7944992028659876,0.6648609053369835,0.7007571025211764,,,,0.6871311128139496,False,789,0.5702742470894009,2476.75,1732.888671875,102.6,93.78846153846155,0.5600000000000023,0.0,"embedding_dim=48, hidden_dim=32, dropout=0.0, lr=0.000630957344480193",validation_search,full_rtx_pro_6000,False,cuda,NVIDIA RTX PRO 6000 Blackwell Server Edition,2.11.0+cu130,13.0,True
hyperparameter_search,ogbl_collab,gnn,grid_search,0.8204082895612808,0.7259739093199553,0.6522700582194348,,,,0.686952942609787,False,2026,0.5709920960944146,2476.75,1732.888671875,102.6,93.61153846153847,0.5699999999999932,0.0,"embedding_dim=48, hidden_dim=32, dropout=0.0, lr=0.000630957344480193",validation_search,full_rtx_pro_6000,False,cuda,NVIDIA RTX PRO 6000 Blackwell Server Edition,2.11.0+cu130,13.0,True
hyperparameter_search,ogbl_collab,gnn,grid_search,0.9298093690499967,0.8863687385551193,0.8566814922165863,,,,0.2531562075018883,False,42,0.5698800839018077,2476.75,1732.888671875,204.3,97.58076923076923,0.57000000000005,0.009999999999999787,"embedding_dim=48, hidden_dim=32, dropout=0.0, lr=0.01",validation_search,full_rtx_pro_6000,False,cuda,NVIDIA RTX PRO 6000 Blackwell Server Edition,2.11.0+cu130,13.0,True
hyperparameter_search,ogbl_collab,gnn,grid_search,0.9285158638739097,0.8887819561132152,0.8594300492241573,,,,0.27613470107316973,False,123,0.5694618879351765,2476.75,1732.888671875,102.5,93.88461538461539,0.57000000000005,0.0,"embedding_dim=48, hidden_dim=32, dropout=0.0, lr=0.01",validation_search,full_rtx_pro_6000,False,cuda,NVIDIA RTX PRO 6000 Blackwell Server Edition,2.11.0+cu130,13.0,True
hyperparameter_search,ogbl_collab,gnn,grid_search,0.9293751144231409,0.8900026661384779,0.8579120961495215,,,,0.2628248408436775,False,456,0.5703036969061941,2476.75,1732.888671875,102.5,97.4076923076923,0.5699999999999932,0.0,"embedding_dim=48, hidden_dim=32, dropout=0.0, lr=0.01",validation_search,full_rtx_pro_6000,False,cuda,NVIDIA RTX PRO 6000 Blackwell Server Edition,2.11.0+cu130,13.0,True
hyperparameter_search,ogbl_collab,gnn,grid_search,0.9064575629119233,0.8554781774559719,0.8324192299043003,,,,0.2930487796664238,False,789,0.5700420869980007,2476.75,1732.888671875,102.5,97.53846153846155,0.5699999999999932,0.0,"embedding_dim=48, hidden_dim=32, dropout=0.0, lr=0.01",validation_search,full_rtx_pro_6000,False,cuda,NVIDIA RTX PRO 6000 Blackwell Server Edition,2.11.0+cu130,13.0,True
hyperparameter_search,ogbl_collab,gnn,grid_search,0.9205937955196059,0.876592348042116,0.831113665325704,,,,0.2903833374381065,False,2026,0.5697605488821864,2476.75,1732.888671875,102.6,93.71153846153847,0.5600000000000023,0.0,"embedding_dim=48, hidden_dim=32, dropout=0.0, lr=0.01",validation_search,full_rtx_pro_6000,False,cuda,NVIDIA RTX PRO 6000 Blackwell Server Edition,2.11.0+cu130,13.0,True
hyperparameter_search,ogbl_collab,gnn,grid_search,0.8707042500499301,0.7920447254690304,0.7934272007196222,,,,0.6856112718582154,False,42,0.5752871721051633,2476.75,1743.68603515625,101.4,92.52307692307693,0.5699999999999932,0.0,"embedding_dim=48, hidden_dim=32, dropout=0.35, lr=0.000630957344480193",validation_search,full_rtx_pro_6000,False,cuda,NVIDIA RTX PRO 6000 Blackwell Server Edition,2.11.0+cu130,13.0,True
hyperparameter_search,ogbl_collab,gnn,grid_search,0.7747443299380867,0.6320111443697237,0.7130881287324154,,,,0.6890356242656708,False,123,0.5756735939066857,2476.75,1743.68603515625,101.3,96.37307692307694,0.5799999999999841,0.0,"embedding_dim=48, hidden_dim=32, dropout=0.35, lr=0.000630957344480193",validation_search,full_rtx_pro_6000,False,cuda,NVIDIA RTX PRO 6000 Blackwell Server Edition,2.11.0+cu130,13.0,True
hyperparameter_search,ogbl_collab,gnn,grid_search,0.8557988085014313,0.7518659195409915,0.7450900777092027,,,,0.6894099771976471,False,456,0.5749982239212841,2476.75,1743.68603515625,101.2,96.49615384615385,0.5699999999999932,0.0,"embedding_dim=48, hidden_dim=32, dropout=0.35, lr=0.000630957344480193",validation_search,full_rtx_pro_6000,False,cuda,NVIDIA RTX PRO 6000 Blackwell Server Edition,2.11.0+cu130,13.0,True
hyperparameter_search,ogbl_collab,gnn,grid_search,0.6237277572232208,0.49268946614515574,0.5669585967367132,,,,0.6905469417572021,False,789,0.57588498480618,2476.75,1743.68603515625,101.1,96.31153846153846,0.5699999999999932,0.0,"embedding_dim=48, hidden_dim=32, dropout=0.35, lr=0.000630957344480193",validation_search,full_rtx_pro_6000,False,cuda,NVIDIA RTX PRO 6000 Blackwell Server Edition,2.11.0+cu130,13.0,True
hyperparameter_search,ogbl_collab,gnn,grid_search,0.7600324263531056,0.6449608408277787,0.6692798780640163,,,,0.6909968376159668,False,2026,0.5756100961007178,2476.75,1743.68603515625,101.2,92.65384615384616,0.5699999999999932,0.0,"embedding_dim=48, hidden_dim=32, dropout=0.35, lr=0.000630957344480193",validation_search,full_rtx_pro_6000,False,cuda,NVIDIA RTX PRO 6000 Blackwell Server Edition,2.11.0+cu130,13.0,True
hyperparameter_search,ogbl_collab,gnn,grid_search,0.9023221880201051,0.8210273629323176,0.816383898453312,,,,0.32819879353046416,False,42,0.5742785020265728,2476.75,1743.68603515625,101.1,96.43076923076923,0.5699999999999932,0.0,"embedding_dim=48, hidden_dim=32, dropout=0.35, lr=0.01",validation_search,full_rtx_pro_6000,False,cuda,NVIDIA RTX PRO 6000 Blackwell Server Edition,2.11.0+cu130,13.0,True
hyperparameter_search,ogbl_collab,gnn,grid_search,0.914985116836429,0.8593064949666832,0.8356862647110267,,,,0.3598721206188202,False,123,0.5748018741142005,2476.75,1743.68603515625,197.7,92.51153846153845,0.5699999999999932,0.0,"embedding_dim=48, hidden_dim=32, dropout=0.35, lr=0.01",validation_search,full_rtx_pro_6000,False,cuda,NVIDIA RTX PRO 6000 Blackwell Server Edition,2.11.0+cu130,13.0,True
hyperparameter_search,ogbl_collab,gnn,grid_search,0.905368272418614,0.8396456649234606,0.8114989630444017,,,,0.37147537171840667,False,456,0.5746084169950336,2476.75,1743.68603515625,101.5,96.49230769230769,0.5799999999999841,0.0,"embedding_dim=48, hidden_dim=32, dropout=0.35, lr=0.01",validation_search,full_rtx_pro_6000,False,cuda,NVIDIA RTX PRO 6000 Blackwell Server Edition,2.11.0+cu130,13.0,True
hyperparameter_search,ogbl_collab,gnn,grid_search,0.914030200386126,0.8551773004619062,0.8348242172859249,,,,0.3705431312322617,False,789,0.5737793750595301,2476.75,1743.68603515625,101.2,96.66538461538462,0.5699999999999932,0.0,"embedding_dim=48, hidden_dim=32, dropout=0.35, lr=0.01",validation_search,full_rtx_pro_6000,False,cuda,NVIDIA RTX PRO 6000 Blackwell Server Edition,2.11.0+cu130,13.0,True
hyperparameter_search,ogbl_collab,gnn,grid_search,0.8915617702716195,0.7999467064197673,0.8012418480297844,,,,0.3725626468658447,False,2026,0.5744303718674928,2476.75,1743.68603515625,101.5,96.51538461538462,0.5799999999999841,0.0,"embedding_dim=48, hidden_dim=32, dropout=0.35, lr=0.01",validation_search,full_rtx_pro_6000,False,cuda,NVIDIA RTX PRO 6000 Blackwell Server Edition,2.11.0+cu130,13.0,True
hyperparameter_search,ogbl_collab,gnn,grid_search,0.8567237912755477,0.7528818181486869,0.6575485370180655,,,,0.6759534537792206,False,42,0.5704255050513893,2476.75,1733.076171875,102.3,93.77692307692308,0.5699999999999932,0.0,"embedding_dim=48, hidden_dim=96, dropout=0.0, lr=0.000630957344480193",validation_search,full_rtx_pro_6000,False,cuda,NVIDIA RTX PRO 6000 Blackwell Server Edition,2.11.0+cu130,13.0,True
hyperparameter_search,ogbl_collab,gnn,grid_search,0.7970045728480127,0.6602127398115004,0.6586354663801505,,,,0.6753088474273682,False,123,0.5702788829803467,2476.75,1733.076171875,102.4,93.93076923076923,0.5699999999999932,0.0,"embedding_dim=48, hidden_dim=96, dropout=0.0, lr=0.000630957344480193",validation_search,full_rtx_pro_6000,False,cuda,NVIDIA RTX PRO 6000 Blackwell Server Edition,2.11.0+cu130,13.0,True
hyperparameter_search,ogbl_collab,gnn,grid_search,0.8743421762033153,0.7917001962566772,0.6636016091551935,,,,0.6786046683788299,False,456,0.5706028791610152,2476.75,1733.076171875,102.3,93.71923076923078,0.5699999999999932,0.0,"embedding_dim=48, hidden_dim=96, dropout=0.0, lr=0.000630957344480193",validation_search,full_rtx_pro_6000,False,cuda,NVIDIA RTX PRO 6000 Blackwell Server Edition,2.11.0+cu130,13.0,True
hyperparameter_search,ogbl_collab,gnn,grid_search,0.7995084194627521,0.6754509027645641,0.6636265960370805,,,,0.6723820507526398,False,789,0.5705506270751357,2476.75,1733.076171875,102.4,97.63846153846154,0.5699999999999932,0.0,"embedding_dim=48, hidden_dim=96, dropout=0.0, lr=0.000630957344480193",validation_search,full_rtx_pro_6000,False,cuda,NVIDIA RTX PRO 6000 Blackwell Server Edition,2.11.0+cu130,13.0,True
hyperparameter_search,ogbl_collab,gnn,grid_search,0.8835265686372412,0.8042332656188025,0.6512143624597087,,,,0.6815664350986481,False,2026,0.5699149509891868,2476.75,1733.076171875,102.4,97.7423076923077,0.5699999999999932,0.0,"embedding_dim=48, hidden_dim=96, dropout=0.0, lr=0.000630957344480193",validation_search,full_rtx_pro_6000,False,cuda,NVIDIA RTX PRO 6000 Blackwell Server Edition,2.11.0+cu130,13.0,True
hyperparameter_search,ogbl_collab,gnn,grid_search,0.9217309211270887,0.8764718690980304,0.8502411234102096,,,,0.2461306020617485,False,42,0.5702616188209504,2476.75,1733.076171875,102.5,93.60384615384616,0.5600000000000023,0.0,"embedding_dim=48, hidden_dim=96, dropout=0.0, lr=0.01",validation_search,full_rtx_pro_6000,False,cuda,NVIDIA RTX PRO 6000 Blackwell Server Edition,2.11.0+cu130,13.0,True
hyperparameter_search,ogbl_collab,gnn,grid_search,0.9330461027894282,0.897048315579515,0.8626096299442793,,,,0.24928972423076629,False,123,0.5699076419696212,2476.75,1733.076171875,102.5,93.69230769230768,0.5600000000000023,0.0,"embedding_dim=48, hidden_dim=96, dropout=0.0, lr=0.01",validation_search,full_rtx_pro_6000,False,cuda,NVIDIA RTX PRO 6000 Blackwell Server Edition,2.11.0+cu130,13.0,True
hyperparameter_search,ogbl_collab,gnn,grid_search,0.926143273916517,0.8819862246545326,0.8498350865795458,,,,0.26605845540761947,False,456,0.5697451177984476,2476.75,1733.076171875,102.3,93.79615384615386,0.5600000000000023,0.0,"embedding_dim=48, hidden_dim=96, dropout=0.0, lr=0.01",validation_search,full_rtx_pro_6000,False,cuda,NVIDIA RTX PRO 6000 Blackwell Server Edition,2.11.0+cu130,13.0,True
hyperparameter_search,ogbl_collab,gnn,grid_search,0.9171532556088143,0.8719675090851524,0.850534719272382,,,,0.267181858420372,False,789,0.5701535199768841,2476.75,1733.076171875,102.3,93.72692307692306,0.5699999999999932,0.0,"embedding_dim=48, hidden_dim=96, dropout=0.0, lr=0.01",validation_search,full_rtx_pro_6000,False,cuda,NVIDIA RTX PRO 6000 Blackwell Server Edition,2.11.0+cu130,13.0,True
hyperparameter_search,ogbl_collab,gnn,grid_search,0.9303258390752946,0.8924356683889969,0.8429636940606182,,,,0.25386643409729004,False,2026,0.5698551491368562,2476.75,1733.076171875,102.4,93.86923076923075,0.5699999999999932,0.0,"embedding_dim=48, hidden_dim=96, dropout=0.0, lr=0.01",validation_search,full_rtx_pro_6000,False,cuda,NVIDIA RTX PRO 6000 Blackwell Server Edition,2.11.0+cu130,13.0,True
hyperparameter_search,ogbl_collab,gnn,grid_search,0.8468468050562548,0.7535533400152682,0.7209402563654081,,,,0.6836212396621704,False,42,0.5768212960101664,2476.75,1743.87353515625,101.1,96.58076923076923,0.5800000000000409,0.0,"embedding_dim=48, hidden_dim=96, dropout=0.35, lr=0.000630957344480193",validation_search,full_rtx_pro_6000,False,cuda,NVIDIA RTX PRO 6000 Blackwell Server Edition,2.11.0+cu130,13.0,True
hyperparameter_search,ogbl_collab,gnn,grid_search,0.8207914606217962,0.6973650853471387,0.7545288723420205,,,,0.6835275590419769,False,123,0.5761699080467224,2476.75,1743.87353515625,101.0,96.18846153846154,0.5699999999999932,0.0,"embedding_dim=48, hidden_dim=96, dropout=0.35, lr=0.000630957344480193",validation_search,full_rtx_pro_6000,False,cuda,NVIDIA RTX PRO 6000 Blackwell Server Edition,2.11.0+cu130,13.0,True
hyperparameter_search,ogbl_collab,gnn,grid_search,0.8523276418846947,0.7722864933094327,0.7802216336423378,,,,0.6860134959220886,False,456,0.5756207320373505,2476.75,1743.87353515625,101.2,92.59615384615384,0.5699999999999932,0.0,"embedding_dim=48, hidden_dim=96, dropout=0.35, lr=0.000630957344480193",validation_search,full_rtx_pro_6000,False,cuda,NVIDIA RTX PRO 6000 Blackwell Server Edition,2.11.0+cu130,13.0,True
hyperparameter_search,ogbl_collab,gnn,grid_search,0.80120009187138,0.6913506430766554,0.7207965817945579,,,,0.6837252020835877,False,789,0.5753404160495847,2476.75,1743.87353515625,101.1,96.47692307692307,0.5699999999999932,0.0,"embedding_dim=48, hidden_dim=96, dropout=0.35, lr=0.000630957344480193",validation_search,full_rtx_pro_6000,False,cuda,NVIDIA RTX PRO 6000 Blackwell Server Edition,2.11.0+cu130,13.0,True
hyperparameter_search,ogbl_collab,gnn,grid_search,0.8744398936488916,0.8009382091438415,0.8008920316833662,,,,0.6872596800327301,False,2026,0.5756211730185896,2476.75,1743.87353515625,101.0,96.27307692307691,0.5699999999999932,0.0,"embedding_dim=48, hidden_dim=96, dropout=0.35, lr=0.000630957344480193",validation_search,full_rtx_pro_6000,False,cuda,NVIDIA RTX PRO 6000 Blackwell Server Edition,2.11.0+cu130,13.0,True
hyperparameter_search,ogbl_collab,gnn,grid_search,0.9230738637574063,0.8749058422683668,0.8439631693360985,,,,0.2874117761850357,False,42,0.575034914072603,2476.75,1743.87353515625,101.4,92.58846153846153,0.5699999999999932,0.0,"embedding_dim=48, hidden_dim=96, dropout=0.35, lr=0.01",validation_search,full_rtx_pro_6000,False,cuda,NVIDIA RTX PRO 6000 Blackwell Server Edition,2.11.0+cu130,13.0,True
hyperparameter_search,ogbl_collab,gnn,grid_search,0.9249944683276746,0.8839991787898674,0.8341620649159192,,,,0.3167776197195053,False,123,0.5746965589933097,2476.75,1743.87353515625,101.0,96.44999999999999,0.5699999999999932,0.0,"embedding_dim=48, hidden_dim=96, dropout=0.35, lr=0.01",validation_search,full_rtx_pro_6000,False,cuda,NVIDIA RTX PRO 6000 Blackwell Server Edition,2.11.0+cu130,13.0,True
hyperparameter_search,ogbl_collab,gnn,grid_search,0.9143577276812463,0.8688465874229427,0.8400277354388945,,,,0.3342777371406555,False,456,0.5760306459851563,2476.75,1743.87353515625,100.9,96.08076923076925,0.5699999999999932,0.0,"embedding_dim=48, hidden_dim=96, dropout=0.35, lr=0.01",validation_search,full_rtx_pro_6000,False,cuda,NVIDIA RTX PRO 6000 Blackwell Server Edition,2.11.0+cu130,13.0,True
hyperparameter_search,ogbl_collab,gnn,grid_search,0.9140946266060849,0.8582000753225272,0.8340058969041253,,,,0.31434148252010347,False,789,0.5754376389086246,2476.75,1743.87353515625,101.4,92.47692307692309,0.5699999999999932,0.0,"embedding_dim=48, hidden_dim=96, dropout=0.35, lr=0.01",validation_search,full_rtx_pro_6000,False,cuda,NVIDIA RTX PRO 6000 Blackwell Server Edition,2.11.0+cu130,13.0,True
hyperparameter_search,ogbl_collab,gnn,grid_search,0.923875633113641,0.8695615340844932,0.8333749781364783,,,,0.30776470005512235,False,2026,0.5752210910432041,2476.75,1743.87353515625,101.0,96.31923076923077,0.5699999999999932,0.0,"embedding_dim=48, hidden_dim=96, dropout=0.35, lr=0.01",validation_search,full_rtx_pro_6000,False,cuda,NVIDIA RTX PRO 6000 Blackwell Server Edition,2.11.0+cu130,13.0,True
hyperparameter_search,ogbl_collab,gnn,grid_search,0.9212606615737967,0.8752119504703701,0.8502223832487944,0.906090196421248,0.8189156201068859,0.8417743577828045,0.24440549314022064,True,42,0.8749845970887691,2476.75,1733.076171875,102.3,93.56538461538462,0.8700000000000045,0.009999999999999787,"Validation-selected configuration: embedding_dim=48, hidden_dim=96, dropout=0.0, lr=0.01",final_test,full_rtx_pro_6000,False,cuda,NVIDIA RTX PRO 6000 Blackwell Server Edition,2.11.0+cu130,13.0,True
hyperparameter_search,ogbl_collab,gnn,grid_search,0.9324896459956061,0.8963355025329709,0.8614414932160616,0.9208731303287357,0.8548481863622829,0.8559957356368184,0.24872440844774246,True,123,0.874716266989708,2476.75,1733.076171875,102.2,97.37692307692308,0.8700000000000045,0.0,"Validation-selected configuration: embedding_dim=48, hidden_dim=96, dropout=0.0, lr=0.01",final_test,full_rtx_pro_6000,False,cuda,NVIDIA RTX PRO 6000 Blackwell Server Edition,2.11.0+cu130,13.0,True
hyperparameter_search,ogbl_collab,gnn,grid_search,0.9261288645895747,0.8820020355646021,0.8497663726543565,0.9126060311036284,0.8314866412546555,0.8386649262962229,0.26604935228824617,True,456,0.8741555449087173,2476.75,1733.076171875,102.3,97.58461538461539,0.8700000000000045,0.0,"Validation-selected configuration: embedding_dim=48, hidden_dim=96, dropout=0.0, lr=0.01",final_test,full_rtx_pro_6000,False,cuda,NVIDIA RTX PRO 6000 Blackwell Server Edition,2.11.0+cu130,13.0,True
hyperparameter_search,ogbl_collab,gnn,grid_search,0.917103065125491,0.871881034164594,0.850484745508608,0.9013096559390446,0.817741659247043,0.843339324399128,0.26721929013729095,True,789,0.8748211921192706,2476.75,1733.076171875,102.1,97.37692307692308,0.8700000000000045,0.0,"Validation-selected configuration: embedding_dim=48, hidden_dim=96, dropout=0.0, lr=0.01",final_test,full_rtx_pro_6000,False,cuda,NVIDIA RTX PRO 6000 Blackwell Server Edition,2.11.0+cu130,13.0,True
hyperparameter_search,ogbl_collab,gnn,grid_search,0.9301546877704547,0.891887053062534,0.8424452162614627,0.916300765287401,0.840903565188748,0.8293024622597025,0.2536210373044014,True,2026,0.8745716880075634,2476.75,1733.076171875,204.0,97.51923076923076,0.8700000000000045,0.009999999999999787,"Validation-selected configuration: embedding_dim=48, hidden_dim=96, dropout=0.0, lr=0.01",final_test,full_rtx_pro_6000,False,cuda,NVIDIA RTX PRO 6000 Blackwell Server Edition,2.11.0+cu130,13.0,True
hyperparameter_search,ogbl_collab,gnn,random_search,0.8861779023533719,0.8046248804520604,0.7797281427250693,,,,0.3974794536828995,False,42,0.23388778418302536,2476.75,699.728515625,227.2,90.1653846153846,0.2300000000000182,0.0,"embedding_dim=16, hidden_dim=96, dropout=0.1536074539132183, lr=0.006765774266724162",validation_search,full_rtx_pro_6000,False,cuda,NVIDIA RTX PRO 6000 Blackwell Server Edition,2.11.0+cu130,13.0,True
hyperparameter_search,ogbl_collab,gnn,random_search,0.8959144104087611,0.818907440794358,0.8071449988755903,,,,0.39855450093746186,False,123,0.23430396686308086,2476.75,699.728515625,227.2,97.74615384615382,0.2300000000000182,0.0,"embedding_dim=16, hidden_dim=96, dropout=0.1536074539132183, lr=0.006765774266724162",validation_search,full_rtx_pro_6000,False,cuda,NVIDIA RTX PRO 6000 Blackwell Server Edition,2.11.0+cu130,13.0,True
hyperparameter_search,ogbl_collab,gnn,random_search,0.8784783069535984,0.7910148011473935,0.7766984832962694,,,,0.42194863557815554,False,456,0.23402835777960718,2476.75,699.728515625,227.8,90.85384615384616,0.2300000000000182,0.0,"embedding_dim=16, hidden_dim=96, dropout=0.1536074539132183, lr=0.006765774266724162",validation_search,full_rtx_pro_6000,False,cuda,NVIDIA RTX PRO 6000 Blackwell Server Edition,2.11.0+cu130,13.0,True
hyperparameter_search,ogbl_collab,gnn,random_search,0.8895780478163904,0.8112886715165002,0.8084068364108843,,,,0.3640634596347809,False,789,0.23360696714371443,2476.75,699.728515625,228.2,99.21153846153847,0.2300000000000182,0.0,"embedding_dim=16, hidden_dim=96, dropout=0.1536074539132183, lr=0.006765774266724162",validation_search,full_rtx_pro_6000,False,cuda,NVIDIA RTX PRO 6000 Blackwell Server Edition,2.11.0+cu130,13.0,True
hyperparameter_search,ogbl_collab,gnn,random_search,0.8994833920011982,0.8205248857921221,0.8037530296594289,,,,0.3840798884630203,False,2026,0.23385366704314947,2476.75,699.728515625,228.2,98.38846153846154,0.2400000000000091,0.0,"embedding_dim=16, hidden_dim=96, dropout=0.1536074539132183, lr=0.006765774266724162",validation_search,full_rtx_pro_6000,False,cuda,NVIDIA RTX PRO 6000 Blackwell Server Edition,2.11.0+cu130,13.0,True
hyperparameter_search,ogbl_collab,gnn,random_search,0.9052914971539845,0.8402503326840417,0.8273843732040679,,,,0.3200225859880447,False,42,0.23408280196599662,2476.75,699.728515625,227.4,90.01153846153846,0.2300000000000182,0.0,"embedding_dim=16, hidden_dim=96, dropout=0.032962071760677336, lr=0.00934860525257475",validation_search,full_rtx_pro_6000,False,cuda,NVIDIA RTX PRO 6000 Blackwell Server Edition,2.11.0+cu130,13.0,True
hyperparameter_search,ogbl_collab,gnn,random_search,0.9198543696325145,0.8635563777952564,0.8373291521950976,,,,0.35167270004749296,False,123,0.23341691493988037,2476.75,699.728515625,227.5,98.37692307692306,0.2300000000000182,0.0,"embedding_dim=16, hidden_dim=96, dropout=0.032962071760677336, lr=0.00934860525257475",validation_search,full_rtx_pro_6000,False,cuda,NVIDIA RTX PRO 6000 Blackwell Server Edition,2.11.0+cu130,13.0,True
hyperparameter_search,ogbl_collab,gnn,random_search,0.9054503292889954,0.8389184588268654,0.8265910397041554,,,,0.34841319024562833,False,456,0.23346653301268816,2476.75,699.728515625,228.1,98.50384615384615,0.2400000000000091,0.0,"embedding_dim=16, hidden_dim=96, dropout=0.032962071760677336, lr=0.00934860525257475",validation_search,full_rtx_pro_6000,False,cuda,NVIDIA RTX PRO 6000 Blackwell Server Edition,2.11.0+cu130,13.0,True
hyperparameter_search,ogbl_collab,gnn,random_search,0.9087287893615604,0.8523026635715085,0.8277092026685989,,,,0.31424092650413515,False,789,0.23319013300351799,2476.75,699.728515625,228.5,91.15769230769232,0.2300000000000182,0.0,"embedding_dim=16, hidden_dim=96, dropout=0.032962071760677336, lr=0.00934860525257475",validation_search,full_rtx_pro_6000,False,cuda,NVIDIA RTX PRO 6000 Blackwell Server Edition,2.11.0+cu130,13.0,True
hyperparameter_search,ogbl_collab,gnn,random_search,0.9139932477864323,0.851917273663985,0.8367669473526399,,,,0.309379380941391,False,2026,0.23309009498916566,2476.75,699.728515625,227.9,98.60384615384616,0.2300000000000182,0.0,"embedding_dim=16, hidden_dim=96, dropout=0.032962071760677336, lr=0.00934860525257475",validation_search,full_rtx_pro_6000,False,cuda,NVIDIA RTX PRO 6000 Blackwell Server Edition,2.11.0+cu130,13.0,True
hyperparameter_search,ogbl_collab,gnn,random_search,0.8667791781505891,0.7762837492092609,0.7558281902001449,,,,0.6742377281188965,False,42,0.5755990219768137,2476.75,1743.87353515625,101.3,92.45000000000002,0.5699999999999932,0.0,"embedding_dim=48, hidden_dim=96, dropout=0.2751225068469338, lr=0.0008989517024157321",validation_search,full_rtx_pro_6000,False,cuda,NVIDIA RTX PRO 6000 Blackwell Server Edition,2.11.0+cu130,13.0,True
hyperparameter_search,ogbl_collab,gnn,random_search,0.824743912772119,0.6900427110184839,0.7550223632592888,,,,0.671842634677887,False,123,0.5754869878292084,2476.75,1743.87353515625,101.0,96.30384615384614,0.5699999999999932,0.0,"embedding_dim=48, hidden_dim=96, dropout=0.2751225068469338, lr=0.0008989517024157321",validation_search,full_rtx_pro_6000,False,cuda,NVIDIA RTX PRO 6000 Blackwell Server Edition,2.11.0+cu130,13.0,True
hyperparameter_search,ogbl_collab,gnn,random_search,0.8820733801011916,0.8067493367735368,0.8180767597011569,,,,0.6770256459712982,False,456,0.5749242519959807,2476.75,1743.87353515625,101.1,96.50000000000001,0.5699999999999932,0.0,"embedding_dim=48, hidden_dim=96, dropout=0.2751225068469338, lr=0.0008989517024157321",validation_search,full_rtx_pro_6000,False,cuda,NVIDIA RTX PRO 6000 Blackwell Server Edition,2.11.0+cu130,13.0,True
hyperparameter_search,ogbl_collab,gnn,random_search,0.7910519499367552,0.6592947903789449,0.7286986831913246,,,,0.6711475074291229,False,789,0.5756627998780459,2476.75,1743.87353515625,101.3,92.52692307692307,0.5699999999999932,0.0,"embedding_dim=48, hidden_dim=96, dropout=0.2751225068469338, lr=0.0008989517024157321",validation_search,full_rtx_pro_6000,False,cuda,NVIDIA RTX PRO 6000 Blackwell Server Edition,2.11.0+cu130,13.0,True
hyperparameter_search,ogbl_collab,gnn,random_search,0.8733514539644498,0.7903905604073721,0.7870118187951326,,,,0.6798891484737396,False,2026,0.5751326389145106,2476.75,1743.87353515625,101.0,96.39230769230771,0.5699999999999932,0.0,"embedding_dim=48, hidden_dim=96, dropout=0.2751225068469338, lr=0.0008989517024157321",validation_search,full_rtx_pro_6000,False,cuda,NVIDIA RTX PRO 6000 Blackwell Server Edition,2.11.0+cu130,13.0,True
hyperparameter_search,ogbl_collab,gnn,random_search,0.9170625896245257,0.8555971057511736,0.8481547187726444,,,,0.27695341855287553,False,42,0.5743571510538459,2476.75,1743.77978515625,28402.7,1188.9846153846158,0.5699999999999932,0.009999999999999787,"embedding_dim=48, hidden_dim=64, dropout=0.12977930848140343, lr=0.008168042458817863",validation_search,full_rtx_pro_6000,False,cuda,NVIDIA RTX PRO 6000 Blackwell Server Edition,2.11.0+cu130,13.0,True
hyperparameter_search,ogbl_collab,gnn,random_search,0.9286725761433992,0.879525883133673,0.8574373453936683,,,,0.29289675056934356,False,123,0.5750180820468813,2476.75,1743.77978515625,101.1,96.33846153846156,0.5699999999999932,0.0,"embedding_dim=48, hidden_dim=64, dropout=0.12977930848140343, lr=0.008168042458817863",validation_search,full_rtx_pro_6000,False,cuda,NVIDIA RTX PRO 6000 Blackwell Server Edition,2.11.0+cu130,13.0,True
hyperparameter_search,ogbl_collab,gnn,random_search,0.900930144714067,0.8287637614628414,0.819282376752205,,,,0.31490043103694915,False,456,0.574998274911195,2476.75,1743.77978515625,101.4,92.64230769230768,0.5699999999999932,0.0,"embedding_dim=48, hidden_dim=64, dropout=0.12977930848140343, lr=0.008168042458817863",validation_search,full_rtx_pro_6000,False,cuda,NVIDIA RTX PRO 6000 Blackwell Server Edition,2.11.0+cu130,13.0,True
hyperparameter_search,ogbl_collab,gnn,random_search,0.9239397890453365,0.8759378323836287,0.8549823842482697,,,,0.2849991664290428,False,789,0.5747888348996639,2476.75,1743.77978515625,101.3,96.49230769230769,0.5699999999999932,0.0,"embedding_dim=48, hidden_dim=64, dropout=0.12977930848140343, lr=0.008168042458817863",validation_search,full_rtx_pro_6000,False,cuda,NVIDIA RTX PRO 6000 Blackwell Server Edition,2.11.0+cu130,13.0,True
hyperparameter_search,ogbl_collab,gnn,random_search,0.9238691121596432,0.8693756861510595,0.8448127233202569,,,,0.27780715078115464,False,2026,0.575120611814782,2476.75,1743.77978515625,101.0,96.31923076923078,0.5699999999999932,0.0,"embedding_dim=48, hidden_dim=64, dropout=0.12977930848140343, lr=0.008168042458817863",validation_search,full_rtx_pro_6000,False,cuda,NVIDIA RTX PRO 6000 Blackwell Server Edition,2.11.0+cu130,13.0,True
hyperparameter_search,ogbl_collab,gnn,random_search,0.8383107913088343,0.7139797612747063,0.7560468254166562,,,,0.5885028123855591,False,42,0.575449445983395,2476.75,1743.77978515625,100.9,96.31923076923077,0.5699999999999932,0.0,"embedding_dim=48, hidden_dim=64, dropout=0.2879665646447905, lr=0.002148310438169022",validation_search,full_rtx_pro_6000,False,cuda,NVIDIA RTX PRO 6000 Blackwell Server Edition,2.11.0+cu130,13.0,True
hyperparameter_search,ogbl_collab,gnn,random_search,0.8452102013015111,0.7260884302459567,0.7547600009994753,,,,0.5898771345615387,False,123,0.5748474770225585,2476.75,1743.77978515625,189.9,96.43461538461538,0.5799999999999841,0.0,"embedding_dim=48, hidden_dim=64, dropout=0.2879665646447905, lr=0.002148310438169022",validation_search,full_rtx_pro_6000,False,cuda,NVIDIA RTX PRO 6000 Blackwell Server Edition,2.11.0+cu130,13.0,True
hyperparameter_search,ogbl_collab,gnn,random_search,0.8262118155415751,0.6956103832571583,0.7159491267084781,,,,0.5956678450107574,False,456,0.5756069920025766,2476.75,1743.77978515625,101.1,96.26923076923076,0.5699999999999932,0.0,"embedding_dim=48, hidden_dim=64, dropout=0.2879665646447905, lr=0.002148310438169022",validation_search,full_rtx_pro_6000,False,cuda,NVIDIA RTX PRO 6000 Blackwell Server Edition,2.11.0+cu130,13.0,True
hyperparameter_search,ogbl_collab,gnn,random_search,0.8676968095499634,0.7623931122513152,0.7364383698558257,,,,0.584978187084198,False,789,0.5755942661780864,2476.75,1743.77978515625,100.8,96.26153846153846,0.5699999999999932,0.0,"embedding_dim=48, hidden_dim=64, dropout=0.2879665646447905, lr=0.002148310438169022",validation_search,full_rtx_pro_6000,False,cuda,NVIDIA RTX PRO 6000 Blackwell Server Edition,2.11.0+cu130,13.0,True
hyperparameter_search,ogbl_collab,gnn,random_search,0.8407170737633979,0.7206699320886467,0.7076284950401039,,,,0.5961567282676696,False,2026,0.5749632359948009,2476.75,1743.77978515625,101.1,96.52307692307693,0.5699999999999932,0.0,"embedding_dim=48, hidden_dim=64, dropout=0.2879665646447905, lr=0.002148310438169022",validation_search,full_rtx_pro_6000,False,cuda,NVIDIA RTX PRO 6000 Blackwell Server Edition,2.11.0+cu130,13.0,True
hyperparameter_search,ogbl_collab,gnn,random_search,0.8501472356201317,0.7596580966898877,0.7702955948127234,,,,0.688795554637909,False,42,0.4039524029940367,2476.75,1221.20703125,147.5,93.56923076923077,0.4000000000000341,0.0,"embedding_dim=32, hidden_dim=32, dropout=0.19410467545554216, lr=0.0007526285822748962",validation_search,full_rtx_pro_6000,False,cuda,NVIDIA RTX PRO 6000 Blackwell Server Edition,2.11.0+cu130,13.0,True
hyperparameter_search,ogbl_collab,gnn,random_search,0.8345280611310832,0.7133526616314668,0.6463169336098549,,,,0.689006096124649,False,123,0.403901674086228,2476.75,1221.20703125,147.5,93.68846153846154,0.4000000000000341,0.0,"embedding_dim=32, hidden_dim=32, dropout=0.19410467545554216, lr=0.0007526285822748962",validation_search,full_rtx_pro_6000,False,cuda,NVIDIA RTX PRO 6000 Blackwell Server Edition,2.11.0+cu130,13.0,True
hyperparameter_search,ogbl_collab,gnn,random_search,0.8969945826675987,0.8482799401042802,0.6248844356712726,,,,0.6908490300178528,False,456,0.4033638129476458,2476.75,1221.20703125,147.7,94.1076923076923,0.4000000000000341,0.0,"embedding_dim=32, hidden_dim=32, dropout=0.19410467545554216, lr=0.0007526285822748962",validation_search,full_rtx_pro_6000,False,cuda,NVIDIA RTX PRO 6000 Blackwell Server Edition,2.11.0+cu130,13.0,True
hyperparameter_search,ogbl_collab,gnn,random_search,0.8246674211104453,0.7087357210775153,0.6762886984333225,,,,0.6853089332580566,False,789,0.4041820999700576,2476.75,1221.20703125,147.3,99.0,0.410000000000025,0.0,"embedding_dim=32, hidden_dim=32, dropout=0.19410467545554216, lr=0.0007526285822748962",validation_search,full_rtx_pro_6000,False,cuda,NVIDIA RTX PRO 6000 Blackwell Server Edition,2.11.0+cu130,13.0,True
hyperparameter_search,ogbl_collab,gnn,random_search,0.789881220125158,0.6515511983811002,0.655493365982859,,,,0.6856002926826477,False,2026,0.4035694859921932,2476.75,1221.20703125,147.4,99.31923076923076,0.4000000000000341,0.0,"embedding_dim=32, hidden_dim=32, dropout=0.19410467545554216, lr=0.0007526285822748962",validation_search,full_rtx_pro_6000,False,cuda,NVIDIA RTX PRO 6000 Blackwell Server Edition,2.11.0+cu130,13.0,True
hyperparameter_search,ogbl_collab,gnn,random_search,0.9111921628886227,0.8470904805338492,0.826422378251418,,,,0.31509005427360537,False,42,0.5744579101447016,2476.75,1743.87353515625,101.1,96.54230769230769,0.5699999999999932,0.0,"embedding_dim=48, hidden_dim=96, dropout=0.22108253969272268, lr=0.005125134747140126",validation_search,full_rtx_pro_6000,False,cuda,NVIDIA RTX PRO 6000 Blackwell Server Edition,2.11.0+cu130,13.0,True
hyperparameter_search,ogbl_collab,gnn,random_search,0.915708587727182,0.8524303203996653,0.8302766047824892,,,,0.34217934012413026,False,123,0.5753465839661658,2476.75,1743.87353515625,101.4,96.34615384615385,0.5799999999999841,0.0,"embedding_dim=48, hidden_dim=96, dropout=0.22108253969272268, lr=0.005125134747140126",validation_search,full_rtx_pro_6000,False,cuda,NVIDIA RTX PRO 6000 Blackwell Server Edition,2.11.0+cu130,13.0,True
hyperparameter_search,ogbl_collab,gnn,random_search,0.9127245419745691,0.8395049098585793,0.8248544514130082,,,,0.3392847776412964,False,456,0.574882433982566,2476.75,1743.87353515625,101.1,96.29615384615384,0.5699999999999932,0.0,"embedding_dim=48, hidden_dim=96, dropout=0.22108253969272268, lr=0.005125134747140126",validation_search,full_rtx_pro_6000,False,cuda,NVIDIA RTX PRO 6000 Blackwell Server Edition,2.11.0+cu130,13.0,True
hyperparameter_search,ogbl_collab,gnn,random_search,0.9151585007655949,0.8528411574656392,0.8298330876289948,,,,0.32084451913833617,False,789,0.5746699320152402,2476.75,1743.87353515625,101.1,96.51538461538463,0.5699999999999932,0.0,"embedding_dim=48, hidden_dim=96, dropout=0.22108253969272268, lr=0.005125134747140126",validation_search,full_rtx_pro_6000,False,cuda,NVIDIA RTX PRO 6000 Blackwell Server Edition,2.11.0+cu130,13.0,True
hyperparameter_search,ogbl_collab,gnn,random_search,0.9018513273084349,0.80924540799751,0.8019602208840358,,,,0.348875629901886,False,2026,0.5750325708650053,2476.75,1743.87353515625,101.2,96.32307692307691,0.5699999999999932,0.0,"embedding_dim=48, hidden_dim=96, dropout=0.22108253969272268, lr=0.005125134747140126",validation_search,full_rtx_pro_6000,False,cuda,NVIDIA RTX PRO 6000 Blackwell Server Edition,2.11.0+cu130,13.0,True
hyperparameter_search,ogbl_collab,gnn,random_search,0.9001153687337727,0.8129924829081994,0.8288523525149296,,,,0.33873888850212097,False,42,0.5748894540593028,2476.75,1743.77978515625,101.4,96.51153846153848,0.5799999999999841,0.0,"embedding_dim=48, hidden_dim=64, dropout=0.33974430853821613, lr=0.0074429541829455735",validation_search,full_rtx_pro_6000,False,cuda,NVIDIA RTX PRO 6000 Blackwell Server Edition,2.11.0+cu130,13.0,True
hyperparameter_search,ogbl_collab,gnn,random_search,0.9019201294021704,0.827908771172451,0.8081507208715425,,,,0.37719186544418337,False,123,0.5750909210182726,2476.75,1743.77978515625,101.0,96.45384615384613,0.5699999999999932,0.0,"embedding_dim=48, hidden_dim=64, dropout=0.33974430853821613, lr=0.0074429541829455735",validation_search,full_rtx_pro_6000,False,cuda,NVIDIA RTX PRO 6000 Blackwell Server Edition,2.11.0+cu130,13.0,True
hyperparameter_search,ogbl_collab,gnn,random_search,0.8920271274382531,0.8154372577870982,0.8019727143249794,,,,0.3788114368915558,False,456,0.5755488721188158,2476.75,1743.77978515625,101.3,92.46923076923078,0.5699999999999932,0.0,"embedding_dim=48, hidden_dim=64, dropout=0.33974430853821613, lr=0.0074429541829455735",validation_search,full_rtx_pro_6000,False,cuda,NVIDIA RTX PRO 6000 Blackwell Server Edition,2.11.0+cu130,13.0,True
hyperparameter_search,ogbl_collab,gnn,random_search,0.9142339106916982,0.8558342054038354,0.8279590714874691,,,,0.32340013682842256,False,789,0.5751626510173082,2476.75,1743.77978515625,101.3,96.47692307692306,0.5799999999999841,0.0,"embedding_dim=48, hidden_dim=64, dropout=0.33974430853821613, lr=0.0074429541829455735",validation_search,full_rtx_pro_6000,False,cuda,NVIDIA RTX PRO 6000 Blackwell Server Edition,2.11.0+cu130,13.0,True
hyperparameter_search,ogbl_collab,gnn,random_search,0.8977020538745755,0.8179341345693252,0.8134729267134754,,,,0.3693652957677841,False,2026,0.5746147958561778,2476.75,1743.77978515625,101.0,96.46538461538464,0.5699999999999932,0.0,"embedding_dim=48, hidden_dim=64, dropout=0.33974430853821613, lr=0.0074429541829455735",validation_search,full_rtx_pro_6000,False,cuda,NVIDIA RTX PRO 6000 Blackwell Server Edition,2.11.0+cu130,13.0,True
hyperparameter_search,ogbl_collab,gnn,random_search,0.8585671758704481,0.7557892797800732,0.7479385822443217,,,,0.4718173801898956,False,42,0.5753714079037309,2476.75,1743.87353515625,101.4,92.50769230769231,0.5699999999999932,0.0,"embedding_dim=48, hidden_dim=96, dropout=0.06812354774818864, lr=0.0022912116268153327",validation_search,full_rtx_pro_6000,False,cuda,NVIDIA RTX PRO 6000 Blackwell Server Edition,2.11.0+cu130,13.0,True
hyperparameter_search,ogbl_collab,gnn,random_search,0.8849989503029093,0.8089367082475841,0.7807338647210215,,,,0.4832485496997833,False,123,0.5748433899134398,2476.75,1743.87353515625,101.0,96.40000000000002,0.5699999999999932,0.0,"embedding_dim=48, hidden_dim=96, dropout=0.06812354774818864, lr=0.0022912116268153327",validation_search,full_rtx_pro_6000,False,cuda,NVIDIA RTX PRO 6000 Blackwell Server Edition,2.11.0+cu130,13.0,True
hyperparameter_search,ogbl_collab,gnn,random_search,0.883903409726383,0.7913384188516457,0.7894355463381725,,,,0.47852799892425535,False,456,0.574868445051834,2476.75,1743.87353515625,101.4,92.68846153846154,0.5699999999999932,0.0,"embedding_dim=48, hidden_dim=96, dropout=0.06812354774818864, lr=0.0022912116268153327",validation_search,full_rtx_pro_6000,False,cuda,NVIDIA RTX PRO 6000 Blackwell Server Edition,2.11.0+cu130,13.0,True
hyperparameter_search,ogbl_collab,gnn,random_search,0.8833494168996738,0.8009059249414958,0.7797968566502587,,,,0.4580226272344589,False,789,0.5753752430900931,2476.75,1743.87353515625,101.4,92.48846153846155,0.5699999999999932,0.0,"embedding_dim=48, hidden_dim=96, dropout=0.06812354774818864, lr=0.0022912116268153327",validation_search,full_rtx_pro_6000,False,cuda,NVIDIA RTX PRO 6000 Blackwell Server Edition,2.11.0+cu130,13.0,True
hyperparameter_search,ogbl_collab,gnn,random_search,0.8859716682477865,0.7969145179932626,0.7834886684490643,,,,0.48967026472091674,False,2026,0.5751279920805246,2476.75,1743.87353515625,101.0,96.27307692307691,0.5699999999999932,0.0,"embedding_dim=48, hidden_dim=96, dropout=0.06812354774818864, lr=0.0022912116268153327",validation_search,full_rtx_pro_6000,False,cuda,NVIDIA RTX PRO 6000 Blackwell Server Edition,2.11.0+cu130,13.0,True
hyperparameter_search,ogbl_collab,gnn,random_search,0.87390464799281,0.772018849608778,0.766997326403638,,,,0.4823774755001068,False,42,0.4028497750405222,2476.75,1221.20703125,147.6,93.86153846153847,0.4000000000000341,0.0,"embedding_dim=32, hidden_dim=32, dropout=0.054001322223641735, lr=0.004165419481637718",validation_search,full_rtx_pro_6000,False,cuda,NVIDIA RTX PRO 6000 Blackwell Server Edition,2.11.0+cu130,13.0,True
hyperparameter_search,ogbl_collab,gnn,random_search,0.8572750949504028,0.7516390532521386,0.7602758551760326,,,,0.48747703433036804,False,123,0.4034939119592309,2476.859375,1221.20703125,147.4,93.50000000000001,0.4000000000000341,0.0,"embedding_dim=32, hidden_dim=32, dropout=0.054001322223641735, lr=0.004165419481637718",validation_search,full_rtx_pro_6000,False,cuda,NVIDIA RTX PRO 6000 Blackwell Server Edition,2.11.0+cu130,13.0,True
hyperparameter_search,ogbl_collab,gnn,random_search,0.8790237027328407,0.7852523801782944,0.796356912620874,,,,0.48133487105369566,False,456,0.4032053139526397,2476.859375,1221.20703125,147.6,93.93076923076926,0.4000000000000341,0.0,"embedding_dim=32, hidden_dim=32, dropout=0.054001322223641735, lr=0.004165419481637718",validation_search,full_rtx_pro_6000,False,cuda,NVIDIA RTX PRO 6000 Blackwell Server Edition,2.11.0+cu130,13.0,True
hyperparameter_search,ogbl_collab,gnn,random_search,0.8766197205578856,0.7882262456010718,0.80019239899053,,,,0.4239210695028305,False,789,0.40269700321368873,2476.859375,1221.20703125,147.8,99.33846153846153,0.4000000000000341,0.0,"embedding_dim=32, hidden_dim=32, dropout=0.054001322223641735, lr=0.004165419481637718",validation_search,full_rtx_pro_6000,False,cuda,NVIDIA RTX PRO 6000 Blackwell Server Edition,2.11.0+cu130,13.0,True
hyperparameter_search,ogbl_collab,gnn,random_search,0.8916129450436057,0.8029564311523143,0.8068576497338897,,,,0.410088974237442,False,2026,0.40340242604725063,2476.859375,1221.20703125,147.5,93.5423076923077,0.4000000000000341,0.0,"embedding_dim=32, hidden_dim=32, dropout=0.054001322223641735, lr=0.004165419481637718",validation_search,full_rtx_pro_6000,False,cuda,NVIDIA RTX PRO 6000 Blackwell Server Edition,2.11.0+cu130,13.0,True
hyperparameter_search,ogbl_collab,gnn,random_search,0.8704473637740497,0.7753652359713313,0.7878176457359886,,,,0.6422801792621613,False,42,0.5752719908487052,2476.859375,1743.87353515625,101.3,92.55,0.5699999999999932,0.0,"embedding_dim=48, hidden_dim=96, dropout=0.3386284063519735, lr=0.001552352801502279",validation_search,full_rtx_pro_6000,False,cuda,NVIDIA RTX PRO 6000 Blackwell Server Edition,2.11.0+cu130,13.0,True
hyperparameter_search,ogbl_collab,gnn,random_search,0.8563135574362558,0.7275414862252548,0.7924152320031983,,,,0.6332831442356109,False,123,0.5747395681682974,2476.859375,1743.87353515625,189.8,100.18461538461537,0.5699999999999932,0.010000000000001563,"embedding_dim=48, hidden_dim=96, dropout=0.3386284063519735, lr=0.001552352801502279",validation_search,full_rtx_pro_6000,False,cuda,NVIDIA RTX PRO 6000 Blackwell Server Edition,2.11.0+cu130,13.0,True
hyperparameter_search,ogbl_collab,gnn,random_search,0.8873411551328141,0.8092049635202581,0.7351702856000599,,,,0.6486417055130005,False,456,0.5754488441161811,2476.859375,1743.87353515625,101.3,96.2230769230769,0.5699999999999932,0.0,"embedding_dim=48, hidden_dim=96, dropout=0.3386284063519735, lr=0.001552352801502279",validation_search,full_rtx_pro_6000,False,cuda,NVIDIA RTX PRO 6000 Blackwell Server Edition,2.11.0+cu130,13.0,True
hyperparameter_search,ogbl_collab,gnn,random_search,0.8443090688868917,0.7126988085067992,0.7514180055470878,,,,0.636629581451416,False,789,0.5752101959660649,2476.859375,1743.87353515625,190.0,96.23846153846154,0.5799999999999841,0.0,"embedding_dim=48, hidden_dim=96, dropout=0.3386284063519735, lr=0.001552352801502279",validation_search,full_rtx_pro_6000,False,cuda,NVIDIA RTX PRO 6000 Blackwell Server Edition,2.11.0+cu130,13.0,True
hyperparameter_search,ogbl_collab,gnn,random_search,0.8756003955295918,0.7809585579284981,0.7714262512181105,,,,0.6530696749687195,False,2026,0.5749129070900381,2476.859375,1743.87353515625,101.1,96.47692307692309,0.57000000000005,0.0,"embedding_dim=48, hidden_dim=96, dropout=0.3386284063519735, lr=0.001552352801502279",validation_search,full_rtx_pro_6000,False,cuda,NVIDIA RTX PRO 6000 Blackwell Server Edition,2.11.0+cu130,13.0,True
hyperparameter_search,ogbl_collab,gnn,random_search,0.8459357855668731,0.744342039429505,0.7725943879463282,,,,0.6637449324131012,False,42,0.575417913030833,2476.859375,1743.77978515625,101.1,96.37692307692309,0.5699999999999932,0.0,"embedding_dim=48, hidden_dim=64, dropout=0.16434453394653276, lr=0.0010650392934865914",validation_search,full_rtx_pro_6000,False,cuda,NVIDIA RTX PRO 6000 Blackwell Server Edition,2.11.0+cu130,13.0,True
hyperparameter_search,ogbl_collab,gnn,random_search,0.7637881358597962,0.6139754695329487,0.6995514854701281,,,,0.6633176565170288,False,123,0.5755872959271073,2476.859375,1743.77978515625,101.2,92.64615384615385,0.57000000000005,0.0,"embedding_dim=48, hidden_dim=64, dropout=0.16434453394653276, lr=0.0010650392934865914",validation_search,full_rtx_pro_6000,False,cuda,NVIDIA RTX PRO 6000 Blackwell Server Edition,2.11.0+cu130,13.0,True
hyperparameter_search,ogbl_collab,gnn,random_search,0.8009276142567072,0.6685322315088081,0.7278178956048075,,,,0.6664307951927185,False,456,0.5750641350168735,2476.859375,1743.77978515625,101.1,96.5,0.5699999999999932,0.0,"embedding_dim=48, hidden_dim=64, dropout=0.16434453394653276, lr=0.0010650392934865914",validation_search,full_rtx_pro_6000,False,cuda,NVIDIA RTX PRO 6000 Blackwell Server Edition,2.11.0+cu130,13.0,True
hyperparameter_search,ogbl_collab,gnn,random_search,0.7935770330703682,0.6588213558618625,0.697639989005772,,,,0.6618947207927703,False,789,0.5758338251616806,2476.859375,1743.77978515625,101.0,96.30769230769229,0.57000000000005,0.0,"embedding_dim=48, hidden_dim=64, dropout=0.16434453394653276, lr=0.0010650392934865914",validation_search,full_rtx_pro_6000,False,cuda,NVIDIA RTX PRO 6000 Blackwell Server Edition,2.11.0+cu130,13.0,True
hyperparameter_search,ogbl_collab,gnn,random_search,0.8626680433226817,0.7594973131436811,0.7850316084055871,,,,0.6690953016281128,False,2026,0.5754099111072719,2476.859375,1743.77978515625,189.5,96.27692307692308,0.5800000000000409,0.0,"embedding_dim=48, hidden_dim=64, dropout=0.16434453394653276, lr=0.0010650392934865914",validation_search,full_rtx_pro_6000,False,cuda,NVIDIA RTX PRO 6000 Blackwell Server Edition,2.11.0+cu130,13.0,True
hyperparameter_search,ogbl_collab,gnn,random_search,0.8492886155216032,0.7463222130594112,0.7714012643362235,,,,0.6838177442550659,False,42,0.403077197028324,2476.859375,1221.20703125,147.7,99.48846153846152,0.410000000000025,0.0,"embedding_dim=32, hidden_dim=32, dropout=0.1664967241790768, lr=0.001181112372404054",validation_search,full_rtx_pro_6000,False,cuda,NVIDIA RTX PRO 6000 Blackwell Server Edition,2.11.0+cu130,13.0,True
hyperparameter_search,ogbl_collab,gnn,random_search,0.8360229101757539,0.7045065235254946,0.6465043352240074,,,,0.6838734388351441,False,123,0.4039760958403349,2476.859375,1221.20703125,147.5,98.86538461538464,0.4000000000000341,0.0,"embedding_dim=32, hidden_dim=32, dropout=0.1664967241790768, lr=0.001181112372404054",validation_search,full_rtx_pro_6000,False,cuda,NVIDIA RTX PRO 6000 Blackwell Server Edition,2.11.0+cu130,13.0,True
hyperparameter_search,ogbl_collab,gnn,random_search,0.8836302335896413,0.7986192912937984,0.7030746358161964,,,,0.685046499967575,False,456,0.4034406980499625,2476.859375,1221.20703125,147.4,93.71153846153847,0.4000000000000341,0.0,"embedding_dim=32, hidden_dim=32, dropout=0.1664967241790768, lr=0.001181112372404054",validation_search,full_rtx_pro_6000,False,cuda,NVIDIA RTX PRO 6000 Blackwell Server Edition,2.11.0+cu130,13.0,True
hyperparameter_search,ogbl_collab,gnn,random_search,0.8075407990479995,0.6642549953224591,0.6936733215062092,,,,0.6716906666755676,False,789,0.4031130869407207,2476.859375,1221.20703125,147.5,93.86153846153846,0.4000000000000341,0.0,"embedding_dim=32, hidden_dim=32, dropout=0.1664967241790768, lr=0.001181112372404054",validation_search,full_rtx_pro_6000,False,cuda,NVIDIA RTX PRO 6000 Blackwell Server Edition,2.11.0+cu130,13.0,True
hyperparameter_search,ogbl_collab,gnn,random_search,0.7890284232075095,0.6405268149359006,0.662883236300942,,,,0.6761568248271942,False,2026,0.40382860181853175,2476.859375,1221.20703125,147.5,93.45769230769233,0.4000000000000341,0.0,"embedding_dim=32, hidden_dim=32, dropout=0.1664967241790768, lr=0.001181112372404054",validation_search,full_rtx_pro_6000,False,cuda,NVIDIA RTX PRO 6000 Blackwell Server Edition,2.11.0+cu130,13.0,True
hyperparameter_search,ogbl_collab,gnn,random_search,0.8992928470141801,0.8183324348644105,0.8139726643512156,,,,0.33558529317379,False,42,0.40297414595261216,2476.859375,1221.33203125,147.3,93.82307692307694,0.4000000000000341,0.0,"embedding_dim=32, hidden_dim=96, dropout=0.15300317160531574, lr=0.006298162115926124",validation_search,full_rtx_pro_6000,False,cuda,NVIDIA RTX PRO 6000 Blackwell Server Edition,2.11.0+cu130,13.0,True
hyperparameter_search,ogbl_collab,gnn,random_search,0.9170960648425539,0.8576491223100849,0.8345306214237526,,,,0.33780225217342374,False,123,0.40285146702080965,2476.859375,1221.33203125,272.5,104.41153846153848,0.4000000000000341,0.009999999999999787,"embedding_dim=32, hidden_dim=96, dropout=0.15300317160531574, lr=0.006298162115926124",validation_search,full_rtx_pro_6000,False,cuda,NVIDIA RTX PRO 6000 Blackwell Server Edition,2.11.0+cu130,13.0,True
hyperparameter_search,ogbl_collab,gnn,random_search,0.9031222183942481,0.8387260915886824,0.8210626920866545,,,,0.33366161584854126,False,456,0.4036085188854486,2476.859375,1221.33203125,147.3,93.4923076923077,0.4000000000000341,0.0,"embedding_dim=32, hidden_dim=96, dropout=0.15300317160531574, lr=0.006298162115926124",validation_search,full_rtx_pro_6000,False,cuda,NVIDIA RTX PRO 6000 Blackwell Server Edition,2.11.0+cu130,13.0,True
hyperparameter_search,ogbl_collab,gnn,random_search,0.9021652749484055,0.8341706095420512,0.8307013817745683,,,,0.32724387347698214,False,789,0.4032630829606205,2476.859375,1221.33203125,147.3,93.55384615384615,0.4000000000000341,0.0,"embedding_dim=32, hidden_dim=96, dropout=0.15300317160531574, lr=0.006298162115926124",validation_search,full_rtx_pro_6000,False,cuda,NVIDIA RTX PRO 6000 Blackwell Server Edition,2.11.0+cu130,13.0,True
hyperparameter_search,ogbl_collab,gnn,random_search,0.8989600984455096,0.8204096434459826,0.8125046850403538,,,,0.33573971390724183,False,2026,0.40272687608376145,2476.859375,1221.33203125,147.3,94.1,0.4000000000000341,0.0,"embedding_dim=32, hidden_dim=96, dropout=0.15300317160531574, lr=0.006298162115926124",validation_search,full_rtx_pro_6000,False,cuda,NVIDIA RTX PRO 6000 Blackwell Server Edition,2.11.0+cu130,13.0,True
hyperparameter_search,ogbl_collab,gnn,random_search,0.8983208508920845,0.8130230494692656,0.8107805901901501,,,,0.3337539106607437,False,42,0.4032889490481466,2476.859375,1221.33203125,147.2,94.00384615384614,0.4000000000000341,0.0,"embedding_dim=32, hidden_dim=96, dropout=0.10932832448371436, lr=0.0062908852245340775",validation_search,full_rtx_pro_6000,False,cuda,NVIDIA RTX PRO 6000 Blackwell Server Edition,2.11.0+cu130,13.0,True
hyperparameter_search,ogbl_collab,gnn,random_search,0.9133744493542374,0.8524447550765727,0.8251168136728217,,,,0.3381769984960556,False,123,0.4032645649276674,2476.859375,1221.33203125,147.2,99.21923076923076,0.4000000000000341,0.0,"embedding_dim=32, hidden_dim=96, dropout=0.10932832448371436, lr=0.0062908852245340775",validation_search,full_rtx_pro_6000,False,cuda,NVIDIA RTX PRO 6000 Blackwell Server Edition,2.11.0+cu130,13.0,True
hyperparameter_search,ogbl_collab,gnn,random_search,0.9169065383463153,0.8555719256935905,0.8328190200144924,,,,0.30363681763410566,False,456,0.40282154618762434,2476.859375,1221.33203125,147.5,93.71538461538461,0.4000000000000341,0.0,"embedding_dim=32, hidden_dim=96, dropout=0.10932832448371436, lr=0.0062908852245340775",validation_search,full_rtx_pro_6000,False,cuda,NVIDIA RTX PRO 6000 Blackwell Server Edition,2.11.0+cu130,13.0,True
hyperparameter_search,ogbl_collab,gnn,random_search,0.9006851003594967,0.8333606515305072,0.8236051073186577,,,,0.3346307694911957,False,789,0.40345646999776363,2476.859375,1221.33203125,147.3,93.50384615384615,0.4000000000000341,0.0,"embedding_dim=32, hidden_dim=96, dropout=0.10932832448371436, lr=0.0062908852245340775",validation_search,full_rtx_pro_6000,False,cuda,NVIDIA RTX PRO 6000 Blackwell Server Edition,2.11.0+cu130,13.0,True
hyperparameter_search,ogbl_collab,gnn,random_search,0.9060734757173291,0.8266564111934321,0.8242360260863046,,,,0.30992171317338946,False,2026,0.40300250495783985,2476.859375,1221.33203125,147.2,93.51153846153845,0.4000000000000341,0.0,"embedding_dim=32, hidden_dim=96, dropout=0.10932832448371436, lr=0.0062908852245340775",validation_search,full_rtx_pro_6000,False,cuda,NVIDIA RTX PRO 6000 Blackwell Server Edition,2.11.0+cu130,13.0,True
hyperparameter_search,ogbl_collab,gnn,random_search,0.8258703001631049,0.6936939011873732,0.7583893455935634,,,,0.6520740628242493,False,42,0.40309818694368005,2476.859375,1221.33203125,147.4,94.1423076923077,0.4000000000000341,0.0,"embedding_dim=32, hidden_dim=96, dropout=0.13561743266056106, lr=0.001399567099557049",validation_search,full_rtx_pro_6000,False,cuda,NVIDIA RTX PRO 6000 Blackwell Server Edition,2.11.0+cu130,13.0,True
hyperparameter_search,ogbl_collab,gnn,random_search,0.8454095324878504,0.7346739343331968,0.7743934434421929,,,,0.6585380792617798,False,123,0.40382545813918114,2476.859375,1221.33203125,147.3,98.78846153846155,0.4000000000000341,0.0,"embedding_dim=32, hidden_dim=96, dropout=0.13561743266056106, lr=0.001399567099557049",validation_search,full_rtx_pro_6000,False,cuda,NVIDIA RTX PRO 6000 Blackwell Server Edition,2.11.0+cu130,13.0,True
hyperparameter_search,ogbl_collab,gnn,random_search,0.7706753353638239,0.6454819392744253,0.696428125234252,,,,0.6472812712192535,False,456,0.40372515097260475,2476.859375,1221.33203125,147.3,93.73076923076924,0.4000000000000341,0.0,"embedding_dim=32, hidden_dim=96, dropout=0.13561743266056106, lr=0.001399567099557049",validation_search,full_rtx_pro_6000,False,cuda,NVIDIA RTX PRO 6000 Blackwell Server Edition,2.11.0+cu130,13.0,True
hyperparameter_search,ogbl_collab,gnn,random_search,0.8708459247054124,0.7722089597953781,0.7409609954773744,,,,0.6305125713348388,False,789,0.40293810586445034,2476.859375,1221.33203125,147.3,93.78846153846153,0.4000000000000341,0.0,"embedding_dim=32, hidden_dim=96, dropout=0.13561743266056106, lr=0.001399567099557049",validation_search,full_rtx_pro_6000,False,cuda,NVIDIA RTX PRO 6000 Blackwell Server Edition,2.11.0+cu130,13.0,True
hyperparameter_search,ogbl_collab,gnn,random_search,0.8359046072165635,0.7013979641415781,0.7664850953249543,,,,0.6552468955516815,False,2026,0.40377572015859187,2476.859375,1221.33203125,147.5,93.29615384615387,0.4000000000000341,0.0,"embedding_dim=32, hidden_dim=96, dropout=0.13561743266056106, lr=0.001399567099557049",validation_search,full_rtx_pro_6000,False,cuda,NVIDIA RTX PRO 6000 Blackwell Server Edition,2.11.0+cu130,13.0,True
hyperparameter_search,ogbl_collab,gnn,random_search,0.8004511194327942,0.6882292860939935,0.7241323305264736,,,,0.6811834931373596,False,42,0.2340150191448629,2476.859375,699.728515625,228.4,98.17692307692307,0.2300000000000182,0.0,"embedding_dim=16, hidden_dim=96, dropout=0.04891336926325843, lr=0.0010962001141747336",validation_search,full_rtx_pro_6000,False,cuda,NVIDIA RTX PRO 6000 Blackwell Server Edition,2.11.0+cu130,13.0,True
hyperparameter_search,ogbl_collab,gnn,random_search,0.8283987070601159,0.7249897482366714,0.7167861872516929,,,,0.683486956357956,False,123,0.23377859313040972,2476.859375,699.728515625,228.7,91.2653846153846,0.2300000000000182,0.0,"embedding_dim=16, hidden_dim=96, dropout=0.04891336926325843, lr=0.0010962001141747336",validation_search,full_rtx_pro_6000,False,cuda,NVIDIA RTX PRO 6000 Blackwell Server Edition,2.11.0+cu130,13.0,True
hyperparameter_search,ogbl_collab,gnn,random_search,0.7901925397776446,0.6558788999680457,0.7210901776567302,,,,0.6794783592224121,False,456,0.23401886504143476,2476.859375,699.728515625,228.1,99.09615384615383,0.2300000000000182,0.0,"embedding_dim=16, hidden_dim=96, dropout=0.04891336926325843, lr=0.0010962001141747336",validation_search,full_rtx_pro_6000,False,cuda,NVIDIA RTX PRO 6000 Blackwell Server Edition,2.11.0+cu130,13.0,True
hyperparameter_search,ogbl_collab,gnn,random_search,0.8034455493142934,0.6641527028175354,0.6537567776917118,,,,0.6800930917263031,False,789,0.23559619789011776,2476.859375,699.728515625,227.7,98.56538461538462,0.2400000000000091,0.0,"embedding_dim=16, hidden_dim=96, dropout=0.04891336926325843, lr=0.0010962001141747336",validation_search,full_rtx_pro_6000,False,cuda,NVIDIA RTX PRO 6000 Blackwell Server Edition,2.11.0+cu130,13.0,True
hyperparameter_search,ogbl_collab,gnn,random_search,0.8473126581119764,0.7446431143322677,0.7601321806051823,,,,0.6819963157176971,False,2026,0.23352872906252742,2476.859375,699.728515625,228.2,90.84615384615383,0.2300000000000182,0.0,"embedding_dim=16, hidden_dim=96, dropout=0.04891336926325843, lr=0.0010962001141747336",validation_search,full_rtx_pro_6000,False,cuda,NVIDIA RTX PRO 6000 Blackwell Server Edition,2.11.0+cu130,13.0,True
hyperparameter_search,ogbl_collab,gnn,random_search,0.8681848869915453,0.748301762822552,0.7773481422253317,,,,0.4295597732067108,False,42,0.575035905931145,2476.859375,1743.68603515625,182.7,99.84615384615383,0.5799999999999841,0.009999999999999787,"embedding_dim=48, hidden_dim=32, dropout=0.27542353212574844, lr=0.003961147623299825",validation_search,full_rtx_pro_6000,False,cuda,NVIDIA RTX PRO 6000 Blackwell Server Edition,2.11.0+cu130,13.0,True
hyperparameter_search,ogbl_collab,gnn,random_search,0.8610637445076892,0.7487524895661737,0.7648109742385247,,,,0.5030095010995865,False,123,0.5743770690169185,2476.859375,1743.68603515625,101.3,96.45769230769231,0.5699999999999932,0.0,"embedding_dim=48, hidden_dim=32, dropout=0.27542353212574844, lr=0.003961147623299825",validation_search,full_rtx_pro_6000,False,cuda,NVIDIA RTX PRO 6000 Blackwell Server Edition,2.11.0+cu130,13.0,True
hyperparameter_search,ogbl_collab,gnn,random_search,0.8641877627987483,0.7547179620574632,0.7414857199970015,,,,0.4940748542547226,False,456,0.5739043368957937,2476.859375,1743.68603515625,101.3,96.63076923076922,0.5699999999999932,0.0,"embedding_dim=48, hidden_dim=32, dropout=0.27542353212574844, lr=0.003961147623299825",validation_search,full_rtx_pro_6000,False,cuda,NVIDIA RTX PRO 6000 Blackwell Server Edition,2.11.0+cu130,13.0,True
hyperparameter_search,ogbl_collab,gnn,random_search,0.8819924201118433,0.7722052191714136,0.7587391619399815,,,,0.5489901095628739,False,789,0.5751543489750475,2477.296875,1743.68603515625,101.1,96.32692307692308,0.5699999999999932,0.0,"embedding_dim=48, hidden_dim=32, dropout=0.27542353212574844, lr=0.003961147623299825",validation_search,full_rtx_pro_6000,False,cuda,NVIDIA RTX PRO 6000 Blackwell Server Edition,2.11.0+cu130,13.0,True
hyperparameter_search,ogbl_collab,gnn,random_search,0.8763024021370082,0.7713270602084988,0.7437033057644736,,,,0.5344074070453644,False,2026,0.5746170689817518,2477.296875,1743.68603515625,190.0,96.31923076923077,0.5799999999999841,0.0,"embedding_dim=48, hidden_dim=32, dropout=0.27542353212574844, lr=0.003961147623299825",validation_search,full_rtx_pro_6000,False,cuda,NVIDIA RTX PRO 6000 Blackwell Server Edition,2.11.0+cu130,13.0,True
hyperparameter_search,ogbl_collab,gnn,random_search,0.8522177022168963,0.735217943916103,0.7563029409559981,,,,0.6078533053398132,False,42,0.40297413617372513,2477.296875,1221.33203125,147.4,99.26923076923077,0.39999999999997726,0.0,"embedding_dim=32, hidden_dim=96, dropout=0.27325516085768875, lr=0.002242326919056276",validation_search,full_rtx_pro_6000,False,cuda,NVIDIA RTX PRO 6000 Blackwell Server Edition,2.11.0+cu130,13.0,True
hyperparameter_search,ogbl_collab,gnn,random_search,0.8761987470041941,0.7807050050457071,0.7484133330001749,,,,0.6164846956729889,False,123,0.40349619509652257,2477.296875,1221.33203125,147.6,98.83846153846154,0.39999999999997726,0.0,"embedding_dim=32, hidden_dim=96, dropout=0.27325516085768875, lr=0.002242326919056276",validation_search,full_rtx_pro_6000,False,cuda,NVIDIA RTX PRO 6000 Blackwell Server Edition,2.11.0+cu130,13.0,True
hyperparameter_search,ogbl_collab,gnn,random_search,0.8075340719659144,0.6769982019115524,0.7353889208165713,,,,0.5975948572158813,False,456,0.40333417104557157,2477.296875,1221.33203125,147.4,93.58461538461539,0.39999999999997726,0.0,"embedding_dim=32, hidden_dim=96, dropout=0.27325516085768875, lr=0.002242326919056276",validation_search,full_rtx_pro_6000,False,cuda,NVIDIA RTX PRO 6000 Blackwell Server Edition,2.11.0+cu130,13.0,True
hyperparameter_search,ogbl_collab,gnn,random_search,0.8459231839591239,0.7323285610223031,0.7286174758251918,,,,0.5631819784641265,False,789,0.4029803539160639,2477.296875,1221.33203125,147.4,93.82692307692308,0.39999999999997726,0.0,"embedding_dim=32, hidden_dim=96, dropout=0.27325516085768875, lr=0.002242326919056276",validation_search,full_rtx_pro_6000,False,cuda,NVIDIA RTX PRO 6000 Blackwell Server Edition,2.11.0+cu130,13.0,True
hyperparameter_search,ogbl_collab,gnn,random_search,0.8568904193296053,0.7279493654903095,0.7780540216386397,,,,0.6080712258815766,False,2026,0.40354496194049716,2477.296875,1221.33203125,147.5,94.06153846153848,0.39999999999997726,0.0,"embedding_dim=32, hidden_dim=96, dropout=0.27325516085768875, lr=0.002242326919056276",validation_search,full_rtx_pro_6000,False,cuda,NVIDIA RTX PRO 6000 Blackwell Server Edition,2.11.0+cu130,13.0,True
hyperparameter_search,ogbl_collab,gnn,random_search,0.8405617595366486,0.7282897814046455,0.668836360910522,,,,0.6800547778606415,False,42,0.40367189585231245,2477.296875,1221.26953125,147.5,99.16153846153846,0.40999999999996817,0.0,"embedding_dim=32, hidden_dim=64, dropout=0.0489289493446801, lr=0.000865836895470935",validation_search,full_rtx_pro_6000,False,cuda,NVIDIA RTX PRO 6000 Blackwell Server Edition,2.11.0+cu130,13.0,True
hyperparameter_search,ogbl_collab,gnn,random_search,0.8432666329638506,0.7255389311960723,0.6570987731440994,,,,0.6824125230312348,False,123,0.4035061791073531,2477.296875,1221.26953125,147.7,99.23846153846154,0.39999999999997726,0.0,"embedding_dim=32, hidden_dim=64, dropout=0.0489289493446801, lr=0.000865836895470935",validation_search,full_rtx_pro_6000,False,cuda,NVIDIA RTX PRO 6000 Blackwell Server Edition,2.11.0+cu130,13.0,True
hyperparameter_search,ogbl_collab,gnn,random_search,0.8421421951767526,0.7449986075085527,0.765335698758152,,,,0.6777344226837159,False,456,0.4040813008323312,2477.296875,1221.26953125,293.9,99.13076923076925,0.39999999999997726,0.009999999999999787,"embedding_dim=32, hidden_dim=64, dropout=0.0489289493446801, lr=0.000865836895470935",validation_search,full_rtx_pro_6000,False,cuda,NVIDIA RTX PRO 6000 Blackwell Server Edition,2.11.0+cu130,13.0,True
hyperparameter_search,ogbl_collab,gnn,random_search,0.8092196712935223,0.6772169079873569,0.6519514754753755,,,,0.6760722398757935,False,789,0.4038535871077329,2477.296875,1221.26953125,147.4,93.83846153846154,0.39999999999997726,0.0,"embedding_dim=32, hidden_dim=64, dropout=0.0489289493446801, lr=0.000865836895470935",validation_search,full_rtx_pro_6000,False,cuda,NVIDIA RTX PRO 6000 Blackwell Server Edition,2.11.0+cu130,13.0,True
hyperparameter_search,ogbl_collab,gnn,random_search,0.8573672605019639,0.7525532993543589,0.7687339146947852,,,,0.6832995414733887,False,2026,0.4034086740575731,2477.296875,1221.26953125,147.6,94.18846153846154,0.39999999999997726,0.0,"embedding_dim=32, hidden_dim=64, dropout=0.0489289493446801, lr=0.000865836895470935",validation_search,full_rtx_pro_6000,False,cuda,NVIDIA RTX PRO 6000 Blackwell Server Edition,2.11.0+cu130,13.0,True
hyperparameter_search,ogbl_collab,gnn,random_search,0.8615947882131683,0.7598193246283267,0.7479260888033782,,,,0.501879534125328,False,42,0.40338949812576175,2477.296875,1221.33203125,147.7,98.81538461538462,0.40999999999996817,0.0,"embedding_dim=32, hidden_dim=96, dropout=0.16488367215009636, lr=0.003008038065519179",validation_search,full_rtx_pro_6000,False,cuda,NVIDIA RTX PRO 6000 Blackwell Server Edition,2.11.0+cu130,13.0,True
hyperparameter_search,ogbl_collab,gnn,random_search,0.8645420755941682,0.7723358951722027,0.7458959046500587,,,,0.5210718482732772,False,123,0.4033676879480481,2477.296875,1221.33203125,147.4,99.19230769230771,0.39999999999997726,0.0,"embedding_dim=32, hidden_dim=96, dropout=0.16488367215009636, lr=0.003008038065519179",validation_search,full_rtx_pro_6000,False,cuda,NVIDIA RTX PRO 6000 Blackwell Server Edition,2.11.0+cu130,13.0,True
hyperparameter_search,ogbl_collab,gnn,random_search,0.8938586152719527,0.8108978106777064,0.7799280377801654,,,,0.48755775690078734,False,456,0.4028046019375324,2477.296875,1221.33203125,147.3,93.84230769230768,0.39999999999997726,0.0,"embedding_dim=32, hidden_dim=96, dropout=0.16488367215009636, lr=0.003008038065519179",validation_search,full_rtx_pro_6000,False,cuda,NVIDIA RTX PRO 6000 Blackwell Server Edition,2.11.0+cu130,13.0,True
hyperparameter_search,ogbl_collab,gnn,random_search,0.8714082911424006,0.7738050389178129,0.7824891931735839,,,,0.4491115599870682,False,789,0.4034601650200784,2477.296875,1221.33203125,147.5,93.42692307692306,0.39999999999997726,0.0,"embedding_dim=32, hidden_dim=96, dropout=0.16488367215009636, lr=0.003008038065519179",validation_search,full_rtx_pro_6000,False,cuda,NVIDIA RTX PRO 6000 Blackwell Server Edition,2.11.0+cu130,13.0,True
hyperparameter_search,ogbl_collab,gnn,random_search,0.8720283984088941,0.7524754276867968,0.7821643637090527,,,,0.5101907670497894,False,2026,0.4029461368918419,2477.296875,1221.33203125,147.4,93.9,0.39999999999997726,0.0,"embedding_dim=32, hidden_dim=96, dropout=0.16488367215009636, lr=0.003008038065519179",validation_search,full_rtx_pro_6000,False,cuda,NVIDIA RTX PRO 6000 Blackwell Server Edition,2.11.0+cu130,13.0,True
hyperparameter_search,ogbl_collab,gnn,random_search,0.8147192066107449,0.6979265523874677,0.7125134304490143,,,,0.6179381489753724,False,42,0.23344461410306394,2477.296875,699.728515625,228.0,90.98076923076924,0.22999999999996135,0.0,"embedding_dim=16, hidden_dim=96, dropout=0.22215141200020677, lr=0.0029126968141823324",validation_search,full_rtx_pro_6000,False,cuda,NVIDIA RTX PRO 6000 Blackwell Server Edition,2.11.0+cu130,13.0,True
hyperparameter_search,ogbl_collab,gnn,random_search,0.8787262419279673,0.7901755645232897,0.7228267659478773,,,,0.6437104284763336,False,123,0.23352935980074108,2477.296875,699.728515625,228.6,98.44615384615385,0.22999999999996135,0.0,"embedding_dim=16, hidden_dim=96, dropout=0.22215141200020677, lr=0.0029126968141823324",validation_search,full_rtx_pro_6000,False,cuda,NVIDIA RTX PRO 6000 Blackwell Server Edition,2.11.0+cu130,13.0,True
hyperparameter_search,ogbl_collab,gnn,random_search,0.8002064413154917,0.66116603249379,0.7074410934259514,,,,0.6007162988185882,False,456,0.23350187204778194,2477.296875,699.728515625,227.9,91.19615384615383,0.22999999999996135,0.0,"embedding_dim=16, hidden_dim=96, dropout=0.22215141200020677, lr=0.0029126968141823324",validation_search,full_rtx_pro_6000,False,cuda,NVIDIA RTX PRO 6000 Blackwell Server Edition,2.11.0+cu130,13.0,True
hyperparameter_search,ogbl_collab,gnn,random_search,0.8623644734039012,0.7533955930583931,0.7215899152944704,,,,0.6196513116359711,False,789,0.2330526129808277,2477.296875,699.728515625,228.6,91.11538461538461,0.22999999999996135,0.0,"embedding_dim=16, hidden_dim=96, dropout=0.22215141200020677, lr=0.0029126968141823324",validation_search,full_rtx_pro_6000,False,cuda,NVIDIA RTX PRO 6000 Blackwell Server Edition,2.11.0+cu130,13.0,True
hyperparameter_search,ogbl_collab,gnn,random_search,0.8764591283037081,0.7856023404475135,0.6945353689313111,,,,0.6285755395889282,False,2026,0.2335721692070365,2477.296875,699.728515625,228.2,98.22692307692306,0.22999999999996135,0.0,"embedding_dim=16, hidden_dim=96, dropout=0.22215141200020677, lr=0.0029126968141823324",validation_search,full_rtx_pro_6000,False,cuda,NVIDIA RTX PRO 6000 Blackwell Server Edition,2.11.0+cu130,13.0,True
hyperparameter_search,ogbl_collab,gnn,random_search,0.779025444877172,0.6547667222114945,0.695622298293396,,,,0.6893867075443267,False,42,0.23385453806258738,2477.296875,699.697265625,228.0,91.17692307692306,0.2300000000000182,0.0,"embedding_dim=16, hidden_dim=64, dropout=0.10638253432191426, lr=0.0006870390171640847",validation_search,full_rtx_pro_6000,False,cuda,NVIDIA RTX PRO 6000 Blackwell Server Edition,2.11.0+cu130,13.0,True
hyperparameter_search,ogbl_collab,gnn,random_search,0.723062980577192,0.5803282743546916,0.6543439694160565,,,,0.6882900178432465,False,123,0.23374634888023138,2477.296875,699.697265625,228.7,98.85,0.2300000000000182,0.0,"embedding_dim=16, hidden_dim=64, dropout=0.10638253432191426, lr=0.0006870390171640847",validation_search,full_rtx_pro_6000,False,cuda,NVIDIA RTX PRO 6000 Blackwell Server Edition,2.11.0+cu130,13.0,True
hyperparameter_search,ogbl_collab,gnn,random_search,0.8090789686938286,0.6899494649589952,0.6461795057594762,,,,0.6893522381782532,False,456,0.2341092291753739,2477.296875,699.697265625,29712.3,1233.7423076923071,0.2400000000000091,0.0,"embedding_dim=16, hidden_dim=64, dropout=0.10638253432191426, lr=0.0006870390171640847",validation_search,full_rtx_pro_6000,False,cuda,NVIDIA RTX PRO 6000 Blackwell Server Edition,2.11.0+cu130,13.0,True
hyperparameter_search,ogbl_collab,gnn,random_search,0.8519903060715,0.7619841061165952,0.7325529097223957,,,,0.6884370386600495,False,789,0.2339654511306435,2477.296875,699.697265625,227.9,90.38076923076925,0.2300000000000182,0.0,"embedding_dim=16, hidden_dim=64, dropout=0.10638253432191426, lr=0.0006870390171640847",validation_search,full_rtx_pro_6000,False,cuda,NVIDIA RTX PRO 6000 Blackwell Server Edition,2.11.0+cu130,13.0,True
hyperparameter_search,ogbl_collab,gnn,random_search,0.790069884661474,0.6766775424340045,0.6517453336998076,,,,0.6893995940685272,False,2026,0.23371523595415056,2477.296875,699.697265625,229.3,98.83846153846156,0.2300000000000182,0.0,"embedding_dim=16, hidden_dim=64, dropout=0.10638253432191426, lr=0.0006870390171640847",validation_search,full_rtx_pro_6000,False,cuda,NVIDIA RTX PRO 6000 Blackwell Server Edition,2.11.0+cu130,13.0,True
hyperparameter_search,ogbl_collab,gnn,random_search,0.8566477211071165,0.7579510797969126,0.7257065040853552,,,,0.6151873350143433,False,42,0.4037521770223975,2477.546875,1221.26953125,147.5,93.49230769230769,0.4000000000000341,0.0,"embedding_dim=32, hidden_dim=64, dropout=0.07510463548683521, lr=0.0019508971418591076",validation_search,full_rtx_pro_6000,False,cuda,NVIDIA RTX PRO 6000 Blackwell Server Edition,2.11.0+cu130,13.0,True
hyperparameter_search,ogbl_collab,gnn,random_search,0.8623195100193062,0.7452478223861639,0.7733252542415232,,,,0.6306443572044372,False,123,0.40338743501342833,2477.546875,1221.26953125,147.4,93.56153846153846,0.4000000000000341,0.0,"embedding_dim=32, hidden_dim=64, dropout=0.07510463548683521, lr=0.0019508971418591076",validation_search,full_rtx_pro_6000,False,cuda,NVIDIA RTX PRO 6000 Blackwell Server Edition,2.11.0+cu130,13.0,True
hyperparameter_search,ogbl_collab,gnn,random_search,0.8756196478263765,0.7795283032548851,0.7801029459533745,,,,0.6048117280006409,False,456,0.40325587312690914,2477.546875,1221.26953125,147.4,93.82692307692311,0.39999999999997726,0.0,"embedding_dim=32, hidden_dim=64, dropout=0.07510463548683521, lr=0.0019508971418591076",validation_search,full_rtx_pro_6000,False,cuda,NVIDIA RTX PRO 6000 Blackwell Server Edition,2.11.0+cu130,13.0,True
hyperparameter_search,ogbl_collab,gnn,random_search,0.8330889783469809,0.7180652783225212,0.7417293420953999,,,,0.60772625207901,False,789,0.4041173199657351,2477.546875,1221.26953125,147.4,93.86538461538461,0.39999999999997726,0.0,"embedding_dim=32, hidden_dim=64, dropout=0.07510463548683521, lr=0.0019508971418591076",validation_search,full_rtx_pro_6000,False,cuda,NVIDIA RTX PRO 6000 Blackwell Server Edition,2.11.0+cu130,13.0,True
hyperparameter_search,ogbl_collab,gnn,random_search,0.8493504578589973,0.7232397152113806,0.7750555958121986,,,,0.6258230924606323,False,2026,0.4034406989812851,2477.546875,1221.26953125,147.3,99.1653846153846,0.410000000000025,0.0,"embedding_dim=32, hidden_dim=64, dropout=0.07510463548683521, lr=0.0019508971418591076",validation_search,full_rtx_pro_6000,False,cuda,NVIDIA RTX PRO 6000 Blackwell Server Edition,2.11.0+cu130,13.0,True
hyperparameter_search,ogbl_collab,gnn,random_search,0.9196611842587045,0.8599452060126289,0.8495602308787886,0.9043038229834445,0.7998666577155512,0.8384394070895038,0.27043692022562027,True,42,0.8803490570280701,2477.546875,1743.77978515625,101.0,96.4076923076923,0.8799999999999955,0.0,"Validation-selected configuration: embedding_dim=48, hidden_dim=64, dropout=0.12977930848140343, lr=0.008168042458817863",final_test,full_rtx_pro_6000,False,cuda,NVIDIA RTX PRO 6000 Blackwell Server Edition,2.11.0+cu130,13.0,True
hyperparameter_search,ogbl_collab,gnn,random_search,0.9274559001564476,0.8759239301604239,0.8558944054371455,0.9146889901573529,0.8244266542191366,0.846797285568821,0.29490201622247697,True,123,0.8806353800464422,2477.546875,1743.77978515625,101.2,96.31153846153845,0.8799999999999955,0.0,"Validation-selected configuration: embedding_dim=48, hidden_dim=64, dropout=0.12977930848140343, lr=0.008168042458817863",final_test,full_rtx_pro_6000,False,cuda,NVIDIA RTX PRO 6000 Blackwell Server Edition,2.11.0+cu130,13.0,True
hyperparameter_search,ogbl_collab,gnn,random_search,0.9009301860728314,0.8287638364006772,0.8192886234726768,0.8841022672624059,0.761279460383578,0.8047003669812546,0.31490042209625246,True,456,0.8807099738623947,2477.546875,1743.77978515625,101.1,96.4153846153846,0.8799999999999955,0.0,"Validation-selected configuration: embedding_dim=48, hidden_dim=64, dropout=0.12977930848140343, lr=0.008168042458817863",final_test,full_rtx_pro_6000,False,cuda,NVIDIA RTX PRO 6000 Blackwell Server Edition,2.11.0+cu130,13.0,True
hyperparameter_search,ogbl_collab,gnn,random_search,0.9240095596997537,0.8765511169308192,0.8551697858624222,0.9112435674199746,0.8302822502368478,0.846687942923139,0.2848925471305847,True,789,0.8799512679688632,2477.546875,1743.77978515625,201.0,96.61153846153847,0.8700000000000045,0.009999999999999787,"Validation-selected configuration: embedding_dim=48, hidden_dim=64, dropout=0.12977930848140343, lr=0.008168042458817863",final_test,full_rtx_pro_6000,False,cuda,NVIDIA RTX PRO 6000 Blackwell Server Edition,2.11.0+cu130,13.0,True
hyperparameter_search,ogbl_collab,gnn,random_search,0.9238690933526397,0.8693757746425297,0.8448127233202569,0.908977256793801,0.8129659135862451,0.8305735705157556,0.27780701369047167,True,2026,0.8804789350833744,2477.546875,1743.77978515625,101.1,92.48076923076921,0.8700000000000045,0.0,"Validation-selected configuration: embedding_dim=48, hidden_dim=64, dropout=0.12977930848140343, lr=0.008168042458817863",final_test,full_rtx_pro_6000,False,cuda,NVIDIA RTX PRO 6000 Blackwell Server Edition,2.11.0+cu130,13.0,True
hyperparameter_search,ogbl_collab,gnn,de_opt,0.9211622793089675,0.8651411863263592,0.8282214337472826,,,,0.30028214752674104,False,42,0.5747738350182772,2477.546875,1743.87353515625,101.4,92.64999999999999,0.5699999999999932,0.0,"embedding_dim=48, hidden_dim=96, dropout=0.22535279202823258, lr=0.00621094103787056",validation_search,full_rtx_pro_6000,False,cuda,NVIDIA RTX PRO 6000 Blackwell Server Edition,2.11.0+cu130,13.0,True
hyperparameter_search,ogbl_collab,gnn,de_opt,0.9171473715964318,0.8597537411445616,0.82753429449539,,,,0.3229650676250458,False,123,0.5745863469783217,2477.546875,1743.87353515625,101.1,96.47692307692307,0.5699999999999932,0.0,"embedding_dim=48, hidden_dim=96, dropout=0.22535279202823258, lr=0.00621094103787056",validation_search,full_rtx_pro_6000,False,cuda,NVIDIA RTX PRO 6000 Blackwell Server Edition,2.11.0+cu130,13.0,True
hyperparameter_search,ogbl_collab,gnn,de_opt,0.9152710392949871,0.8564297487052238,0.8408460558206942,,,,0.3199149012565613,False,456,0.5752435820177197,2477.546875,1743.87353515625,101.1,96.25,0.5699999999999932,0.0,"embedding_dim=48, hidden_dim=96, dropout=0.22535279202823258, lr=0.00621094103787056",validation_search,full_rtx_pro_6000,False,cuda,NVIDIA RTX PRO 6000 Blackwell Server Edition,2.11.0+cu130,13.0,True
hyperparameter_search,ogbl_collab,gnn,de_opt,0.920574677451568,0.8640078537875002,0.8411708852852252,,,,0.30087193846702576,False,789,0.5751649239100516,2477.546875,1743.87353515625,101.4,92.5346153846154,0.5699999999999932,0.0,"embedding_dim=48, hidden_dim=96, dropout=0.22535279202823258, lr=0.00621094103787056",validation_search,full_rtx_pro_6000,False,cuda,NVIDIA RTX PRO 6000 Blackwell Server Edition,2.11.0+cu130,13.0,True
hyperparameter_search,ogbl_collab,gnn,de_opt,0.9107411592104386,0.8288151108494801,0.8177644236775693,,,,0.3160603612661362,False,2026,0.574448477011174,2477.546875,1743.87353515625,101.2,96.53846153846153,0.5699999999999932,0.0,"embedding_dim=48, hidden_dim=96, dropout=0.22535279202823258, lr=0.00621094103787056",validation_search,full_rtx_pro_6000,False,cuda,NVIDIA RTX PRO 6000 Blackwell Server Edition,2.11.0+cu130,13.0,True
hyperparameter_search,ogbl_collab,gnn,de_opt,0.8696725305405765,0.7646246707997786,0.7435221508707929,,,,0.4853928774595261,False,42,0.4030824948567897,2477.796875,1221.33203125,147.4,93.58076923076923,0.39999999999997726,0.0,"embedding_dim=32, hidden_dim=96, dropout=0.2879665646447905, lr=0.0036140759824865296",validation_search,full_rtx_pro_6000,False,cuda,NVIDIA RTX PRO 6000 Blackwell Server Edition,2.11.0+cu130,13.0,True
hyperparameter_search,ogbl_collab,gnn,de_opt,0.8721060938020105,0.7680912683229227,0.7526111291571925,,,,0.5019125998020172,False,123,0.4031311720609665,2477.796875,1221.33203125,147.4,93.90769230769232,0.39999999999997726,0.0,"embedding_dim=32, hidden_dim=96, dropout=0.2879665646447905, lr=0.0036140759824865296",validation_search,full_rtx_pro_6000,False,cuda,NVIDIA RTX PRO 6000 Blackwell Server Edition,2.11.0+cu130,13.0,True
hyperparameter_search,ogbl_collab,gnn,de_opt,0.8873084567438919,0.799072302428634,0.7694023137852627,,,,0.48302595019340516,False,456,0.4025797829963267,2477.796875,1221.33203125,147.4,99.23461538461538,0.39999999999997726,0.0,"embedding_dim=32, hidden_dim=96, dropout=0.2879665646447905, lr=0.0036140759824865296",validation_search,full_rtx_pro_6000,False,cuda,NVIDIA RTX PRO 6000 Blackwell Server Edition,2.11.0+cu130,13.0,True
hyperparameter_search,ogbl_collab,gnn,de_opt,0.8705578125624127,0.7666606878925101,0.7765173284025887,,,,0.44924050867557525,False,789,0.4034715599846095,2477.796875,1221.33203125,147.4,99.06153846153848,0.39999999999997726,0.009999999999999787,"embedding_dim=32, hidden_dim=96, dropout=0.2879665646447905, lr=0.0036140759824865296",validation_search,full_rtx_pro_6000,False,cuda,NVIDIA RTX PRO 6000 Blackwell Server Edition,2.11.0+cu130,13.0,True
hyperparameter_search,ogbl_collab,gnn,de_opt,0.8749764577092072,0.7739780464804049,0.7643674570850304,,,,0.4816615104675293,False,2026,0.4033913400489837,2477.796875,1221.33203125,147.5,93.58076923076922,0.39999999999997726,0.0,"embedding_dim=32, hidden_dim=96, dropout=0.2879665646447905, lr=0.0036140759824865296",validation_search,full_rtx_pro_6000,False,cuda,NVIDIA RTX PRO 6000 Blackwell Server Edition,2.11.0+cu130,13.0,True
hyperparameter_search,ogbl_collab,gnn,de_opt,0.8921191599261036,0.800080214305245,0.803040903525649,,,,0.3484893351793289,False,42,0.5742274720687419,2477.796875,1743.68603515625,101.2,96.54230769230772,0.5699999999999932,0.0,"embedding_dim=48, hidden_dim=32, dropout=0.15519496958956588, lr=0.005125134747140126",validation_search,full_rtx_pro_6000,False,cuda,NVIDIA RTX PRO 6000 Blackwell Server Edition,2.11.0+cu130,13.0,True
hyperparameter_search,ogbl_collab,gnn,de_opt,0.8923220584515013,0.8049994397393774,0.8061205367182229,,,,0.4174301207065582,False,123,0.5745972020085901,2477.796875,1743.68603515625,101.1,96.42692307692309,0.5699999999999932,0.0,"embedding_dim=48, hidden_dim=32, dropout=0.15519496958956588, lr=0.005125134747140126",validation_search,full_rtx_pro_6000,False,cuda,NVIDIA RTX PRO 6000 Blackwell Server Edition,2.11.0+cu130,13.0,True
hyperparameter_search,ogbl_collab,gnn,de_opt,0.9038533280074562,0.8302963408718176,0.8018040528722421,,,,0.396801820397377,False,456,0.574325046967715,2477.796875,1743.68603515625,101.5,96.60384615384616,0.5799999999999841,0.0,"embedding_dim=48, hidden_dim=32, dropout=0.15519496958956588, lr=0.005125134747140126",validation_search,full_rtx_pro_6000,False,cuda,NVIDIA RTX PRO 6000 Blackwell Server Edition,2.11.0+cu130,13.0,True
hyperparameter_search,ogbl_collab,gnn,de_opt,0.8788339511350777,0.7886536050946563,0.7648734414432423,,,,0.4494770407676697,False,789,0.5740823720116168,2477.796875,1743.68603515625,101.5,92.80000000000001,0.5699999999999932,0.0,"embedding_dim=48, hidden_dim=32, dropout=0.15519496958956588, lr=0.005125134747140126",validation_search,full_rtx_pro_6000,False,cuda,NVIDIA RTX PRO 6000 Blackwell Server Edition,2.11.0+cu130,13.0,True
hyperparameter_search,ogbl_collab,gnn,de_opt,0.8864933850109847,0.7944980993255113,0.786849404062867,,,,0.40945913791656496,False,2026,0.5746995729859918,2477.796875,1743.68603515625,101.0,96.31923076923077,0.5699999999999932,0.0,"embedding_dim=48, hidden_dim=32, dropout=0.15519496958956588, lr=0.005125134747140126",validation_search,full_rtx_pro_6000,False,cuda,NVIDIA RTX PRO 6000 Blackwell Server Edition,2.11.0+cu130,13.0,True
hyperparameter_search,ogbl_collab,gnn,de_opt,0.8676433995739299,0.7756017915490376,0.7656792683840984,,,,0.6417831242084503,False,42,0.4035201978404075,2477.796875,1221.26953125,147.2,93.53461538461538,0.39999999999997726,0.0,"embedding_dim=32, hidden_dim=64, dropout=0.0795335526246719, lr=0.0016804715399186588",validation_search,full_rtx_pro_6000,False,cuda,NVIDIA RTX PRO 6000 Blackwell Server Edition,2.11.0+cu130,13.0,True
hyperparameter_search,ogbl_collab,gnn,de_opt,0.8097980713667532,0.663061941772408,0.7328402588640963,,,,0.649848073720932,False,123,0.4035926980432123,2477.796875,1221.26953125,147.3,93.91153846153846,0.39999999999997726,0.0,"embedding_dim=32, hidden_dim=64, dropout=0.0795335526246719, lr=0.0016804715399186588",validation_search,full_rtx_pro_6000,False,cuda,NVIDIA RTX PRO 6000 Blackwell Server Edition,2.11.0+cu130,13.0,True
hyperparameter_search,ogbl_collab,gnn,de_opt,0.8390180012149657,0.7187508070887371,0.7693148596986582,,,,0.6326735734939575,False,456,0.4039276090916246,2477.796875,1221.26953125,147.2,93.93461538461538,0.39999999999997726,0.0,"embedding_dim=32, hidden_dim=64, dropout=0.0795335526246719, lr=0.0016804715399186588",validation_search,full_rtx_pro_6000,False,cuda,NVIDIA RTX PRO 6000 Blackwell Server Edition,2.11.0+cu130,13.0,True
hyperparameter_search,ogbl_collab,gnn,de_opt,0.8429432588542708,0.7367226239058948,0.7648172209589965,,,,0.6344878017902374,False,789,0.40364645211957395,2477.796875,1221.26953125,147.3,93.88846153846151,0.39999999999997726,0.0,"embedding_dim=32, hidden_dim=64, dropout=0.0795335526246719, lr=0.0016804715399186588",validation_search,full_rtx_pro_6000,False,cuda,NVIDIA RTX PRO 6000 Blackwell Server Edition,2.11.0+cu130,13.0,True
hyperparameter_search,ogbl_collab,gnn,de_opt,0.837507192014513,0.7055796700810927,0.7640613677819145,,,,0.6461527287960053,False,2026,0.4033924520481378,2477.796875,1221.26953125,147.4,99.23846153846152,0.39999999999997726,0.0,"embedding_dim=32, hidden_dim=64, dropout=0.0795335526246719, lr=0.0016804715399186588",validation_search,full_rtx_pro_6000,False,cuda,NVIDIA RTX PRO 6000 Blackwell Server Edition,2.11.0+cu130,13.0,True
hyperparameter_search,ogbl_collab,gnn,de_opt,0.8977279437953531,0.8195142952124497,0.8238549761375278,,,,0.3664478898048401,False,42,0.2334985479246825,2477.796875,699.697265625,228.3,90.78846153846152,0.2300000000000182,0.0,"embedding_dim=16, hidden_dim=64, dropout=0.19410467545554216, lr=0.00922226567619423",validation_search,full_rtx_pro_6000,False,cuda,NVIDIA RTX PRO 6000 Blackwell Server Edition,2.11.0+cu130,13.0,True
hyperparameter_search,ogbl_collab,gnn,de_opt,0.8732053378603288,0.7703034874585272,0.7913657829639439,,,,0.4111374348402023,False,123,0.2330357611645013,2477.796875,699.697265625,228.2,90.43076923076923,0.2300000000000182,0.0,"embedding_dim=16, hidden_dim=64, dropout=0.19410467545554216, lr=0.00922226567619423",validation_search,full_rtx_pro_6000,False,cuda,NVIDIA RTX PRO 6000 Blackwell Server Edition,2.11.0+cu130,13.0,True
hyperparameter_search,ogbl_collab,gnn,de_opt,0.8668226442147661,0.7666988379888243,0.7774730766347667,,,,0.41784260272979734,False,456,0.23298352886922657,2477.796875,699.697265625,228.2,98.86923076923077,0.2300000000000182,0.0,"embedding_dim=16, hidden_dim=64, dropout=0.19410467545554216, lr=0.00922226567619423",validation_search,full_rtx_pro_6000,False,cuda,NVIDIA RTX PRO 6000 Blackwell Server Edition,2.11.0+cu130,13.0,True
hyperparameter_search,ogbl_collab,gnn,de_opt,0.8972684601557819,0.8228177809834745,0.8105931885759976,,,,0.3933251708745956,False,789,0.23378860717639327,2477.796875,699.697265625,227.9,98.16153846153847,0.2300000000000182,0.0,"embedding_dim=16, hidden_dim=64, dropout=0.19410467545554216, lr=0.00922226567619423",validation_search,full_rtx_pro_6000,False,cuda,NVIDIA RTX PRO 6000 Blackwell Server Edition,2.11.0+cu130,13.0,True
hyperparameter_search,ogbl_collab,gnn,de_opt,0.9045782062612343,0.8346029057028551,0.827834137078034,,,,0.35437524020671846,False,2026,0.2328397911041975,2477.796875,699.697265625,228.3,91.11153846153843,0.22999999999996135,0.0,"embedding_dim=16, hidden_dim=64, dropout=0.19410467545554216, lr=0.00922226567619423",validation_search,full_rtx_pro_6000,False,cuda,NVIDIA RTX PRO 6000 Blackwell Server Edition,2.11.0+cu130,13.0,True
hyperparameter_search,ogbl_collab,gnn,de_opt,0.9289200390286932,0.8828056263800972,0.8570500487244197,,,,0.24353527128696442,False,42,0.5748968250118196,2477.8125,1743.87353515625,190.1,100.09230769230768,0.5699999999999932,0.009999999999999787,"embedding_dim=48, hidden_dim=96, dropout=0.02233603963646136, lr=0.0074429541829455735",validation_search,full_rtx_pro_6000,False,cuda,NVIDIA RTX PRO 6000 Blackwell Server Edition,2.11.0+cu130,13.0,True
hyperparameter_search,ogbl_collab,gnn,de_opt,0.9336630730310899,0.8964240743751092,0.8606169261137903,,,,0.2582924336194992,False,123,0.5751048210076988,2477.8125,1743.87353515625,101.4,92.51153846153845,0.5699999999999932,0.0,"embedding_dim=48, hidden_dim=96, dropout=0.02233603963646136, lr=0.0074429541829455735",validation_search,full_rtx_pro_6000,False,cuda,NVIDIA RTX PRO 6000 Blackwell Server Edition,2.11.0+cu130,13.0,True
hyperparameter_search,ogbl_collab,gnn,de_opt,0.926029933010452,0.883765564220987,0.8526835911146649,,,,0.26916295737028123,False,456,0.5751185598783195,2478.9609375,1743.87353515625,101.1,96.31153846153849,0.5699999999999932,0.0,"embedding_dim=48, hidden_dim=96, dropout=0.02233603963646136, lr=0.0074429541829455735",validation_search,full_rtx_pro_6000,False,cuda,NVIDIA RTX PRO 6000 Blackwell Server Edition,2.11.0+cu130,13.0,True
hyperparameter_search,ogbl_collab,gnn,de_opt,0.9344749620531256,0.9035960590015035,0.8687126758451813,,,,0.23864862322807312,False,789,0.574661219958216,2478.9609375,1743.87353515625,101.0,96.46538461538461,0.5699999999999932,0.0,"embedding_dim=48, hidden_dim=96, dropout=0.02233603963646136, lr=0.0074429541829455735",validation_search,full_rtx_pro_6000,False,cuda,NVIDIA RTX PRO 6000 Blackwell Server Edition,2.11.0+cu130,13.0,True
hyperparameter_search,ogbl_collab,gnn,de_opt,0.9249405111177684,0.8721257441906572,0.8493353489418055,,,,0.2550350815057755,False,2026,0.5753747129347175,2478.9609375,1743.87353515625,201.6,100.06923076923077,0.5699999999999932,0.010000000000001563,"embedding_dim=48, hidden_dim=96, dropout=0.02233603963646136, lr=0.0074429541829455735",validation_search,full_rtx_pro_6000,False,cuda,NVIDIA RTX PRO 6000 Blackwell Server Edition,2.11.0+cu130,13.0,True
hyperparameter_search,ogbl_collab,gnn,de_opt,0.9113009016543505,0.8506909428948599,0.815852927213213,,,,0.3523255676031113,False,42,0.40332378703169525,2478.9609375,1221.26953125,147.3,93.85384615384616,0.4000000000000341,0.0,"embedding_dim=32, hidden_dim=64, dropout=0.15406641636379478, lr=0.00621094103787056",validation_search,full_rtx_pro_6000,False,cuda,NVIDIA RTX PRO 6000 Blackwell Server Edition,2.11.0+cu130,13.0,True
hyperparameter_search,ogbl_collab,gnn,de_opt,0.9038464644497702,0.8338624830211551,0.8096811673871218,,,,0.3682256489992142,False,123,0.4031618351582438,2478.9609375,1221.26953125,147.4,99.1846153846154,0.410000000000025,0.0,"embedding_dim=32, hidden_dim=64, dropout=0.15406641636379478, lr=0.00621094103787056",validation_search,full_rtx_pro_6000,False,cuda,NVIDIA RTX PRO 6000 Blackwell Server Edition,2.11.0+cu130,13.0,True
hyperparameter_search,ogbl_collab,gnn,de_opt,0.9023724567272484,0.84186745272248,0.813585367681967,,,,0.36072972416877747,False,456,0.40366881201043725,2478.9609375,1221.26953125,147.5,98.78461538461539,0.4000000000000341,0.0,"embedding_dim=32, hidden_dim=64, dropout=0.15406641636379478, lr=0.00621094103787056",validation_search,full_rtx_pro_6000,False,cuda,NVIDIA RTX PRO 6000 Blackwell Server Edition,2.11.0+cu130,13.0,True
hyperparameter_search,ogbl_collab,gnn,de_opt,0.9029389914952402,0.8177314237119846,0.8301204367706954,,,,0.36183353662490847,False,789,0.40337174315936863,2478.9609375,1221.26953125,147.6,99.21538461538462,0.4000000000000341,0.0,"embedding_dim=32, hidden_dim=64, dropout=0.15406641636379478, lr=0.00621094103787056",validation_search,full_rtx_pro_6000,False,cuda,NVIDIA RTX PRO 6000 Blackwell Server Edition,2.11.0+cu130,13.0,True
hyperparameter_search,ogbl_collab,gnn,de_opt,0.896927051211637,0.8052753074892459,0.8114364958396841,,,,0.3343725800514221,False,2026,0.4028933139052242,2478.9609375,1221.26953125,147.6,93.83076923076923,0.4000000000000341,0.0,"embedding_dim=32, hidden_dim=64, dropout=0.15406641636379478, lr=0.00621094103787056",validation_search,full_rtx_pro_6000,False,cuda,NVIDIA RTX PRO 6000 Blackwell Server Edition,2.11.0+cu130,13.0,True
hyperparameter_search,ogbl_collab,gnn,de_opt,0.9240497911257574,0.8754713801685532,0.8489605457135004,,,,0.2782361820340157,False,42,0.5704371309839189,2478.9609375,1733.076171875,185.8,97.24230769230768,0.5699999999999932,0.0,"embedding_dim=48, hidden_dim=96, dropout=0.0, lr=0.004933472443786938",validation_search,full_rtx_pro_6000,False,cuda,NVIDIA RTX PRO 6000 Blackwell Server Edition,2.11.0+cu130,13.0,True
hyperparameter_search,ogbl_collab,gnn,de_opt,0.9246003408561347,0.8775668089996055,0.8420953999150446,,,,0.30136815905570985,False,123,0.5702623999677598,2478.9609375,1733.076171875,102.3,93.63846153846154,0.5600000000000023,0.0,"embedding_dim=48, hidden_dim=96, dropout=0.0, lr=0.004933472443786938",validation_search,full_rtx_pro_6000,False,cuda,NVIDIA RTX PRO 6000 Blackwell Server Edition,2.11.0+cu130,13.0,True
hyperparameter_search,ogbl_collab,gnn,de_opt,0.9254496369249716,0.8706115401109996,0.8439319357337398,,,,0.2918503776192665,False,456,0.5696166709531099,2478.9609375,1733.076171875,102.3,93.80384615384612,0.5600000000000023,0.0,"embedding_dim=48, hidden_dim=96, dropout=0.0, lr=0.004933472443786938",validation_search,full_rtx_pro_6000,False,cuda,NVIDIA RTX PRO 6000 Blackwell Server Edition,2.11.0+cu130,13.0,True
hyperparameter_search,ogbl_collab,gnn,de_opt,0.9234738378769722,0.881763682691267,0.8530583943429699,,,,0.26885983943939207,False,789,0.5702985408715904,2478.9609375,1733.076171875,102.3,93.75,0.5699999999999932,0.0,"embedding_dim=48, hidden_dim=96, dropout=0.0, lr=0.004933472443786938",validation_search,full_rtx_pro_6000,False,cuda,NVIDIA RTX PRO 6000 Blackwell Server Edition,2.11.0+cu130,13.0,True
hyperparameter_search,ogbl_collab,gnn,de_opt,0.9212878381931963,0.871080330872978,0.846624272257065,,,,0.2751672387123108,False,2026,0.5701162901241332,2478.9609375,1733.076171875,102.2,97.60384615384615,0.5699999999999932,0.0,"embedding_dim=48, hidden_dim=96, dropout=0.0, lr=0.004933472443786938",validation_search,full_rtx_pro_6000,False,cuda,NVIDIA RTX PRO 6000 Blackwell Server Edition,2.11.0+cu130,13.0,True
hyperparameter_search,ogbl_collab,gnn,de_opt,0.9216116701617735,0.855989671553399,0.8534831713350491,,,,0.27894636541604995,False,42,0.5738673158921301,2478.9609375,1743.68603515625,101.1,96.59230769230771,0.5699999999999932,0.0,"embedding_dim=48, hidden_dim=32, dropout=0.15519496958956588, lr=0.01",validation_search,full_rtx_pro_6000,False,cuda,NVIDIA RTX PRO 6000 Blackwell Server Edition,2.11.0+cu130,13.0,True
hyperparameter_search,ogbl_collab,gnn,de_opt,0.921692882298116,0.8705523505613542,0.8418892581394768,,,,0.3023803740739822,False,123,0.5746432850137353,2478.9609375,1743.68603515625,101.0,96.36538461538461,0.5699999999999932,0.0,"embedding_dim=48, hidden_dim=32, dropout=0.15519496958956588, lr=0.01",validation_search,full_rtx_pro_6000,False,cuda,NVIDIA RTX PRO 6000 Blackwell Server Edition,2.11.0+cu130,13.0,True
hyperparameter_search,ogbl_collab,gnn,de_opt,0.9037886036215964,0.8292968887047363,0.7975875165538092,,,,0.35929123759269715,False,456,0.5741296377964318,2478.9609375,1743.68603515625,101.2,96.51923076923077,0.5699999999999932,0.0,"embedding_dim=48, hidden_dim=32, dropout=0.15519496958956588, lr=0.01",validation_search,full_rtx_pro_6000,False,cuda,NVIDIA RTX PRO 6000 Blackwell Server Edition,2.11.0+cu130,13.0,True
hyperparameter_search,ogbl_collab,gnn,de_opt,0.9111851676819119,0.8396262756486238,0.8386347167736938,,,,0.30732923150062563,False,789,0.5740396541077644,2478.9609375,1743.68603515625,101.2,96.5576923076923,0.5699999999999932,0.0,"embedding_dim=48, hidden_dim=32, dropout=0.15519496958956588, lr=0.01",validation_search,full_rtx_pro_6000,False,cuda,NVIDIA RTX PRO 6000 Blackwell Server Edition,2.11.0+cu130,13.0,True
hyperparameter_search,ogbl_collab,gnn,de_opt,0.8959574841055855,0.8137072006547106,0.8111116663751531,,,,0.3261513352394104,False,2026,0.574327178997919,2478.9609375,1743.68603515625,183.0,96.2,0.5799999999999841,0.0,"embedding_dim=48, hidden_dim=32, dropout=0.15519496958956588, lr=0.01",validation_search,full_rtx_pro_6000,False,cuda,NVIDIA RTX PRO 6000 Blackwell Server Edition,2.11.0+cu130,13.0,True
hyperparameter_search,ogbl_collab,gnn,de_opt,0.9252439285001001,0.8768588428090387,0.8516466355163539,,,,0.2498530238866806,False,42,0.5750345541164279,2478.9609375,1743.77978515625,101.1,96.34230769230768,0.5699999999999932,0.0,"embedding_dim=48, hidden_dim=64, dropout=0.034956924516209326, lr=0.008606674954545878",validation_search,full_rtx_pro_6000,False,cuda,NVIDIA RTX PRO 6000 Blackwell Server Edition,2.11.0+cu130,13.0,True
hyperparameter_search,ogbl_collab,gnn,de_opt,0.9263828500932029,0.883363933342521,0.8574498388346118,,,,0.2928095430135727,False,123,0.574715674854815,2478.9609375,1743.77978515625,101.1,96.46153846153848,0.5699999999999932,0.0,"embedding_dim=48, hidden_dim=64, dropout=0.034956924516209326, lr=0.008606674954545878",validation_search,full_rtx_pro_6000,False,cuda,NVIDIA RTX PRO 6000 Blackwell Server Edition,2.11.0+cu130,13.0,True
hyperparameter_search,ogbl_collab,gnn,de_opt,0.921268439601225,0.874875270589277,0.8198008545513605,,,,0.28832713812589644,False,456,0.575536334887147,2478.9609375,1743.77978515625,182.0,95.98076923076923,0.5800000000000409,0.0,"embedding_dim=48, hidden_dim=64, dropout=0.034956924516209326, lr=0.008606674954545878",validation_search,full_rtx_pro_6000,False,cuda,NVIDIA RTX PRO 6000 Blackwell Server Edition,2.11.0+cu130,13.0,True
hyperparameter_search,ogbl_collab,gnn,de_opt,0.9222286613740763,0.8724407432961613,0.8462682091901752,,,,0.26089886724948885,False,789,0.575104690855369,2478.9609375,1743.77978515625,101.0,96.36538461538461,0.5699999999999932,0.0,"embedding_dim=48, hidden_dim=64, dropout=0.034956924516209326, lr=0.008606674954545878",validation_search,full_rtx_pro_6000,False,cuda,NVIDIA RTX PRO 6000 Blackwell Server Edition,2.11.0+cu130,13.0,True
hyperparameter_search,ogbl_collab,gnn,de_opt,0.921281734904467,0.865007817034296,0.8499162939456785,,,,0.29849654883146287,False,2026,0.574444250902161,2478.9609375,1743.77978515625,101.4,92.7576923076923,0.57000000000005,0.0,"embedding_dim=48, hidden_dim=64, dropout=0.034956924516209326, lr=0.008606674954545878",validation_search,full_rtx_pro_6000,False,cuda,NVIDIA RTX PRO 6000 Blackwell Server Edition,2.11.0+cu130,13.0,True
hyperparameter_search,ogbl_collab,gnn,de_opt,0.9038280341688304,0.8304266727679163,0.8103870468004297,,,,0.3339298814535141,False,42,0.5751836788840592,2478.9609375,1743.77978515625,101.4,96.40384615384615,0.5800000000000409,0.0,"embedding_dim=48, hidden_dim=64, dropout=0.19410467545554216, lr=0.005332802870195524",validation_search,full_rtx_pro_6000,False,cuda,NVIDIA RTX PRO 6000 Blackwell Server Edition,2.11.0+cu130,13.0,True
hyperparameter_search,ogbl_collab,gnn,de_opt,0.9014896325976965,0.8227292625119117,0.8126483596112041,,,,0.36524134278297427,False,123,0.574788074940443,2478.9609375,1743.77978515625,101.0,96.4346153846154,0.57000000000005,0.0,"embedding_dim=48, hidden_dim=64, dropout=0.19410467545554216, lr=0.005332802870195524",validation_search,full_rtx_pro_6000,False,cuda,NVIDIA RTX PRO 6000 Blackwell Server Edition,2.11.0+cu130,13.0,True
hyperparameter_search,ogbl_collab,gnn,de_opt,0.8885244017542109,0.798057696269745,0.806295444891432,,,,0.37008869647979736,False,456,0.5748483771458268,2478.9609375,1743.77978515625,101.2,96.48846153846155,0.5699999999999932,0.0,"embedding_dim=48, hidden_dim=64, dropout=0.19410467545554216, lr=0.005332802870195524",validation_search,full_rtx_pro_6000,False,cuda,NVIDIA RTX PRO 6000 Blackwell Server Edition,2.11.0+cu130,13.0,True
hyperparameter_search,ogbl_collab,gnn,de_opt,0.9008794759004063,0.8295891676319695,0.818226680992479,,,,0.33921932280063627,False,789,0.5753601628821343,2478.9609375,1743.77978515625,101.4,92.51538461538462,0.57000000000005,0.0,"embedding_dim=48, hidden_dim=64, dropout=0.19410467545554216, lr=0.005332802870195524",validation_search,full_rtx_pro_6000,False,cuda,NVIDIA RTX PRO 6000 Blackwell Server Edition,2.11.0+cu130,13.0,True
hyperparameter_search,ogbl_collab,gnn,de_opt,0.8993786672824712,0.8188438210401985,0.7881924489642937,,,,0.35780147910118104,False,2026,0.5750255319289863,2478.9609375,1743.77978515625,101.2,96.35769230769233,0.5699999999999932,0.0,"embedding_dim=48, hidden_dim=64, dropout=0.19410467545554216, lr=0.005332802870195524",validation_search,full_rtx_pro_6000,False,cuda,NVIDIA RTX PRO 6000 Blackwell Server Edition,2.11.0+cu130,13.0,True
hyperparameter_search,ogbl_collab,gnn,de_opt,0.9137334002396644,0.8564454944334763,0.8295582319282376,,,,0.3069326877593994,False,42,0.5746637529227883,2478.9609375,1743.77978515625,101.1,96.53846153846153,0.5699999999999932,0.0,"embedding_dim=48, hidden_dim=64, dropout=0.062193718622392716, lr=0.005542481758869049",validation_search,full_rtx_pro_6000,False,cuda,NVIDIA RTX PRO 6000 Blackwell Server Edition,2.11.0+cu130,13.0,True
hyperparameter_search,ogbl_collab,gnn,de_opt,0.9095594742360694,0.8505402271840775,0.8342557657229954,,,,0.32568093240261076,False,123,0.5754326819442213,2478.9609375,1743.77978515625,101.1,96.3153846153846,0.5699999999999932,0.0,"embedding_dim=48, hidden_dim=64, dropout=0.062193718622392716, lr=0.005542481758869049",validation_search,full_rtx_pro_6000,False,cuda,NVIDIA RTX PRO 6000 Blackwell Server Edition,2.11.0+cu130,13.0,True
hyperparameter_search,ogbl_collab,gnn,de_opt,0.8899774679615207,0.8126819620509224,0.8058269408560506,,,,0.32624523937702177,False,456,0.5751999618951231,2478.9609375,1743.77978515625,101.3,92.59615384615385,0.57000000000005,0.0,"embedding_dim=48, hidden_dim=64, dropout=0.062193718622392716, lr=0.005542481758869049",validation_search,full_rtx_pro_6000,False,cuda,NVIDIA RTX PRO 6000 Blackwell Server Edition,2.11.0+cu130,13.0,True
hyperparameter_search,ogbl_collab,gnn,de_opt,0.9096289169329606,0.860515195736195,0.8366607531046201,,,,0.30994661152362823,False,789,0.5746690810192376,2478.9609375,1743.77978515625,101.1,96.50384615384615,0.5699999999999932,0.0,"embedding_dim=48, hidden_dim=64, dropout=0.062193718622392716, lr=0.005542481758869049",validation_search,full_rtx_pro_6000,False,cuda,NVIDIA RTX PRO 6000 Blackwell Server Edition,2.11.0+cu130,13.0,True
hyperparameter_search,ogbl_collab,gnn,de_opt,0.910441998452167,0.8447205707012857,0.8174458409335099,,,,0.3127754807472229,False,2026,0.5754352959338576,2478.9609375,1743.77978515625,101.0,96.23076923076924,0.57000000000005,0.0,"embedding_dim=48, hidden_dim=64, dropout=0.062193718622392716, lr=0.005542481758869049",validation_search,full_rtx_pro_6000,False,cuda,NVIDIA RTX PRO 6000 Blackwell Server Edition,2.11.0+cu130,13.0,True
hyperparameter_search,ogbl_collab,gnn,de_opt,0.9310761526363092,0.895109887007773,0.8609604957397367,,,,0.23980504125356675,False,42,0.5699049080722034,2478.9609375,1733.076171875,102.4,97.66538461538461,0.5699999999999932,0.0,"embedding_dim=48, hidden_dim=96, dropout=0.0, lr=0.006897133253856541",validation_search,full_rtx_pro_6000,False,cuda,NVIDIA RTX PRO 6000 Blackwell Server Edition,2.11.0+cu130,13.0,True
hyperparameter_search,ogbl_collab,gnn,de_opt,0.9340764696924305,0.8964960592903792,0.8639214412433472,,,,0.26896778494119644,False,123,0.5698773700278252,2481.9375,1733.076171875,192.9,97.49615384615386,0.5699999999999932,0.0,"embedding_dim=48, hidden_dim=96, dropout=0.0, lr=0.006897133253856541",validation_search,full_rtx_pro_6000,False,cuda,NVIDIA RTX PRO 6000 Blackwell Server Edition,2.11.0+cu130,13.0,True
hyperparameter_search,ogbl_collab,gnn,de_opt,0.9239847448571998,0.8779299986285859,0.8531708353114614,,,,0.27403161078691485,False,456,0.5705114430747926,2481.9375,1733.076171875,102.3,93.53461538461539,0.5600000000000023,0.0,"embedding_dim=48, hidden_dim=96, dropout=0.0, lr=0.006897133253856541",validation_search,full_rtx_pro_6000,False,cuda,NVIDIA RTX PRO 6000 Blackwell Server Edition,2.11.0+cu130,13.0,True
hyperparameter_search,ogbl_collab,gnn,de_opt,0.9296713812329405,0.889142616125341,0.8439569226156268,,,,0.29503012299537656,False,789,0.5700835550669581,2481.9375,1733.076171875,102.4,93.67692307692306,0.5699999999999932,0.0,"embedding_dim=48, hidden_dim=96, dropout=0.0, lr=0.006897133253856541",validation_search,full_rtx_pro_6000,False,cuda,NVIDIA RTX PRO 6000 Blackwell Server Edition,2.11.0+cu130,13.0,True
hyperparameter_search,ogbl_collab,gnn,de_opt,0.9326652396644696,0.8950725755194988,0.8594113090627421,,,,0.2538914501667023,False,2026,0.5697450879961252,2481.9375,1733.076171875,193.4,97.62692307692308,0.5699999999999932,0.009999999999999787,"embedding_dim=48, hidden_dim=96, dropout=0.0, lr=0.006897133253856541",validation_search,full_rtx_pro_6000,False,cuda,NVIDIA RTX PRO 6000 Blackwell Server Edition,2.11.0+cu130,13.0,True
hyperparameter_search,ogbl_collab,gnn,de_opt,0.9106222600858798,0.8464492111475553,0.8185327702955948,,,,0.323588103055954,False,42,0.5773706221953034,2481.9375,1743.87353515625,101.0,92.41923076923078,0.5699999999999932,0.0,"embedding_dim=48, hidden_dim=96, dropout=0.101103424488369, lr=0.004336878666237298",validation_search,full_rtx_pro_6000,False,cuda,NVIDIA RTX PRO 6000 Blackwell Server Edition,2.11.0+cu130,13.0,True
hyperparameter_search,ogbl_collab,gnn,de_opt,0.908872707293123,0.839680748570682,0.8210689388071263,,,,0.3611632168292999,False,123,0.5748797608539462,2481.9375,1743.87353515625,101.4,96.46923076923078,0.5799999999999841,0.0,"embedding_dim=48, hidden_dim=96, dropout=0.101103424488369, lr=0.004336878666237298",validation_search,full_rtx_pro_6000,False,cuda,NVIDIA RTX PRO 6000 Blackwell Server Edition,2.11.0+cu130,13.0,True
hyperparameter_search,ogbl_collab,gnn,de_opt,0.91713706976899,0.854501353307121,0.8350678393843233,,,,0.3246275752782822,False,456,0.5748638489749283,2481.9375,1743.87353515625,101.0,96.43461538461538,0.5699999999999932,0.0,"embedding_dim=48, hidden_dim=96, dropout=0.101103424488369, lr=0.004336878666237298",validation_search,full_rtx_pro_6000,False,cuda,NVIDIA RTX PRO 6000 Blackwell Server Edition,2.11.0+cu130,13.0,True
hyperparameter_search,ogbl_collab,gnn,de_opt,0.9077693711304176,0.8458618368633077,0.8244609080232878,,,,0.316862690448761,False,789,0.575298187090084,2481.9375,1743.87353515625,101.0,96.20769230769231,0.5699999999999932,0.0,"embedding_dim=48, hidden_dim=96, dropout=0.101103424488369, lr=0.004336878666237298",validation_search,full_rtx_pro_6000,False,cuda,NVIDIA RTX PRO 6000 Blackwell Server Edition,2.11.0+cu130,13.0,True
hyperparameter_search,ogbl_collab,gnn,de_opt,0.9158116854736703,0.8478474682157109,0.8232740311336548,,,,0.32890971899032595,False,2026,0.5748939400073141,2481.9375,1743.87353515625,101.4,96.48846153846154,0.5799999999999841,0.0,"embedding_dim=48, hidden_dim=96, dropout=0.101103424488369, lr=0.004336878666237298",validation_search,full_rtx_pro_6000,False,cuda,NVIDIA RTX PRO 6000 Blackwell Server Edition,2.11.0+cu130,13.0,True
hyperparameter_search,ogbl_collab,gnn,de_opt,0.9244866407030158,0.8688139972270204,0.8510094700282351,,,,0.26515154242515565,False,42,0.5746176100801677,2481.9375,1743.87353515625,201.2,100.32692307692308,0.5699999999999932,0.010000000000001563,"embedding_dim=48, hidden_dim=96, dropout=0.04680588679780789, lr=0.01",validation_search,full_rtx_pro_6000,False,cuda,NVIDIA RTX PRO 6000 Blackwell Server Edition,2.11.0+cu130,13.0,True
hyperparameter_search,ogbl_collab,gnn,de_opt,0.9380639913288062,0.9077360307345143,0.8706554059118963,,,,0.24869716316461563,False,123,0.5752528151497245,2481.9375,1743.87353515625,101.4,92.51923076923075,0.5699999999999932,0.0,"embedding_dim=48, hidden_dim=96, dropout=0.04680588679780789, lr=0.01",validation_search,full_rtx_pro_6000,False,cuda,NVIDIA RTX PRO 6000 Blackwell Server Edition,2.11.0+cu130,13.0,True
hyperparameter_search,ogbl_collab,gnn,de_opt,0.9286877617169296,0.8851740890084362,0.8547512555908148,,,,0.26041602790355683,False,456,0.5753364101983607,2481.9375,1743.87353515625,101.1,96.26153846153846,0.5699999999999932,0.0,"embedding_dim=48, hidden_dim=96, dropout=0.04680588679780789, lr=0.01",validation_search,full_rtx_pro_6000,False,cuda,NVIDIA RTX PRO 6000 Blackwell Server Edition,2.11.0+cu130,13.0,True
hyperparameter_search,ogbl_collab,gnn,de_opt,0.9366212268657214,0.9074237401757106,0.8620099447789911,,,,0.24330631643533707,False,789,0.5749647680204362,2481.9375,1743.87353515625,101.4,92.5923076923077,0.5699999999999932,0.0,"embedding_dim=48, hidden_dim=96, dropout=0.04680588679780789, lr=0.01",validation_search,full_rtx_pro_6000,False,cuda,NVIDIA RTX PRO 6000 Blackwell Server Edition,2.11.0+cu130,13.0,True
hyperparameter_search,ogbl_collab,gnn,de_opt,0.9328632202416617,0.8954910434405449,0.8540703630593938,,,,0.24308241307735443,False,2026,0.5750377189833671,2481.9375,1743.87353515625,101.4,96.4076923076923,0.5799999999999841,0.0,"embedding_dim=48, hidden_dim=96, dropout=0.04680588679780789, lr=0.01",validation_search,full_rtx_pro_6000,False,cuda,NVIDIA RTX PRO 6000 Blackwell Server Edition,2.11.0+cu130,13.0,True
hyperparameter_search,ogbl_collab,gnn,de_opt,0.9204773942314095,0.8770925782185337,0.8472489443042402,,,,0.2862489402294159,False,42,0.5698995811399072,2481.9375,1732.982421875,102.5,93.84615384615385,0.5699999999999932,0.0,"embedding_dim=48, hidden_dim=64, dropout=0.0, lr=0.006531405391641534",validation_search,full_rtx_pro_6000,False,cuda,NVIDIA RTX PRO 6000 Blackwell Server Edition,2.11.0+cu130,13.0,True
hyperparameter_search,ogbl_collab,gnn,de_opt,0.9106984247886294,0.864222253810223,0.8274718272906724,,,,0.2955231681466103,False,123,0.569612274877727,2481.9375,1732.982421875,102.5,94.04230769230772,0.5699999999999932,0.0,"embedding_dim=48, hidden_dim=64, dropout=0.0, lr=0.006531405391641534",validation_search,full_rtx_pro_6000,False,cuda,NVIDIA RTX PRO 6000 Blackwell Server Edition,2.11.0+cu130,13.0,True
hyperparameter_search,ogbl_collab,gnn,de_opt,0.9058777344218094,0.8546247847341,0.8163026910871792,,,,0.3091213047504425,False,456,0.5704081619624048,2481.9375,1732.982421875,102.5,97.56923076923074,0.5699999999999932,0.0,"embedding_dim=48, hidden_dim=64, dropout=0.0, lr=0.006531405391641534",validation_search,full_rtx_pro_6000,False,cuda,NVIDIA RTX PRO 6000 Blackwell Server Edition,2.11.0+cu130,13.0,True
hyperparameter_search,ogbl_collab,gnn,de_opt,0.9117983809333599,0.8624604794277594,0.8351178131480973,,,,0.2842721000313759,False,789,0.5700361989438534,2482.0,1732.982421875,102.5,97.68846153846152,0.5699999999999932,0.0,"embedding_dim=48, hidden_dim=64, dropout=0.0, lr=0.006531405391641534",validation_search,full_rtx_pro_6000,False,cuda,NVIDIA RTX PRO 6000 Blackwell Server Edition,2.11.0+cu130,13.0,True
hyperparameter_search,ogbl_collab,gnn,de_opt,0.9298906208807669,0.8788574694955921,0.8571375028110242,,,,0.2675417125225067,False,2026,0.5692409339826554,2482.0,1732.982421875,102.5,97.87692307692308,0.57000000000005,0.0,"embedding_dim=48, hidden_dim=64, dropout=0.0, lr=0.006531405391641534",validation_search,full_rtx_pro_6000,False,cuda,NVIDIA RTX PRO 6000 Blackwell Server Edition,2.11.0+cu130,13.0,True
hyperparameter_search,ogbl_collab,gnn,de_opt,0.9196976639371547,0.874234167535244,0.833887209215162,,,,0.2793010681867599,False,42,0.5752442320808768,2482.0,1743.77978515625,101.1,96.35384615384616,0.57000000000005,0.0,"embedding_dim=48, hidden_dim=64, dropout=0.01782803150326676, lr=0.006999340854360203",validation_search,full_rtx_pro_6000,False,cuda,NVIDIA RTX PRO 6000 Blackwell Server Edition,2.11.0+cu130,13.0,True
hyperparameter_search,ogbl_collab,gnn,de_opt,0.9192377577225218,0.8754819365210801,0.8451313060643162,,,,0.29047717452049254,False,123,0.5749874589964747,2482.0,1743.77978515625,101.4,92.65384615384617,0.57000000000005,0.0,"embedding_dim=48, hidden_dim=64, dropout=0.01782803150326676, lr=0.006999340854360203",validation_search,full_rtx_pro_6000,False,cuda,NVIDIA RTX PRO 6000 Blackwell Server Edition,2.11.0+cu130,13.0,True
hyperparameter_search,ogbl_collab,gnn,de_opt,0.908557533786033,0.8644969375937809,0.828871092676345,,,,0.29077463150024413,False,456,0.5751639420632273,2482.0,1743.77978515625,101.1,96.4653846153846,0.57000000000005,0.0,"embedding_dim=48, hidden_dim=64, dropout=0.01782803150326676, lr=0.006999340854360203",validation_search,full_rtx_pro_6000,False,cuda,NVIDIA RTX PRO 6000 Blackwell Server Edition,2.11.0+cu130,13.0,True
hyperparameter_search,ogbl_collab,gnn,de_opt,0.9210933564676119,0.87875230738932,0.8514592339022014,,,,0.26122299432754514,False,789,0.5755221559666097,2482.0,1743.77978515625,101.4,92.46923076923076,0.57000000000005,0.0,"embedding_dim=48, hidden_dim=64, dropout=0.01782803150326676, lr=0.006999340854360203",validation_search,full_rtx_pro_6000,False,cuda,NVIDIA RTX PRO 6000 Blackwell Server Edition,2.11.0+cu130,13.0,True
hyperparameter_search,ogbl_collab,gnn,de_opt,0.9321879606051527,0.8890899507953799,0.8634279503260788,,,,0.2668533712625504,False,2026,0.575209615053609,2482.0,1743.77978515625,101.1,96.36538461538461,0.57000000000005,0.0,"embedding_dim=48, hidden_dim=64, dropout=0.01782803150326676, lr=0.006999340854360203",validation_search,full_rtx_pro_6000,False,cuda,NVIDIA RTX PRO 6000 Blackwell Server Edition,2.11.0+cu130,13.0,True
hyperparameter_search,ogbl_collab,gnn,de_opt,0.9253758403235469,0.883261924015967,0.8557882111891257,,,,0.25258288681507113,False,42,0.5748587821144611,2482.0,1743.87353515625,101.1,96.40384615384616,0.57000000000005,0.0,"embedding_dim=48, hidden_dim=96, dropout=0.02233603963646136, lr=0.01",validation_search,full_rtx_pro_6000,False,cuda,NVIDIA RTX PRO 6000 Blackwell Server Edition,2.11.0+cu130,13.0,True
hyperparameter_search,ogbl_collab,gnn,de_opt,0.9331824578090674,0.8991207426412582,0.8636215986607031,,,,0.2623299539089203,False,123,0.5750650758855045,2482.0,1743.87353515625,101.5,92.48846153846152,0.5699999999999932,0.0,"embedding_dim=48, hidden_dim=96, dropout=0.02233603963646136, lr=0.01",validation_search,full_rtx_pro_6000,False,cuda,NVIDIA RTX PRO 6000 Blackwell Server Edition,2.11.0+cu130,13.0,True
hyperparameter_search,ogbl_collab,gnn,de_opt,0.9138881932794088,0.8575010755198119,0.8114052622373255,,,,0.3361916780471802,False,456,0.5749647780321538,2482.0,1743.87353515625,101.4,96.46538461538461,0.5800000000000409,0.0,"embedding_dim=48, hidden_dim=96, dropout=0.02233603963646136, lr=0.01",validation_search,full_rtx_pro_6000,False,cuda,NVIDIA RTX PRO 6000 Blackwell Server Edition,2.11.0+cu130,13.0,True
hyperparameter_search,ogbl_collab,gnn,de_opt,0.9391753523400573,0.9060182213528447,0.8687001824042377,,,,0.2367852583527565,False,789,0.5747032270301133,2482.0,1743.87353515625,101.0,96.4923076923077,0.57000000000005,0.0,"embedding_dim=48, hidden_dim=96, dropout=0.02233603963646136, lr=0.01",validation_search,full_rtx_pro_6000,False,cuda,NVIDIA RTX PRO 6000 Blackwell Server Edition,2.11.0+cu130,13.0,True
hyperparameter_search,ogbl_collab,gnn,de_opt,0.9343295333200186,0.8964646296509444,0.8660015991604407,,,,0.24113332629203796,False,2026,0.575248439097777,2482.0,1743.87353515625,101.4,92.46923076923079,0.57000000000005,0.0,"embedding_dim=48, hidden_dim=96, dropout=0.02233603963646136, lr=0.01",validation_search,full_rtx_pro_6000,False,cuda,NVIDIA RTX PRO 6000 Blackwell Server Edition,2.11.0+cu130,13.0,True
hyperparameter_search,ogbl_collab,gnn,de_opt,0.9252439775148125,0.8768589262282465,0.8516466355163539,,,,0.2498530000448227,False,42,0.5750268830452114,2482.0,1743.77978515625,101.3,96.51538461538462,0.5800000000000409,0.0,"embedding_dim=48, hidden_dim=64, dropout=0.034956924516209326, lr=0.008606674954545878",validation_search,full_rtx_pro_6000,False,cuda,NVIDIA RTX PRO 6000 Blackwell Server Edition,2.11.0+cu130,13.0,True
hyperparameter_search,ogbl_collab,gnn,de_opt,0.9263828509253712,0.8833639324150016,0.8574498388346118,,,,0.2928095400333405,False,123,0.5747471079230309,2482.0,1743.77978515625,101.0,96.43076923076924,0.57000000000005,0.0,"embedding_dim=48, hidden_dim=64, dropout=0.034956924516209326, lr=0.008606674954545878",validation_search,full_rtx_pro_6000,False,cuda,NVIDIA RTX PRO 6000 Blackwell Server Edition,2.11.0+cu130,13.0,True
hyperparameter_search,ogbl_collab,gnn,de_opt,0.9212684476732574,0.8748752946995079,0.8198008545513605,,,,0.2883271336555481,False,456,0.5754459809977561,2482.0,1743.77978515625,182.6,95.93846153846151,0.57000000000005,0.0,"embedding_dim=48, hidden_dim=64, dropout=0.034956924516209326, lr=0.008606674954545878",validation_search,full_rtx_pro_6000,False,cuda,NVIDIA RTX PRO 6000 Blackwell Server Edition,2.11.0+cu130,13.0,True
hyperparameter_search,ogbl_collab,gnn,de_opt,0.9222286726915652,0.8724407512642984,0.8462682091901752,,,,0.26089885234832766,False,789,0.5751118999905884,2482.0,1743.77978515625,101.1,96.37307692307692,0.57000000000005,0.0,"embedding_dim=48, hidden_dim=64, dropout=0.034956924516209326, lr=0.008606674954545878",validation_search,full_rtx_pro_6000,False,cuda,NVIDIA RTX PRO 6000 Blackwell Server Edition,2.11.0+cu130,13.0,True
hyperparameter_search,ogbl_collab,gnn,de_opt,0.9212832235703348,0.865010802589447,0.8499162939456785,,,,0.29849743098020554,False,2026,0.5749990260228515,2483.53125,1743.77978515625,189.4,96.23076923076924,0.57000000000005,0.0,"embedding_dim=48, hidden_dim=64, dropout=0.034956924516209326, lr=0.008606674954545878",validation_search,full_rtx_pro_6000,False,cuda,NVIDIA RTX PRO 6000 Blackwell Server Edition,2.11.0+cu130,13.0,True
hyperparameter_search,ogbl_collab,gnn,de_opt,0.9322312492510485,0.895626870140546,0.8637215461882511,,,,0.23692765086889267,False,42,0.575398885877803,2483.53125,1743.87353515625,101.1,96.25384615384617,0.57000000000005,0.0,"embedding_dim=48, hidden_dim=96, dropout=0.037971267381984315, lr=0.00903310297112704",validation_search,full_rtx_pro_6000,False,cuda,NVIDIA RTX PRO 6000 Blackwell Server Edition,2.11.0+cu130,13.0,True
hyperparameter_search,ogbl_collab,gnn,de_opt,0.9389872006690632,0.9072305016290835,0.8716423877464331,,,,0.2531675651669502,False,123,0.5747455260716379,2483.53125,1743.87353515625,101.5,92.62692307692308,0.5699999999999932,0.0,"embedding_dim=48, hidden_dim=96, dropout=0.037971267381984315, lr=0.00903310297112704",validation_search,full_rtx_pro_6000,False,cuda,NVIDIA RTX PRO 6000 Blackwell Server Edition,2.11.0+cu130,13.0,True
hyperparameter_search,ogbl_collab,gnn,de_opt,0.93068623976433,0.8927450343222247,0.8587616501336798,,,,0.2581427112221718,False,456,0.5747401989065111,2483.53125,1743.87353515625,101.1,96.47692307692309,0.57000000000005,0.0,"embedding_dim=48, hidden_dim=96, dropout=0.037971267381984315, lr=0.00903310297112704",validation_search,full_rtx_pro_6000,False,cuda,NVIDIA RTX PRO 6000 Blackwell Server Edition,2.11.0+cu130,13.0,True
hyperparameter_search,ogbl_collab,gnn,de_opt,0.9188854626855736,0.87304375908916,0.8490105194772745,,,,0.29494648724794387,False,789,0.5752478679642081,2483.53125,1743.87353515625,101.0,96.26923076923077,0.5699999999999932,0.0,"embedding_dim=48, hidden_dim=96, dropout=0.037971267381984315, lr=0.00903310297112704",validation_search,full_rtx_pro_6000,False,cuda,NVIDIA RTX PRO 6000 Blackwell Server Edition,2.11.0+cu130,13.0,True
hyperparameter_search,ogbl_collab,gnn,de_opt,0.9235752457392984,0.8761055428636169,0.8509407561030459,,,,0.2740929678082466,False,2026,0.5750832210760564,2483.53125,1743.87353515625,101.4,92.55384615384617,0.5699999999999932,0.0,"embedding_dim=48, hidden_dim=96, dropout=0.037971267381984315, lr=0.00903310297112704",validation_search,full_rtx_pro_6000,False,cuda,NVIDIA RTX PRO 6000 Blackwell Server Edition,2.11.0+cu130,13.0,True
hyperparameter_search,ogbl_collab,gnn,de_opt,0.9269542386492245,0.8857510196113976,0.8489355588316134,,,,0.2594854637980461,False,42,0.5746828687842935,2483.53125,1743.77978515625,101.4,96.57692307692308,0.5799999999999841,0.0,"embedding_dim=48, hidden_dim=64, dropout=0.04440791867065578, lr=0.008454248016284818",validation_search,full_rtx_pro_6000,False,cuda,NVIDIA RTX PRO 6000 Blackwell Server Edition,2.11.0+cu130,13.0,True
hyperparameter_search,ogbl_collab,gnn,de_opt,0.9195515460854803,0.8680174691874697,0.8488293645835936,,,,0.2996666818857193,False,123,0.5750941259320825,2483.53125,1743.77978515625,101.1,96.34615384615384,0.5699999999999932,0.0,"embedding_dim=48, hidden_dim=64, dropout=0.04440791867065578, lr=0.008454248016284818",validation_search,full_rtx_pro_6000,False,cuda,NVIDIA RTX PRO 6000 Blackwell Server Edition,2.11.0+cu130,13.0,True
hyperparameter_search,ogbl_collab,gnn,de_opt,0.9138685951334796,0.8584458123335069,0.8256040578696184,,,,0.29852541983127595,False,456,0.5750508869532496,2483.53125,1743.77978515625,101.4,92.55384615384617,0.5699999999999932,0.0,"embedding_dim=48, hidden_dim=64, dropout=0.04440791867065578, lr=0.008454248016284818",validation_search,full_rtx_pro_6000,False,cuda,NVIDIA RTX PRO 6000 Blackwell Server Edition,2.11.0+cu130,13.0,True
hyperparameter_search,ogbl_collab,gnn,de_opt,0.9208703336162704,0.874729360222051,0.8499725144299243,,,,0.26223361790180205,False,789,0.5747721630614251,2483.53125,1743.77978515625,101.0,96.50769230769231,0.5699999999999932,0.0,"embedding_dim=48, hidden_dim=64, dropout=0.04440791867065578, lr=0.008454248016284818",validation_search,full_rtx_pro_6000,False,cuda,NVIDIA RTX PRO 6000 Blackwell Server Edition,2.11.0+cu130,13.0,True
hyperparameter_search,ogbl_collab,gnn,de_opt,0.9270196888522736,0.87955128853872,0.8495539841583168,,,,0.25522193163633344,False,2026,0.5753554059192538,2483.53125,1743.77978515625,101.1,96.28846153846155,0.5699999999999932,0.0,"embedding_dim=48, hidden_dim=64, dropout=0.04440791867065578, lr=0.008454248016284818",validation_search,full_rtx_pro_6000,False,cuda,NVIDIA RTX PRO 6000 Blackwell Server Edition,2.11.0+cu130,13.0,True
hyperparameter_search,ogbl_collab,gnn,de_opt,0.9236218776213301,0.8723212594780059,0.8520276854651309,,,,0.27622937262058256,False,42,0.5750586080830544,2483.53125,1743.77978515625,101.3,92.64230769230772,0.5699999999999932,0.0,"embedding_dim=48, hidden_dim=64, dropout=0.050592152261732276, lr=0.009077977701275308",validation_search,full_rtx_pro_6000,False,cuda,NVIDIA RTX PRO 6000 Blackwell Server Edition,2.11.0+cu130,13.0,True
hyperparameter_search,ogbl_collab,gnn,de_opt,0.9275022308767725,0.8747469146999929,0.8514779740636166,,,,0.29108273088932035,False,123,0.574634542921558,2483.53125,1743.77978515625,101.2,96.48076923076921,0.5699999999999932,0.0,"embedding_dim=48, hidden_dim=64, dropout=0.050592152261732276, lr=0.009077977701275308",validation_search,full_rtx_pro_6000,False,cuda,NVIDIA RTX PRO 6000 Blackwell Server Edition,2.11.0+cu130,13.0,True
hyperparameter_search,ogbl_collab,gnn,de_opt,0.9288107688402902,0.8897306114812878,0.8474238524774493,,,,0.28155321776866915,False,456,0.5751110301353037,2483.53125,1743.77978515625,201.5,100.28846153846155,0.5699999999999932,0.009999999999999787,"embedding_dim=48, hidden_dim=64, dropout=0.050592152261732276, lr=0.009077977701275308",validation_search,full_rtx_pro_6000,False,cuda,NVIDIA RTX PRO 6000 Blackwell Server Edition,2.11.0+cu130,13.0,True
hyperparameter_search,ogbl_collab,gnn,de_opt,0.9248152269322948,0.8772986580700106,0.8465118312885735,,,,0.2654206454753876,False,789,0.5750081180594862,2483.53125,1743.77978515625,101.1,96.38846153846154,0.5699999999999932,0.0,"embedding_dim=48, hidden_dim=64, dropout=0.050592152261732276, lr=0.009077977701275308",validation_search,full_rtx_pro_6000,False,cuda,NVIDIA RTX PRO 6000 Blackwell Server Edition,2.11.0+cu130,13.0,True
hyperparameter_search,ogbl_collab,gnn,de_opt,0.9304928151421343,0.8939353832278233,0.8590115189525499,,,,0.2578685447573662,False,2026,0.5748959430493414,2483.53125,1743.77978515625,101.1,96.47692307692309,0.5699999999999932,0.0,"embedding_dim=48, hidden_dim=64, dropout=0.050592152261732276, lr=0.009077977701275308",validation_search,full_rtx_pro_6000,False,cuda,NVIDIA RTX PRO 6000 Blackwell Server Edition,2.11.0+cu130,13.0,True
hyperparameter_search,ogbl_collab,gnn,de_opt,0.9238347269655814,0.8736560805588974,0.8543202318782639,,,,0.25914694666862487,False,42,0.5752829262055457,2483.53125,1743.87353515625,101.4,92.45769230769231,0.5699999999999932,0.0,"embedding_dim=48, hidden_dim=96, dropout=0.06244111454333084, lr=0.01",validation_search,full_rtx_pro_6000,False,cuda,NVIDIA RTX PRO 6000 Blackwell Server Edition,2.11.0+cu130,13.0,True
hyperparameter_search,ogbl_collab,gnn,de_opt,0.9384484634844552,0.907540609989954,0.8698995527348142,,,,0.25291194915771487,False,123,0.5748465049546212,2483.53125,1743.87353515625,100.9,96.31538461538462,0.5699999999999932,0.0,"embedding_dim=48, hidden_dim=96, dropout=0.06244111454333084, lr=0.01",validation_search,full_rtx_pro_6000,False,cuda,NVIDIA RTX PRO 6000 Blackwell Server Edition,2.11.0+cu130,13.0,True
hyperparameter_search,ogbl_collab,gnn,de_opt,0.9267633498934824,0.8788590151784267,0.8483108867844382,,,,0.2711163118481636,False,456,0.5746239789295942,2483.53125,1743.87353515625,101.4,96.5576923076923,0.5699999999999932,0.009999999999999787,"embedding_dim=48, hidden_dim=96, dropout=0.06244111454333084, lr=0.01",validation_search,full_rtx_pro_6000,False,cuda,NVIDIA RTX PRO 6000 Blackwell Server Edition,2.11.0+cu130,13.0,True
hyperparameter_search,ogbl_collab,gnn,de_opt,0.9320917431429333,0.8892726986754084,0.8602546163264286,,,,0.2571745544672012,False,789,0.5748967048712075,2483.53125,1743.87353515625,101.1,96.38846153846154,0.5699999999999932,0.0,"embedding_dim=48, hidden_dim=96, dropout=0.06244111454333084, lr=0.01",validation_search,full_rtx_pro_6000,False,cuda,NVIDIA RTX PRO 6000 Blackwell Server Edition,2.11.0+cu130,13.0,True
hyperparameter_search,ogbl_collab,gnn,de_opt,0.9279052551428002,0.8808863344232283,0.8563316758701681,,,,0.2570746824145317,False,2026,0.5750119630247355,2483.53125,1743.87353515625,101.4,92.5423076923077,0.5699999999999932,0.0,"embedding_dim=48, hidden_dim=96, dropout=0.06244111454333084, lr=0.01",validation_search,full_rtx_pro_6000,False,cuda,NVIDIA RTX PRO 6000 Blackwell Server Edition,2.11.0+cu130,13.0,True
hyperparameter_search,ogbl_collab,gnn,de_opt,0.9173318684674789,0.8580092561246843,0.8458621723595112,,,,0.2691016435623169,False,42,0.5746835200116038,2483.53125,1743.87353515625,101.0,96.41538461538462,0.5699999999999932,0.0,"embedding_dim=48, hidden_dim=96, dropout=0.08902100171071986, lr=0.01",validation_search,full_rtx_pro_6000,False,cuda,NVIDIA RTX PRO 6000 Blackwell Server Edition,2.11.0+cu130,13.0,True
hyperparameter_search,ogbl_collab,gnn,de_opt,0.9318851853238798,0.89281677315201,0.8600547212713325,,,,0.2612707704305649,False,123,0.5754513680003583,2483.53125,1743.87353515625,182.4,99.70384615384617,0.5699999999999932,0.009999999999999787,"embedding_dim=48, hidden_dim=96, dropout=0.08902100171071986, lr=0.01",validation_search,full_rtx_pro_6000,False,cuda,NVIDIA RTX PRO 6000 Blackwell Server Edition,2.11.0+cu130,13.0,True
hyperparameter_search,ogbl_collab,gnn,de_opt,0.9261960535250648,0.874448927359999,0.8493478423827491,,,,0.26173605024814606,False,456,0.5749605731107295,2483.53125,1743.87353515625,101.0,96.34230769230768,0.5699999999999932,0.0,"embedding_dim=48, hidden_dim=96, dropout=0.08902100171071986, lr=0.01",validation_search,full_rtx_pro_6000,False,cuda,NVIDIA RTX PRO 6000 Blackwell Server Edition,2.11.0+cu130,13.0,True
hyperparameter_search,ogbl_collab,gnn,de_opt,0.9274167823380601,0.8809437534099434,0.857118762649609,,,,0.27463615238666533,False,789,0.5745969209820032,2483.53125,1743.87353515625,101.5,96.51923076923076,0.5800000000000409,0.0,"embedding_dim=48, hidden_dim=96, dropout=0.08902100171071986, lr=0.01",validation_search,full_rtx_pro_6000,False,cuda,NVIDIA RTX PRO 6000 Blackwell Server Edition,2.11.0+cu130,13.0,True
hyperparameter_search,ogbl_collab,gnn,de_opt,0.9308362747986152,0.8879012324535476,0.8502536168511532,,,,0.24354134649038314,False,2026,0.5754626640118659,2483.53125,1743.87353515625,101.0,96.16538461538461,0.5699999999999932,0.0,"embedding_dim=48, hidden_dim=96, dropout=0.08902100171071986, lr=0.01",validation_search,full_rtx_pro_6000,False,cuda,NVIDIA RTX PRO 6000 Blackwell Server Edition,2.11.0+cu130,13.0,True
hyperparameter_search,ogbl_collab,gnn,de_opt,0.9250573589474735,0.8700016550997758,0.8508970290597436,0.9111918667573224,0.8165362486216619,0.8395943387845198,0.2651091292500496,True,42,0.8795901408884674,2483.53125,1743.87353515625,101.0,96.51923076923079,0.8700000000000045,0.0,"Validation-selected configuration: embedding_dim=48, hidden_dim=96, dropout=0.04680588679780789, lr=0.01",final_test,full_rtx_pro_6000,False,cuda,NVIDIA RTX PRO 6000 Blackwell Server Edition,2.11.0+cu130,13.0,True
hyperparameter_search,ogbl_collab,gnn,de_opt,0.9388105677884295,0.9086597987244928,0.8725606556557807,0.9253018970839,0.8665202222694562,0.8633421946435772,0.2477517694234848,True,123,0.879878758918494,2483.53125,1743.87353515625,101.0,92.64615384615384,0.8700000000000045,0.0,"Validation-selected configuration: embedding_dim=48, hidden_dim=96, dropout=0.04680588679780789, lr=0.01",final_test,full_rtx_pro_6000,False,cuda,NVIDIA RTX PRO 6000 Blackwell Server Edition,2.11.0+cu130,13.0,True
hyperparameter_search,ogbl_collab,gnn,de_opt,0.9291340520770919,0.8869069198760045,0.8549449039254391,0.9159972157827712,0.8380376332384952,0.8446992735547978,0.26022213101387026,True,456,0.881151091074571,2483.53125,1743.87353515625,101.1,96.27307692307693,0.8700000000000045,0.0,"Validation-selected configuration: embedding_dim=48, hidden_dim=96, dropout=0.04680588679780789, lr=0.01",final_test,full_rtx_pro_6000,False,cuda,NVIDIA RTX PRO 6000 Blackwell Server Edition,2.11.0+cu130,13.0,True
hyperparameter_search,ogbl_collab,gnn,de_opt,0.9322854784135544,0.8982772995340779,0.8643462182354265,0.9180906615726652,0.8523821547042538,0.8541642463216451,0.24637456983327866,True,789,0.8802256959024817,2483.53125,1743.87353515625,100.9,92.56153846153848,0.8700000000000045,0.0,"Validation-selected configuration: embedding_dim=48, hidden_dim=96, dropout=0.04680588679780789, lr=0.01",final_test,full_rtx_pro_6000,False,cuda,NVIDIA RTX PRO 6000 Blackwell Server Edition,2.11.0+cu130,13.0,True
hyperparameter_search,ogbl_collab,gnn,de_opt,0.93316166317156,0.895512735227417,0.8561880012993178,0.9182617344427896,0.8454982192762798,0.8436605184208188,0.24425124377012253,True,2026,0.8800440959166735,2483.53125,1743.87353515625,189.7,96.25769230769231,0.8800000000000523,0.0,"Validation-selected configuration: embedding_dim=48, hidden_dim=96, dropout=0.04680588679780789, lr=0.01",final_test,full_rtx_pro_6000,False,cuda,NVIDIA RTX PRO 6000 Blackwell Server Edition,2.11.0+cu130,13.0,True
model_family,ogbl_collab,dnn,adam,0.9326074821083816,0.9001340568731984,0.8631843282276804,0.9211971695914007,0.8589779643659159,0.8563442653199298,0.26140885055065155,True,42,0.16603872296400368,2483.53515625,349.79345703125,770.8,91.77400000000004,0.160000000000025,0.0,,,full_rtx_pro_6000,False,cuda,NVIDIA RTX PRO 6000 Blackwell Server Edition,2.11.0+cu130,13.0,True
model_family,ogbl_collab,gnn,adam,0.9044681424339259,0.8303529658078227,0.8151408010794333,0.8929150442487428,0.7755320239366383,0.8027527011050442,0.3246816754341125,True,42,0.7831724078860134,2483.53515625,1221.26953125,147.8,95.81400000000004,0.7799999999999727,0.0,,,full_rtx_pro_6000,False,cuda,NVIDIA RTX PRO 6000 Blackwell Server Edition,2.11.0+cu130,13.0,True
model_family,ogbl_collab,rhmm,adam,0.8434695856634047,0.7256074701084467,0.7791284575597811,0.8343932614561074,0.659874384988334,0.7716788879852934,0.47996709048748015,True,42,1.6051106150262058,2483.53515625,425.0859375,150.7,98.604,1.6000000000000227,0.0,,,full_rtx_pro_6000,False,cuda,NVIDIA RTX PRO 6000 Blackwell Server Edition,2.11.0+cu130,13.0,True
model_family,ogbl_collab,psl_dnn,adam,0.9588716632547767,0.944488671432661,0.9032507933334999,0.9490593196486002,0.9176800139781488,0.8992954233268867,0.16728482842445375,True,42,1.8918675349559635,2483.53515625,349.79931640625,275.5,98.81199999999997,1.8700000000000045,0.019999999999999574,,,full_rtx_pro_6000,False,cuda,NVIDIA RTX PRO 6000 Blackwell Server Edition,2.11.0+cu130,13.0,True
model_family,ogbl_collab,gnn_bilstm,adam,0.8402680686205978,0.7247430944128548,0.7694897678718673,0.8311914783397008,0.6534176306748258,0.7605054363796651,0.47547465562820435,True,42,2.642069027060643,2483.53515625,1221.52734375,162.9,98.378,2.6299999999999955,0.010000000000001563,,,full_rtx_pro_6000,False,cuda,NVIDIA RTX PRO 6000 Blackwell Server Edition,2.11.0+cu130,13.0,True
model_family,ogbl_collab,rl_gnn,bandit_policy,0.9243487811230944,0.8835530424816563,0.852552409984758,0.9119744067430766,0.8368913794475935,0.8490456437206568,,True,42,1.5177923468872905,2483.59375,1221.26611328125,296.4,96.82199999999999,1.5199999999999818,0.0,selected_expert=residual,,full_rtx_pro_6000,False,cuda,NVIDIA RTX PRO 6000 Blackwell Server Edition,2.11.0+cu130,13.0,True
model_family,ogbl_collab,dnn,adam,0.9274044755675388,0.88786752357021,0.8555570825316708,0.9161450843963825,0.8444240919184749,0.8479658850945472,0.2679369017481804,True,123,0.16558673093095422,2483.59375,349.79345703125,774.2,101.084,0.17000000000001592,0.0,,,full_rtx_pro_6000,False,cuda,NVIDIA RTX PRO 6000 Blackwell Server Edition,2.11.0+cu130,13.0,True
model_family,ogbl_collab,gnn,adam,0.9116488344650822,0.8405846618336177,0.8212813273031658,0.8994275149474411,0.7844462317943892,0.8079601446056489,0.3118439853191376,True,123,0.7831172321457416,2483.59375,1221.26953125,147.7,96.00800000000002,0.7699999999999818,0.0,,,full_rtx_pro_6000,False,cuda,NVIDIA RTX PRO 6000 Blackwell Server Edition,2.11.0+cu130,13.0,True
model_family,ogbl_collab,rhmm,adam,0.845924956976899,0.7304740477233564,0.7859373828739912,0.8379522096311165,0.6679811491941843,0.7803579604863015,0.4699416756629944,True,123,1.6034316630102694,2483.59375,425.0859375,150.8,98.124,1.599999999999966,0.0,,,full_rtx_pro_6000,False,cuda,NVIDIA RTX PRO 6000 Blackwell Server Edition,2.11.0+cu130,13.0,True
model_family,ogbl_collab,psl_dnn,adam,0.958458460155782,0.9438295256059585,0.9035131555933135,0.9488271005201925,0.9172528351205206,0.8987418761831216,0.1676555633544922,True,123,1.8745422998908907,2483.59375,349.79931640625,141.4,99.89599999999997,1.8700000000000045,0.0,,,full_rtx_pro_6000,False,cuda,NVIDIA RTX PRO 6000 Blackwell Server Edition,2.11.0+cu130,13.0,True
model_family,ogbl_collab,gnn_bilstm,adam,0.8426433781872047,0.7258457138569475,0.7964443667074785,0.8348884384510782,0.6611897443784833,0.7947091827320627,0.4641297787427902,True,123,2.633145014056936,2483.59375,1221.52734375,162.4,96.77799999999999,2.6200000000000045,0.0,,,full_rtx_pro_6000,False,cuda,NVIDIA RTX PRO 6000 Blackwell Server Edition,2.11.0+cu130,13.0,True
model_family,ogbl_collab,rl_gnn,bandit_policy,0.9316425929531988,0.8958968985319475,0.861154144074361,0.9180217287228303,0.8487222297156124,0.8529341415577226,,True,123,1.426998520968482,2483.59375,1258.09619140625,337.6,101.56199999999998,1.420000000000016,0.009999999999999787,selected_expert=last,,full_rtx_pro_6000,False,cuda,NVIDIA RTX PRO 6000 Blackwell Server Edition,2.11.0+cu130,13.0,True
model_family,ogbl_collab,dnn,adam,0.93557675004993,0.9062653268235497,0.868843856975088,0.9244804005050831,0.8675308800830015,0.8633626963896425,0.2517093911767006,True,456,0.16574442898854613,2483.59375,349.79345703125,771.8,87.30999999999996,0.160000000000025,0.0,,,full_rtx_pro_6000,False,cuda,NVIDIA RTX PRO 6000 Blackwell Server Edition,2.11.0+cu130,13.0,True
model_family,ogbl_collab,gnn,adam,0.9224865271120432,0.8643099152457301,0.8378601234351966,0.9094924872110339,0.8114672169027315,0.8245323893418256,0.28017219603061677,True,456,0.7832517579663545,2483.59375,1221.26953125,147.8,98.698,0.7800000000000296,0.0,,,full_rtx_pro_6000,False,cuda,NVIDIA RTX PRO 6000 Blackwell Server Edition,2.11.0+cu130,13.0,True
model_family,ogbl_collab,rhmm,adam,0.8450276220790893,0.7240233664173847,0.7625684015891657,0.836078633577241,0.6581061359563158,0.7520040456778903,0.4906169712543488,True,456,1.6044467811007053,2483.59375,425.0859375,150.2,95.99600000000001,1.599999999999966,0.0,,,full_rtx_pro_6000,False,cuda,NVIDIA RTX PRO 6000 Blackwell Server Edition,2.11.0+cu130,13.0,True
model_family,ogbl_collab,psl_dnn,adam,0.9568131604087611,0.943665106130366,0.9018078009045252,0.9459837240173541,0.915755979787461,0.8961381544328192,0.16827675998210906,True,456,1.8762055209372193,2483.59375,349.79931640625,141.6,97.24400000000003,1.8700000000000045,0.0,,,full_rtx_pro_6000,False,cuda,NVIDIA RTX PRO 6000 Blackwell Server Edition,2.11.0+cu130,13.0,True
model_family,ogbl_collab,gnn_bilstm,adam,0.8430629297317089,0.7292200573714503,0.7926026336173508,0.8339073120507673,0.6612439767165951,0.7893377252629349,0.4782894879579544,True,456,2.6286295941099524,2483.59375,1221.52734375,162.5,97.084,2.6100000000000136,0.0,,,full_rtx_pro_6000,False,cuda,NVIDIA RTX PRO 6000 Blackwell Server Edition,2.11.0+cu130,13.0,True
model_family,ogbl_collab,rl_gnn,bandit_policy,0.9103255629618533,0.8399433404871859,0.8138289897803653,0.8960061927734249,0.7769943691224463,0.7985566770769977,,True,456,1.42442072997801,2483.59375,1214.06787109375,189.4,98.386,1.419999999999959,0.0,selected_expert=last,,full_rtx_pro_6000,False,cuda,NVIDIA RTX PRO 6000 Blackwell Server Edition,2.11.0+cu130,13.0,True
model_family,ogbl_collab,dnn,adam,0.9296802948372279,0.8952772894793506,0.8627657979560731,0.9176977634958665,0.8525861656412255,0.8586882982867374,0.27419681251049044,True,789,0.16558914398774505,2483.59375,349.79345703125,778.7,92.38,0.15999999999996817,0.0,,,full_rtx_pro_6000,False,cuda,NVIDIA RTX PRO 6000 Blackwell Server Edition,2.11.0+cu130,13.0,True
model_family,ogbl_collab,gnn,adam,0.9104089438119964,0.8294471412932789,0.8302141375777716,0.897292791016426,0.7686632756573879,0.8171039233508054,0.29709369838237765,True,789,0.7831495460122824,2483.59375,1221.26953125,147.8,96.00800000000002,0.7699999999999818,0.0,,,full_rtx_pro_6000,False,cuda,NVIDIA RTX PRO 6000 Blackwell Server Edition,2.11.0+cu130,13.0,True
model_family,ogbl_collab,rhmm,adam,0.8428795068570666,0.7238483248485834,0.7707953324504635,0.8331027356515357,0.6564106773111481,0.7617970463817835,0.4825714945793152,True,789,1.6011823148000985,2483.59375,425.0859375,150.0,96.05400000000002,1.5900000000000318,0.0,,,full_rtx_pro_6000,False,cuda,NVIDIA RTX PRO 6000 Blackwell Server Edition,2.11.0+cu130,13.0,True
model_family,ogbl_collab,psl_dnn,adam,0.9585369643332668,0.9451905634538492,0.9032195597311411,0.9484203913315633,0.9186311135112636,0.8974707679270685,0.16650909334421157,True,789,1.8741034960839897,2483.69140625,349.79931640625,140.3,97.05600000000004,1.8700000000000045,0.0,,,full_rtx_pro_6000,False,cuda,NVIDIA RTX PRO 6000 Blackwell Server Edition,2.11.0+cu130,13.0,True
model_family,ogbl_collab,gnn_bilstm,adam,0.8466273854936422,0.7284215852153416,0.7977436845656031,0.8374443317360616,0.6612504220099193,0.7971010531063563,0.4758975148200989,True,789,2.613552947062999,2483.69140625,1221.52734375,162.3,98.42000000000003,2.609999999999957,0.0,,,full_rtx_pro_6000,False,cuda,NVIDIA RTX PRO 6000 Blackwell Server Edition,2.11.0+cu130,13.0,True
model_family,ogbl_collab,rl_gnn,bandit_policy,0.8905163322182279,0.7963501880306139,0.8193385972364509,0.8754133203824817,0.7280341526755688,0.8131470863601884,,True,789,1.425792028894648,2483.69140625,1214.06787109375,305.3,97.00600000000001,1.420000000000016,0.0,selected_expert=last,,full_rtx_pro_6000,False,cuda,NVIDIA RTX PRO 6000 Blackwell Server Edition,2.11.0+cu130,13.0,True
model_family,ogbl_collab,dnn,adam,0.928123219575927,0.8901710311002967,0.8595737237950076,0.9163326631267672,0.8462652159965884,0.8544102672744296,0.25801328122615813,True,2026,0.16565841995179653,2483.69140625,349.79345703125,773.8,91.16399999999999,0.160000000000025,0.0,,,full_rtx_pro_6000,False,cuda,NVIDIA RTX PRO 6000 Blackwell Server Edition,2.11.0+cu130,13.0,True
model_family,ogbl_collab,gnn,adam,0.9105842836695293,0.829272089546734,0.8310074710776842,0.8953192224092901,0.7636811030484824,0.8168989058901517,0.2845657765865326,True,2026,0.7829839389305562,2483.69140625,1221.26953125,294.6,98.88999999999997,0.7800000000000296,0.009999999999999787,,,full_rtx_pro_6000,False,cuda,NVIDIA RTX PRO 6000 Blackwell Server Edition,2.11.0+cu130,13.0,True
model_family,ogbl_collab,rhmm,adam,0.8423328842121031,0.7202799608174599,0.7571150146173259,0.8334073289947981,0.6534359462317919,0.7457578470433065,0.4812882125377655,True,2026,1.6037554079666734,2483.69140625,425.0859375,150.6,98.78400000000003,1.6000000000000227,0.0,,,full_rtx_pro_6000,False,cuda,NVIDIA RTX PRO 6000 Blackwell Server Edition,2.11.0+cu130,13.0,True
model_family,ogbl_collab,psl_dnn,adam,0.9568341334631516,0.942522077713597,0.9017703205816946,0.9461802916100066,0.9144324572886835,0.8962201614170807,0.1686708703637123,True,2026,1.8813699749298394,2483.69140625,349.79931640625,277.9,98.39200000000001,1.8599999999999568,0.009999999999999787,,,full_rtx_pro_6000,False,cuda,NVIDIA RTX PRO 6000 Blackwell Server Edition,2.11.0+cu130,13.0,True
model_family,ogbl_collab,gnn_bilstm,adam,0.8409058623760068,0.7190901317922382,0.7864933409959771,0.8323697762740401,0.6530826886746345,0.7813078747206638,0.47670800387859347,True,2026,2.621565924026072,2483.69140625,1221.52734375,162.8,96.92599999999999,2.6100000000000136,0.0,,,full_rtx_pro_6000,False,cuda,NVIDIA RTX PRO 6000 Blackwell Server Edition,2.11.0+cu130,13.0,True
model_family,ogbl_collab,rl_gnn,bandit_policy,0.9182910556887025,0.8615528271838724,0.8474176057569776,0.9052334566901942,0.808389132189651,0.8425124206411579,,True,2026,1.468743422999978,2483.69140625,1214.06787109375,304.3,98.89599999999999,1.4700000000000273,0.0,selected_expert=mean,,full_rtx_pro_6000,False,cuda,NVIDIA RTX PRO 6000 Blackwell Server Edition,2.11.0+cu130,13.0,True
