suite,dataset,model,method,val_auc,val_ap,val_accuracy,test_auc,test_ap,test_accuracy,loss_tail,evaluated_on_test,seed,wall_time_sec,peak_ram_mb,peak_gpu_mb,peak_cpu_percent,avg_cpu_percent,cpu_user_sec,cpu_system_sec,notes,selection_stage
optimizer_training,movielens_100k,dnn,adam,0.53549090625,0.5123682144577861,0.487875,0.51543846875,0.5002475954553927,0.483875,0.2697913348674774,True,42,0.8611695999279618,680.74609375,0.0,235.2,2.708474576271186,1.21875,1.890625,,
optimizer_training,movielens_100k,dnn,sgd,0.52439640625,0.5207803463861455,0.500125,0.5142200625000001,0.5126192324476598,0.500125,0.6932055294513703,True,42,0.6909265000140294,681.21875,0.0,390.6,2.758757062146892,0.953125,1.5,,
optimizer_training,movielens_100k,dnn,pso,0.491606,0.4919277997232253,0.492375,0.52158775,0.5120428756029574,0.51875,,True,42,0.631380399921909,697.95703125,0.0,1041.7,399.8,0.8125,1.53125,Population-based training on the same neural recommender.,
optimizer_training,movielens_100k,dnn,evolutionary,0.5222259375,0.5205745735294698,0.5,0.51376134375,0.5119980614323656,0.5,,True,42,0.6104372000554577,693.6796875,0.0,504.0,350.355,0.921875,1.296875,Population-based training on the same neural recommender.,
optimizer_training,movielens_100k,dnn,adam,0.52804096875,0.5033119295553621,0.483625,0.4997201875,0.493655500103306,0.481625,0.2746465623378754,True,123,0.7914970000274479,681.71484375,0.0,488.3,2.7587570621468926,1.25,1.671875,,
optimizer_training,movielens_100k,dnn,sgd,0.44789215625,0.4676106265309581,0.5,0.44248321875,0.4694716917794599,0.5,0.6932294845581055,True,123,0.6934662000276148,681.734375,0.0,293.0,1.655367231638418,0.96875,1.453125,,
optimizer_training,movielens_100k,dnn,pso,0.47776265625000003,0.474349902897519,0.48175,0.50510396875,0.5022741466124486,0.499,,True,123,0.6913840000052005,698.43359375,0.0,565.2,337.3318181818182,0.734375,1.671875,Population-based training on the same neural recommender.,
optimizer_training,movielens_100k,dnn,evolutionary,0.44788965625,0.46774699787562496,0.5,0.4440794375,0.4710901913765593,0.5,,True,123,0.6792057999409735,693.75,0.0,585.9,332.44,0.8125,1.40625,Population-based training on the same neural recommender.,
optimizer_training,movielens_100k,dnn,adam,0.5328189999999999,0.5068821688332207,0.487875,0.5253535625,0.501280408267569,0.48425,0.2582503199577332,True,456,0.7895908000646159,681.66796875,0.0,293.0,3.3474576271186463,1.109375,1.609375,,
optimizer_training,movielens_100k,dnn,sgd,0.50229184375,0.5084596674596238,0.50025,0.5371013125,0.5261996095607792,0.5,0.6932111978530884,True,456,0.7437176000094041,681.91796875,0.0,97.7,0.5519774011299435,1.03125,1.59375,,
optimizer_training,movielens_100k,dnn,pso,0.5268248125,0.5354220217625743,0.51875,0.54281009375,0.5333819376394573,0.525375,,True,456,0.6137370999203995,698.6171875,0.0,878.9,371.43636363636364,0.71875,1.46875,Population-based training on the same neural recommender.,
optimizer_training,movielens_100k,dnn,evolutionary,0.5406704375,0.5288276911916889,0.520875,0.5248495,0.5202176823670177,0.514625,,True,456,0.5963925999822095,694.18359375,0.0,453.6,331.805,0.75,1.3125,Population-based training on the same neural recommender.,
optimizer_training,movielens_100k,dnn,adam,0.51015275,0.4966201659795625,0.48625,0.49284293749999997,0.4878959866664711,0.483125,0.26274816393852235,True,789,0.7782957999734208,682.16796875,0.0,390.6,2.2067796610169492,1.140625,1.703125,,
optimizer_training,movielens_100k,dnn,sgd,0.49613359375,0.4918407194908698,0.5,0.4639615625,0.4673058494739986,0.5,0.6931621134281158,True,789,0.693442500079982,682.21875,0.0,390.6,2.2067796610169492,1.078125,1.53125,,
optimizer_training,movielens_100k,dnn,pso,0.552028,0.5477352979708432,0.541125,0.54467678125,0.5496405323030682,0.52775,,True,789,0.6515551999909803,698.921875,0.0,453.6,344.86363636363643,0.671875,1.6875,Population-based training on the same neural recommender.,
optimizer_training,movielens_100k,dnn,evolutionary,0.49319296874999996,0.48925440047282587,0.5,0.46176721875,0.46574773327044316,0.5,,True,789,0.6154324999079108,694.30078125,0.0,604.8,315.54,0.71875,1.3125,Population-based training on the same neural recommender.,
optimizer_training,movielens_100k,dnn,adam,0.5052498750000001,0.49427344185859434,0.48675,0.4705033125,0.4799578143106303,0.4845,0.25515174120664597,True,2026,0.7746436999877915,682.28515625,0.0,488.3,2.7587570621468926,1.1875,1.734375,,
optimizer_training,movielens_100k,dnn,sgd,0.4649875625,0.4813704201320389,0.50275,0.47888028125000004,0.47420907842361915,0.495625,0.6930612325668335,True,2026,0.7188413999974728,682.28515625,0.0,390.6,4.96553672316384,1.078125,1.46875,,
optimizer_training,movielens_100k,dnn,pso,0.49461524999999995,0.4963102991966846,0.48925,0.49044359375,0.4877250768170898,0.494875,,True,2026,0.5819124999688938,699.109375,0.0,878.9,362.5272727272727,0.703125,1.28125,Population-based training on the same neural recommender.,
optimizer_training,movielens_100k,dnn,evolutionary,0.46199671875000003,0.47856256342938985,0.5,0.47660781250000006,0.47247400251552707,0.5,,True,2026,0.6773315999889746,694.47265625,0.0,634.8,334.655,0.96875,1.3125,Population-based training on the same neural recommender.,
hyperparameter_search,movielens_100k,dnn,grid_search,0.6782105,0.6203889184230518,0.639,,,,0.6776061177253723,False,42,0.2960983000230044,682.45703125,0.0,97.7,1.5758064516129033,0.359375,0.515625,"embedding_dim=16, hidden_dim=32, dropout=0.0, lr=0.000630957344480193",validation_search
hyperparameter_search,movielens_100k,dnn,grid_search,0.5758251249999999,0.5317930780761054,0.492,,,,0.6813749074935913,False,123,0.2754417998949066,682.45703125,0.0,0.0,0.0,0.40625,0.4375,"embedding_dim=16, hidden_dim=32, dropout=0.0, lr=0.000630957344480193",validation_search
hyperparameter_search,movielens_100k,dnn,grid_search,0.601719875,0.5616626821142762,0.52725,,,,0.6745861232280731,False,456,0.24456629995256662,682.45703125,0.0,97.7,1.5758064516129031,0.375,0.390625,"embedding_dim=16, hidden_dim=32, dropout=0.0, lr=0.000630957344480193",validation_search
hyperparameter_search,movielens_100k,dnn,grid_search,0.64221034375,0.587484601358135,0.609,,,,0.6735888361930847,False,789,0.24712990003172308,682.45703125,0.0,0.0,0.0,0.28125,0.5625,"embedding_dim=16, hidden_dim=32, dropout=0.0, lr=0.000630957344480193",validation_search
hyperparameter_search,movielens_100k,dnn,grid_search,0.57965221875,0.5330595218893452,0.489625,,,,0.6744434654712677,False,2026,0.2436458000447601,682.45703125,0.0,0.0,0.0,0.34375,0.453125,"embedding_dim=16, hidden_dim=32, dropout=0.0, lr=0.000630957344480193",validation_search
hyperparameter_search,movielens_100k,dnn,grid_search,0.5706069375,0.530125760146126,0.48275,,,,0.2874919593334198,False,42,0.24374790000729263,682.45703125,0.0,390.6,6.300000000000001,0.390625,0.5,"embedding_dim=16, hidden_dim=32, dropout=0.0, lr=0.01",validation_search
hyperparameter_search,movielens_100k,dnn,grid_search,0.5556167812499999,0.5234896748510381,0.48875,,,,0.30168649554252625,False,123,0.2413250000681728,682.45703125,0.0,0.0,0.0,0.421875,0.546875,"embedding_dim=16, hidden_dim=32, dropout=0.0, lr=0.01",validation_search
hyperparameter_search,movielens_100k,dnn,grid_search,0.55018625,0.5163287071113076,0.480875,,,,0.29786035418510437,False,456,0.24168920004740357,682.45703125,0.0,0.0,0.0,0.34375,0.46875,"embedding_dim=16, hidden_dim=32, dropout=0.0, lr=0.01",validation_search
hyperparameter_search,movielens_100k,dnn,grid_search,0.5319345,0.5109827310621652,0.484375,,,,0.2920899659395218,False,789,0.2413278000894934,682.45703125,0.0,0.0,0.0,0.3125,0.484375,"embedding_dim=16, hidden_dim=32, dropout=0.0, lr=0.01",validation_search
hyperparameter_search,movielens_100k,dnn,grid_search,0.5547245,0.5192162320530502,0.484375,,,,0.28694863617420197,False,2026,0.24492369999643415,682.45703125,0.0,416.7,6.720967741935484,0.390625,0.46875,"embedding_dim=16, hidden_dim=32, dropout=0.0, lr=0.01",validation_search
hyperparameter_search,movielens_100k,dnn,grid_search,0.6692567812500001,0.6205401650753015,0.62825,,,,0.6824342012405396,False,42,0.28316170000471175,682.45703125,0.0,195.3,3.15,0.3125,0.640625,"embedding_dim=16, hidden_dim=32, dropout=0.35, lr=0.000630957344480193",validation_search
hyperparameter_search,movielens_100k,dnn,grid_search,0.5448200624999999,0.5119469321955974,0.490625,,,,0.6838391661643982,False,123,0.27019680000375956,682.45703125,0.0,97.7,1.5758064516129033,0.375,0.59375,"embedding_dim=16, hidden_dim=32, dropout=0.35, lr=0.000630957344480193",validation_search
hyperparameter_search,movielens_100k,dnn,grid_search,0.5944010937499999,0.5589633719686726,0.526625,,,,0.6776450753211976,False,456,0.26643129996955395,682.45703125,0.0,0.0,0.0,0.328125,0.5625,"embedding_dim=16, hidden_dim=32, dropout=0.35, lr=0.000630957344480193",validation_search
hyperparameter_search,movielens_100k,dnn,grid_search,0.65529025,0.604868775077233,0.62,,,,0.6791334807872772,False,789,0.2673140000551939,682.45703125,0.0,97.7,3.151612903225806,0.46875,0.484375,"embedding_dim=16, hidden_dim=32, dropout=0.35, lr=0.000630957344480193",validation_search
hyperparameter_search,movielens_100k,dnn,grid_search,0.5731275312499999,0.5289144092286656,0.488125,,,,0.6783665418624878,False,2026,0.2640629999805242,682.45703125,0.0,97.7,1.575806451612903,0.34375,0.515625,"embedding_dim=16, hidden_dim=32, dropout=0.35, lr=0.000630957344480193",validation_search
hyperparameter_search,movielens_100k,dnn,grid_search,0.55447025,0.5198853849029161,0.480125,,,,0.30189467072486875,False,42,0.27423690003342927,682.45703125,0.0,488.3,7.875806451612904,0.4375,0.53125,"embedding_dim=16, hidden_dim=32, dropout=0.35, lr=0.01",validation_search
hyperparameter_search,movielens_100k,dnn,grid_search,0.529059375,0.5086614800492042,0.481375,,,,0.3114390403032303,False,123,0.27304340002592653,682.45703125,0.0,312.5,5.040322580645162,0.4375,0.484375,"embedding_dim=16, hidden_dim=32, dropout=0.35, lr=0.01",validation_search
hyperparameter_search,movielens_100k,dnn,grid_search,0.54988553125,0.5171868954893315,0.48125,,,,0.30807630717754364,False,456,0.2649212999967858,682.45703125,0.0,195.3,3.1500000000000004,0.453125,0.6875,"embedding_dim=16, hidden_dim=32, dropout=0.35, lr=0.01",validation_search
hyperparameter_search,movielens_100k,dnn,grid_search,0.5420044374999999,0.5177124292212976,0.47975,,,,0.3031948506832123,False,789,0.26797660009469837,682.45703125,0.0,293.0,4.725806451612903,0.375,0.640625,"embedding_dim=16, hidden_dim=32, dropout=0.35, lr=0.01",validation_search
hyperparameter_search,movielens_100k,dnn,grid_search,0.5345095625,0.5088075933808753,0.479875,,,,0.2984849810600281,False,2026,0.2664749000687152,682.45703125,0.0,0.0,0.0,0.4375,0.609375,"embedding_dim=16, hidden_dim=32, dropout=0.35, lr=0.01",validation_search
hyperparameter_search,movielens_100k,dnn,grid_search,0.67253440625,0.6222274822627286,0.57775,,,,0.6658437848091125,False,42,0.280737700057216,685.19140625,0.0,416.7,8.296774193548387,0.359375,0.65625,"embedding_dim=16, hidden_dim=96, dropout=0.0, lr=0.000630957344480193",validation_search
hyperparameter_search,movielens_100k,dnn,grid_search,0.64255334375,0.5856685517702531,0.538375,,,,0.6523325026035309,False,123,0.2969240000238642,685.19140625,0.0,0.0,0.0,0.421875,0.6875,"embedding_dim=16, hidden_dim=96, dropout=0.0, lr=0.000630957344480193",validation_search
hyperparameter_search,movielens_100k,dnn,grid_search,0.57035615625,0.5349712865366814,0.496,,,,0.6663676917552948,False,456,0.27637550001963973,685.19140625,0.0,0.0,0.0,0.453125,0.5625,"embedding_dim=16, hidden_dim=96, dropout=0.0, lr=0.000630957344480193",validation_search
hyperparameter_search,movielens_100k,dnn,grid_search,0.63203925,0.5817079187024877,0.54725,,,,0.6649475574493409,False,789,0.2659246999537572,685.19140625,0.0,416.7,6.720967741935484,0.40625,0.640625,"embedding_dim=16, hidden_dim=96, dropout=0.0, lr=0.000630957344480193",validation_search
hyperparameter_search,movielens_100k,dnn,grid_search,0.52565471875,0.5035964308638592,0.472875,,,,0.6548562109470367,False,2026,0.2697945999680087,685.19140625,0.0,0.0,0.0,0.34375,0.5,"embedding_dim=16, hidden_dim=96, dropout=0.0, lr=0.000630957344480193",validation_search
hyperparameter_search,movielens_100k,dnn,grid_search,0.54228778125,0.5082217520832512,0.479125,,,,0.28372288346290586,False,42,0.27563700010068715,685.19140625,0.0,0.0,0.0,0.375,0.5625,"embedding_dim=16, hidden_dim=96, dropout=0.0, lr=0.01",validation_search
hyperparameter_search,movielens_100k,dnn,grid_search,0.5200700312500001,0.50248768352039,0.482875,,,,0.29223997294902804,False,123,0.2717279000207782,685.19140625,0.0,104.2,1.680645161290323,0.390625,0.5625,"embedding_dim=16, hidden_dim=96, dropout=0.0, lr=0.01",validation_search
hyperparameter_search,movielens_100k,dnn,grid_search,0.52525975,0.5019474801503075,0.480125,,,,0.2984661400318146,False,456,0.26798759994562715,685.19140625,0.0,0.0,0.0,0.375,0.59375,"embedding_dim=16, hidden_dim=96, dropout=0.0, lr=0.01",validation_search
hyperparameter_search,movielens_100k,dnn,grid_search,0.5143855625,0.49932094195350574,0.482375,,,,0.2901425242424011,False,789,0.27098120003938675,685.19140625,0.0,0.0,0.0,0.484375,0.5625,"embedding_dim=16, hidden_dim=96, dropout=0.0, lr=0.01",validation_search
hyperparameter_search,movielens_100k,dnn,grid_search,0.48337534375,0.48152471986652456,0.48425,,,,0.2825846910476685,False,2026,0.26950090005993843,685.19140625,0.0,104.2,1.680645161290323,0.375,0.5625,"embedding_dim=16, hidden_dim=96, dropout=0.0, lr=0.01",validation_search
hyperparameter_search,movielens_100k,dnn,grid_search,0.6838343124999999,0.6406146127165662,0.6005,,,,0.6726109445095062,False,42,0.3348721000365913,685.31640625,0.0,293.0,7.982258064516129,0.59375,0.71875,"embedding_dim=16, hidden_dim=96, dropout=0.35, lr=0.000630957344480193",validation_search
hyperparameter_search,movielens_100k,dnn,grid_search,0.63743390625,0.5826360301819069,0.541375,,,,0.6607293665409089,False,123,0.34110099996905774,685.31640625,0.0,208.3,6.511290322580645,0.5625,0.5625,"embedding_dim=16, hidden_dim=96, dropout=0.35, lr=0.000630957344480193",validation_search
hyperparameter_search,movielens_100k,dnn,grid_search,0.575964375,0.541365346500075,0.505125,,,,0.6734867870807648,False,456,0.33416399999987334,685.37890625,0.0,312.5,9.766129032258064,0.578125,0.6875,"embedding_dim=16, hidden_dim=96, dropout=0.35, lr=0.000630957344480193",validation_search
hyperparameter_search,movielens_100k,dnn,grid_search,0.64024240625,0.5948782316301591,0.558375,,,,0.6711964130401611,False,789,0.344398699933663,685.37890625,0.0,390.6,7.875806451612903,0.5625,0.65625,"embedding_dim=16, hidden_dim=96, dropout=0.35, lr=0.000630957344480193",validation_search
hyperparameter_search,movielens_100k,dnn,grid_search,0.5141230625,0.49598948053302183,0.473875,,,,0.6641714990139007,False,2026,0.33734199998434633,685.37890625,0.0,488.3,11.132258064516131,0.609375,0.5625,"embedding_dim=16, hidden_dim=96, dropout=0.35, lr=0.000630957344480193",validation_search
hyperparameter_search,movielens_100k,dnn,grid_search,0.5389528124999999,0.5075375654829394,0.479,,,,0.2881161242723465,False,42,0.3318176999455318,685.37890625,0.0,390.6,6.3,0.546875,0.703125,"embedding_dim=16, hidden_dim=96, dropout=0.35, lr=0.01",validation_search
hyperparameter_search,movielens_100k,dnn,grid_search,0.525660375,0.5042131001865965,0.482,,,,0.3003330171108246,False,123,0.33805470005609095,685.37890625,0.0,390.6,9.556451612903228,0.578125,0.71875,"embedding_dim=16, hidden_dim=96, dropout=0.35, lr=0.01",validation_search
hyperparameter_search,movielens_100k,dnn,grid_search,0.51603078125,0.497604346612887,0.483125,,,,0.3032222598791122,False,456,0.3366421000100672,685.37890625,0.0,416.7,19.320967741935483,0.453125,0.6875,"embedding_dim=16, hidden_dim=96, dropout=0.35, lr=0.01",validation_search
hyperparameter_search,movielens_100k,dnn,grid_search,0.50805259375,0.4958473019949476,0.482375,,,,0.29461610317230225,False,789,0.3385210999986157,685.37890625,0.0,390.6,11.025806451612906,0.546875,0.734375,"embedding_dim=16, hidden_dim=96, dropout=0.35, lr=0.01",validation_search
hyperparameter_search,movielens_100k,dnn,grid_search,0.48983884375,0.4842411329314145,0.484375,,,,0.2862877696752548,False,2026,0.3386158000212163,685.37890625,0.0,390.6,7.875806451612908,0.515625,0.765625,"embedding_dim=16, hidden_dim=96, dropout=0.35, lr=0.01",validation_search
hyperparameter_search,movielens_100k,dnn,grid_search,0.6324631875000001,0.5754867752884147,0.518625,,,,0.6505763232707977,False,42,0.2819696000078693,685.73046875,0.0,390.6,7.980645161290323,0.453125,0.53125,"embedding_dim=32, hidden_dim=32, dropout=0.0, lr=0.000630957344480193",validation_search
hyperparameter_search,movielens_100k,dnn,grid_search,0.64245125,0.5865863967766554,0.549875,,,,0.6481697082519531,False,123,0.276086000027135,685.73046875,0.0,416.7,8.401612903225807,0.546875,0.625,"embedding_dim=32, hidden_dim=32, dropout=0.0, lr=0.000630957344480193",validation_search
hyperparameter_search,movielens_100k,dnn,grid_search,0.64702975,0.587662908131578,0.564,,,,0.6686207592487335,False,456,0.2828278000233695,685.73046875,0.0,0.0,0.0,0.390625,0.4375,"embedding_dim=32, hidden_dim=32, dropout=0.0, lr=0.000630957344480193",validation_search
hyperparameter_search,movielens_100k,dnn,grid_search,0.6229313125,0.5706892258992529,0.573625,,,,0.6585340082645417,False,789,0.2799957999959588,685.73046875,0.0,0.0,0.0,0.390625,0.640625,"embedding_dim=32, hidden_dim=32, dropout=0.0, lr=0.000630957344480193",validation_search
hyperparameter_search,movielens_100k,dnn,grid_search,0.6442296875,0.5929482918380735,0.605625,,,,0.6681564807891845,False,2026,0.28068760002497584,685.73046875,0.0,0.0,0.0,0.421875,0.640625,"embedding_dim=32, hidden_dim=32, dropout=0.0, lr=0.000630957344480193",validation_search
hyperparameter_search,movielens_100k,dnn,grid_search,0.53757,0.5089278201875809,0.481125,,,,0.2833048075437546,False,42,0.2754768000449985,685.73046875,0.0,0.0,0.0,0.515625,0.65625,"embedding_dim=32, hidden_dim=32, dropout=0.0, lr=0.01",validation_search
hyperparameter_search,movielens_100k,dnn,grid_search,0.5193528125,0.4995812372886607,0.4825,,,,0.29380978345870973,False,123,0.27911610004957765,685.73046875,0.0,0.0,0.0,0.578125,0.515625,"embedding_dim=32, hidden_dim=32, dropout=0.0, lr=0.01",validation_search
hyperparameter_search,movielens_100k,dnn,grid_search,0.5466651875,0.5130867611474925,0.48325,,,,0.29965267777442933,False,456,0.28051339997909963,685.73046875,0.0,104.2,1.6806451612903226,0.40625,0.546875,"embedding_dim=32, hidden_dim=32, dropout=0.0, lr=0.01",validation_search
hyperparameter_search,movielens_100k,dnn,grid_search,0.54340934375,0.5131650150698336,0.4825,,,,0.29355059564113617,False,789,0.2782180999638513,685.73046875,0.0,488.3,7.875806451612903,0.453125,0.625,"embedding_dim=32, hidden_dim=32, dropout=0.0, lr=0.01",validation_search
hyperparameter_search,movielens_100k,dnn,grid_search,0.51365684375,0.494876259746805,0.48325,,,,0.28473109006881714,False,2026,0.27772409992758185,685.73046875,0.0,195.3,3.1500000000000004,0.390625,0.453125,"embedding_dim=32, hidden_dim=32, dropout=0.0, lr=0.01",validation_search
hyperparameter_search,movielens_100k,dnn,grid_search,0.64385575,0.5894460490382196,0.54425,,,,0.6622090578079224,False,42,0.309408999979496,685.73046875,0.0,0.0,0.0,0.578125,0.5,"embedding_dim=32, hidden_dim=32, dropout=0.35, lr=0.000630957344480193",validation_search
hyperparameter_search,movielens_100k,dnn,grid_search,0.64078715625,0.5891226039040127,0.56375,,,,0.657870602607727,False,123,0.3046428000088781,685.73046875,0.0,390.6,12.600000000000001,0.546875,0.640625,"embedding_dim=32, hidden_dim=32, dropout=0.35, lr=0.000630957344480193",validation_search
hyperparameter_search,movielens_100k,dnn,grid_search,0.6520531875,0.5980886924360567,0.593875,,,,0.6738512694835663,False,456,0.3009948000544682,685.73046875,0.0,0.0,0.0,0.46875,0.609375,"embedding_dim=32, hidden_dim=32, dropout=0.35, lr=0.000630957344480193",validation_search
hyperparameter_search,movielens_100k,dnn,grid_search,0.61324396875,0.5639419368275962,0.58175,,,,0.6657729625701905,False,789,0.30642660008743405,685.73046875,0.0,104.2,3.2564516129032257,0.375,0.765625,"embedding_dim=32, hidden_dim=32, dropout=0.35, lr=0.000630957344480193",validation_search
hyperparameter_search,movielens_100k,dnn,grid_search,0.6398431249999998,0.5970610422261511,0.614375,,,,0.6760216653347015,False,2026,0.30220270005520433,685.73046875,0.0,97.7,3.151612903225806,0.484375,0.5625,"embedding_dim=32, hidden_dim=32, dropout=0.35, lr=0.000630957344480193",validation_search
hyperparameter_search,movielens_100k,dnn,grid_search,0.5376548124999999,0.50781720730243,0.478,,,,0.2968020707368851,False,42,0.31003940000664443,685.73046875,0.0,312.5,6.720967741935484,0.40625,0.640625,"embedding_dim=32, hidden_dim=32, dropout=0.35, lr=0.01",validation_search
hyperparameter_search,movielens_100k,dnn,grid_search,0.5199457187500001,0.49536415335413797,0.481375,,,,0.303981351852417,False,123,0.30620869994163513,685.73046875,0.0,195.3,4.725806451612905,0.578125,0.484375,"embedding_dim=32, hidden_dim=32, dropout=0.35, lr=0.01",validation_search
hyperparameter_search,movielens_100k,dnn,grid_search,0.5550798125,0.5208156878271526,0.47925,,,,0.31350856721401216,False,456,0.300094100064598,685.73046875,0.0,0.0,0.0,0.421875,0.734375,"embedding_dim=32, hidden_dim=32, dropout=0.35, lr=0.01",validation_search
hyperparameter_search,movielens_100k,dnn,grid_search,0.5276549687500001,0.5065589342638022,0.48325,,,,0.3030561894178391,False,789,0.3024889000225812,685.73046875,0.0,293.0,4.725806451612903,0.546875,0.421875,"embedding_dim=32, hidden_dim=32, dropout=0.35, lr=0.01",validation_search
hyperparameter_search,movielens_100k,dnn,grid_search,0.5163196875,0.49467817800096175,0.48,,,,0.2973295390605927,False,2026,0.3043254999211058,685.73046875,0.0,488.3,11.13225806451613,0.40625,0.71875,"embedding_dim=32, hidden_dim=32, dropout=0.35, lr=0.01",validation_search
hyperparameter_search,movielens_100k,dnn,grid_search,0.6601707812500001,0.6057740323632073,0.57575,,,,0.624393779039383,False,42,0.31627640000078827,688.47265625,0.0,488.3,20.475806451612904,0.578125,0.703125,"embedding_dim=32, hidden_dim=96, dropout=0.0, lr=0.000630957344480193",validation_search
hyperparameter_search,movielens_100k,dnn,grid_search,0.65451965625,0.5939847165122071,0.55175,,,,0.6241460323333741,False,123,0.31114950007759035,688.47265625,0.0,0.0,0.0,0.453125,0.71875,"embedding_dim=32, hidden_dim=96, dropout=0.0, lr=0.000630957344480193",validation_search
hyperparameter_search,movielens_100k,dnn,grid_search,0.6456025625,0.5897222396682191,0.535875,,,,0.6273208379745483,False,456,0.3141699000261724,688.47265625,0.0,293.0,7.877419354838709,0.609375,0.640625,"embedding_dim=32, hidden_dim=96, dropout=0.0, lr=0.000630957344480193",validation_search
hyperparameter_search,movielens_100k,dnn,grid_search,0.62920540625,0.5738467168926517,0.527,,,,0.6250519573688507,False,789,0.3214058999437839,688.47265625,0.0,195.3,4.725806451612905,0.484375,0.59375,"embedding_dim=32, hidden_dim=96, dropout=0.0, lr=0.000630957344480193",validation_search
hyperparameter_search,movielens_100k,dnn,grid_search,0.638251625,0.5825775246027771,0.513,,,,0.6129386007785798,False,2026,0.32828380004502833,688.47265625,0.0,520.8,14.700000000000003,0.4375,0.609375,"embedding_dim=32, hidden_dim=96, dropout=0.0, lr=0.000630957344480193",validation_search
hyperparameter_search,movielens_100k,dnn,grid_search,0.5164123125000001,0.4973523335242975,0.48,,,,0.280835235118866,False,42,0.3205535999732092,688.47265625,0.0,312.5,5.040322580645161,0.53125,0.640625,"embedding_dim=32, hidden_dim=96, dropout=0.0, lr=0.01",validation_search
hyperparameter_search,movielens_100k,dnn,grid_search,0.5298978125,0.5073295874993282,0.48125,,,,0.28991361856460574,False,123,0.32637180003803223,688.47265625,0.0,0.0,0.0,0.484375,0.625,"embedding_dim=32, hidden_dim=96, dropout=0.0, lr=0.01",validation_search
hyperparameter_search,movielens_100k,dnn,grid_search,0.52988840625,0.5083430371803459,0.481125,,,,0.2929468423128128,False,456,0.3170958000700921,688.47265625,0.0,104.2,4.83225806451613,0.484375,0.6875,"embedding_dim=32, hidden_dim=96, dropout=0.0, lr=0.01",validation_search
hyperparameter_search,movielens_100k,dnn,grid_search,0.52269078125,0.5086707045724835,0.48425,,,,0.2866868615150452,False,789,0.3155479999259114,688.47265625,0.0,390.6,11.025806451612905,0.703125,0.5,"embedding_dim=32, hidden_dim=96, dropout=0.0, lr=0.01",validation_search
hyperparameter_search,movielens_100k,dnn,grid_search,0.5011166250000001,0.4914153905357053,0.481625,,,,0.2783741295337677,False,2026,0.3144628000445664,688.47265625,0.0,520.8,8.399999999999999,0.546875,0.734375,"embedding_dim=32, hidden_dim=96, dropout=0.0, lr=0.01",validation_search
hyperparameter_search,movielens_100k,dnn,grid_search,0.66275140625,0.6120658603658881,0.58425,,,,0.6408430695533752,False,42,0.37804869993124157,688.4765625,0.0,488.3,22.577419354838717,0.46875,0.890625,"embedding_dim=32, hidden_dim=96, dropout=0.35, lr=0.000630957344480193",validation_search
hyperparameter_search,movielens_100k,dnn,grid_search,0.6554814375,0.5967381927768598,0.5605,,,,0.6397908091545105,False,123,0.38350699993316084,688.4765625,0.0,520.8,32.97258064516129,0.5,0.96875,"embedding_dim=32, hidden_dim=96, dropout=0.35, lr=0.000630957344480193",validation_search
hyperparameter_search,movielens_100k,dnn,grid_search,0.6543827187500001,0.5969176590440393,0.546375,,,,0.6421591281890869,False,456,0.39995220000855625,688.4765625,0.0,390.6,25.41451612903226,0.546875,0.5625,"embedding_dim=32, hidden_dim=96, dropout=0.35, lr=0.000630957344480193",validation_search
hyperparameter_search,movielens_100k,dnn,grid_search,0.6384691874999999,0.5838626973771373,0.541375,,,,0.6402224838733673,False,789,0.4137199999531731,688.4765625,0.0,416.7,29.09032258064517,0.703125,0.671875,"embedding_dim=32, hidden_dim=96, dropout=0.35, lr=0.000630957344480193",validation_search
hyperparameter_search,movielens_100k,dnn,grid_search,0.6468396875000001,0.5935765850363268,0.52925,,,,0.6330135941505433,False,2026,0.40526459994725883,688.4765625,0.0,390.6,39.483870967741936,0.546875,0.84375,"embedding_dim=32, hidden_dim=96, dropout=0.35, lr=0.000630957344480193",validation_search
hyperparameter_search,movielens_100k,dnn,grid_search,0.49776212500000006,0.48840358307600296,0.478125,,,,0.283708256483078,False,42,0.3812094999011606,688.4765625,0.0,488.3,35.0741935483871,0.609375,0.6875,"embedding_dim=32, hidden_dim=96, dropout=0.35, lr=0.01",validation_search
hyperparameter_search,movielens_100k,dnn,grid_search,0.5122533125000001,0.4951678971301269,0.48225,,,,0.29457730054855347,False,123,0.3955594999715686,688.4765625,0.0,520.8,24.887096774193548,0.65625,0.75,"embedding_dim=32, hidden_dim=96, dropout=0.35, lr=0.01",validation_search
hyperparameter_search,movielens_100k,dnn,grid_search,0.53472903125,0.506894668900821,0.481,,,,0.3001545757055283,False,456,0.3844622001051903,688.4765625,0.0,488.3,23.732258064516135,0.703125,0.59375,"embedding_dim=32, hidden_dim=96, dropout=0.35, lr=0.01",validation_search
hyperparameter_search,movielens_100k,dnn,grid_search,0.52124228125,0.5058551684820902,0.48325,,,,0.29309678077697754,False,789,0.3818205000134185,688.4765625,0.0,390.6,25.83225806451613,0.640625,0.671875,"embedding_dim=32, hidden_dim=96, dropout=0.35, lr=0.01",validation_search
hyperparameter_search,movielens_100k,dnn,grid_search,0.48639612499999996,0.48349256699646603,0.48075,,,,0.28546501994132994,False,2026,0.3791974000632763,688.4765625,0.0,416.7,36.96129032258065,0.71875,0.8125,"embedding_dim=32, hidden_dim=96, dropout=0.35, lr=0.01",validation_search
hyperparameter_search,movielens_100k,dnn,grid_search,0.64644865625,0.5841372861272605,0.550125,,,,0.6332369387149811,False,42,0.3651467999443412,689.40625,0.0,208.3,5.040322580645162,0.609375,0.625,"embedding_dim=48, hidden_dim=32, dropout=0.0, lr=0.000630957344480193",validation_search
hyperparameter_search,movielens_100k,dnn,grid_search,0.6572246562499999,0.6019632312352305,0.531625,,,,0.6430168807506561,False,123,0.3742201999993995,689.40625,0.0,390.6,22.264516129032252,0.625,0.71875,"embedding_dim=48, hidden_dim=32, dropout=0.0, lr=0.000630957344480193",validation_search
hyperparameter_search,movielens_100k,dnn,grid_search,0.6540162812499999,0.5941977709446269,0.518,,,,0.6498239934444427,False,456,0.379099200014025,689.40625,0.0,390.6,16.066129032258065,0.71875,0.59375,"embedding_dim=48, hidden_dim=32, dropout=0.0, lr=0.000630957344480193",validation_search
hyperparameter_search,movielens_100k,dnn,grid_search,0.6899369687500001,0.6333832345096854,0.62025,,,,0.6459605872631073,False,789,0.38198669999837875,689.40625,0.0,390.6,25.308064516129033,0.640625,0.5625,"embedding_dim=48, hidden_dim=32, dropout=0.0, lr=0.000630957344480193",validation_search
hyperparameter_search,movielens_100k,dnn,grid_search,0.6525515000000001,0.5924072386243968,0.594125,,,,0.6562147915363312,False,2026,0.38752899994142354,689.40625,0.0,390.6,19.00806451612903,0.703125,0.640625,"embedding_dim=48, hidden_dim=32, dropout=0.0, lr=0.000630957344480193",validation_search
hyperparameter_search,movielens_100k,dnn,grid_search,0.52802178125,0.5039838239440444,0.4785,,,,0.282780259847641,False,42,0.3788065999979153,689.40625,0.0,488.3,38.74838709677418,0.734375,0.609375,"embedding_dim=48, hidden_dim=32, dropout=0.0, lr=0.01",validation_search
hyperparameter_search,movielens_100k,dnn,grid_search,0.54305475,0.5127780744082899,0.482125,,,,0.29223244488239286,False,123,0.3730682000750676,689.40625,0.0,293.0,11.13225806451613,0.515625,0.734375,"embedding_dim=48, hidden_dim=32, dropout=0.0, lr=0.01",validation_search
hyperparameter_search,movielens_100k,dnn,grid_search,0.534465625,0.5075600121539086,0.48175,,,,0.2961722880601883,False,456,0.37814619997516274,689.40625,0.0,390.6,22.369354838709675,0.609375,0.703125,"embedding_dim=48, hidden_dim=32, dropout=0.0, lr=0.01",validation_search
hyperparameter_search,movielens_100k,dnn,grid_search,0.5233534375000001,0.5034677438440165,0.484,,,,0.29091696441173553,False,789,0.3708954000612721,689.40625,0.0,488.3,23.627419354838704,0.609375,0.6875,"embedding_dim=48, hidden_dim=32, dropout=0.0, lr=0.01",validation_search
hyperparameter_search,movielens_100k,dnn,grid_search,0.5263423125,0.4998674087161443,0.48175,,,,0.2828740984201431,False,2026,0.3652297999942675,689.34765625,0.0,195.3,6.301612903225807,0.640625,0.546875,"embedding_dim=48, hidden_dim=32, dropout=0.0, lr=0.01",validation_search
hyperparameter_search,movielens_100k,dnn,grid_search,0.65129428125,0.5925714552298686,0.569,,,,0.6463479697704315,False,42,0.3910968001000583,689.34765625,0.0,416.7,24.151612903225804,0.671875,0.5625,"embedding_dim=48, hidden_dim=32, dropout=0.35, lr=0.000630957344480193",validation_search
hyperparameter_search,movielens_100k,dnn,grid_search,0.65386725,0.6000883858612893,0.538125,,,,0.6540603578090668,False,123,0.38970569998491555,689.34765625,0.0,390.6,38.12258064516129,0.703125,0.59375,"embedding_dim=48, hidden_dim=32, dropout=0.35, lr=0.000630957344480193",validation_search
hyperparameter_search,movielens_100k,dnn,grid_search,0.6594659062500001,0.6040467055243018,0.541,,,,0.659316074848175,False,456,0.39175069995690137,689.34765625,0.0,520.8,19.425806451612903,0.703125,0.59375,"embedding_dim=48, hidden_dim=32, dropout=0.35, lr=0.000630957344480193",validation_search
hyperparameter_search,movielens_100k,dnn,grid_search,0.6936799375,0.6417558466547527,0.625125,,,,0.655405980348587,False,789,0.39205479994416237,689.34765625,0.0,390.6,22.26451612903226,0.578125,0.796875,"embedding_dim=48, hidden_dim=32, dropout=0.35, lr=0.000630957344480193",validation_search
hyperparameter_search,movielens_100k,dnn,grid_search,0.64177234375,0.5828796343988735,0.573625,,,,0.6664990901947021,False,2026,0.3961628000251949,689.34765625,0.0,390.6,45.36290322580645,0.71875,0.625,"embedding_dim=48, hidden_dim=32, dropout=0.35, lr=0.000630957344480193",validation_search
hyperparameter_search,movielens_100k,dnn,grid_search,0.52974725,0.5045679298897832,0.4765,,,,0.2949151396751404,False,42,0.3938056998886168,689.34765625,0.0,293.0,16.06774193548388,0.5625,0.65625,"embedding_dim=48, hidden_dim=32, dropout=0.35, lr=0.01",validation_search
hyperparameter_search,movielens_100k,dnn,grid_search,0.52296553125,0.5012356279364758,0.484125,,,,0.303305059671402,False,123,0.4036277999402955,689.34765625,0.0,488.3,30.662903225806463,0.75,0.6875,"embedding_dim=48, hidden_dim=32, dropout=0.35, lr=0.01",validation_search
hyperparameter_search,movielens_100k,dnn,grid_search,0.54782240625,0.5142176800390676,0.477,,,,0.3112243711948395,False,456,0.39911919995211065,689.34765625,0.0,416.7,16.17096774193548,0.671875,0.5625,"embedding_dim=48, hidden_dim=32, dropout=0.35, lr=0.01",validation_search
hyperparameter_search,movielens_100k,dnn,grid_search,0.53108625,0.5064795706583665,0.483625,,,,0.3011692225933075,False,789,0.39250009995885193,689.41015625,0.0,520.8,39.06290322580643,0.65625,0.65625,"embedding_dim=48, hidden_dim=32, dropout=0.35, lr=0.01",validation_search
hyperparameter_search,movielens_100k,dnn,grid_search,0.532760375,0.5036189786101422,0.478375,,,,0.29335924088954923,False,2026,0.3976820999523625,689.40625,0.0,390.6,38.64354838709678,0.5625,0.6875,"embedding_dim=48, hidden_dim=32, dropout=0.35, lr=0.01",validation_search
hyperparameter_search,movielens_100k,dnn,grid_search,0.6195665937499999,0.5641947748193651,0.505875,,,,0.5921780347824097,False,42,0.41517960000783205,692.92578125,0.0,312.5,14.491935483870968,0.625,0.765625,"embedding_dim=48, hidden_dim=96, dropout=0.0, lr=0.000630957344480193",validation_search
hyperparameter_search,movielens_100k,dnn,grid_search,0.63805065625,0.5809641652351545,0.542625,,,,0.5838379442691803,False,123,0.4245690000243485,692.92578125,0.0,488.3,20.79354838709677,0.828125,0.625,"embedding_dim=48, hidden_dim=96, dropout=0.0, lr=0.000630957344480193",validation_search
hyperparameter_search,movielens_100k,dnn,grid_search,0.6312798124999999,0.5708422650994404,0.502,,,,0.593815803527832,False,456,0.4168392000719905,692.92578125,0.0,520.8,34.23387096774193,0.828125,0.6875,"embedding_dim=48, hidden_dim=96, dropout=0.0, lr=0.000630957344480193",validation_search
hyperparameter_search,movielens_100k,dnn,grid_search,0.66216796875,0.6071234743645041,0.584125,,,,0.594845974445343,False,789,0.4137636999366805,692.92578125,0.0,390.6,30.561290322580646,0.6875,0.65625,"embedding_dim=48, hidden_dim=96, dropout=0.0, lr=0.000630957344480193",validation_search
hyperparameter_search,movielens_100k,dnn,grid_search,0.65448175,0.5978813842118758,0.54225,,,,0.5957826495170593,False,2026,0.40923460002522916,692.92578125,0.0,390.6,22.15645161290323,0.71875,0.71875,"embedding_dim=48, hidden_dim=96, dropout=0.0, lr=0.000630957344480193",validation_search
hyperparameter_search,movielens_100k,dnn,grid_search,0.520566875,0.49851620640441174,0.482,,,,0.28136602640151975,False,42,0.4074391999747604,692.92578125,0.0,520.8,35.28225806451613,0.859375,0.609375,"embedding_dim=48, hidden_dim=96, dropout=0.0, lr=0.01",validation_search
hyperparameter_search,movielens_100k,dnn,grid_search,0.5367914374999999,0.509258853562971,0.48325,,,,0.29300549924373626,False,123,0.4158331999788061,692.92578125,0.0,390.6,23.83709677419355,0.8125,0.515625,"embedding_dim=48, hidden_dim=96, dropout=0.0, lr=0.01",validation_search
hyperparameter_search,movielens_100k,dnn,grid_search,0.55990534375,0.5242741079440725,0.486125,,,,0.2942181169986725,False,456,0.4607389000011608,692.92578125,0.0,416.7,49.564516129032256,0.953125,0.5,"embedding_dim=48, hidden_dim=96, dropout=0.0, lr=0.01",validation_search
hyperparameter_search,movielens_100k,dnn,grid_search,0.5283701562500001,0.511794968425857,0.483875,,,,0.2871758699417114,False,789,0.41221360000781715,692.92578125,0.0,488.3,32.02741935483873,0.890625,0.71875,"embedding_dim=48, hidden_dim=96, dropout=0.0, lr=0.01",validation_search
hyperparameter_search,movielens_100k,dnn,grid_search,0.500747625,0.4905945001976528,0.482125,,,,0.2791383534669876,False,2026,0.3935688999481499,692.92578125,0.0,520.8,24.675806451612903,0.828125,0.71875,"embedding_dim=48, hidden_dim=96, dropout=0.0, lr=0.01",validation_search
hyperparameter_search,movielens_100k,dnn,grid_search,0.61596628125,0.5625697750512634,0.510625,,,,0.6071420729160308,False,42,0.44677820010110736,692.92578125,0.0,585.9,41.79354838709678,0.6875,0.9375,"embedding_dim=48, hidden_dim=96, dropout=0.35, lr=0.000630957344480193",validation_search
hyperparameter_search,movielens_100k,dnn,grid_search,0.6309878124999999,0.5754151584498077,0.5365,,,,0.6053871989250184,False,123,0.4546127999201417,692.92578125,0.0,488.3,30.348387096774204,0.8125,0.8125,"embedding_dim=48, hidden_dim=96, dropout=0.35, lr=0.000630957344480193",validation_search
hyperparameter_search,movielens_100k,dnn,grid_search,0.633105,0.574575374408881,0.50875,,,,0.614183384180069,False,456,0.4454070000210777,692.92578125,0.0,520.8,48.514516129032266,0.84375,0.90625,"embedding_dim=48, hidden_dim=96, dropout=0.35, lr=0.000630957344480193",validation_search
hyperparameter_search,movielens_100k,dnn,grid_search,0.65842571875,0.6046406499355846,0.582,,,,0.6113525569438935,False,789,0.4858014000346884,692.92578125,0.0,520.8,59.64516129032259,1.0,0.734375,"embedding_dim=48, hidden_dim=96, dropout=0.35, lr=0.000630957344480193",validation_search
hyperparameter_search,movielens_100k,dnn,grid_search,0.65950446875,0.6040610012833012,0.552625,,,,0.6145555675029755,False,2026,0.45317630004137754,692.92578125,0.0,520.8,70.35483870967742,0.84375,0.75,"embedding_dim=48, hidden_dim=96, dropout=0.35, lr=0.000630957344480193",validation_search
hyperparameter_search,movielens_100k,dnn,grid_search,0.5193891875000001,0.49535967398578895,0.47625,,,,0.2851789355278015,False,42,0.4537624000804499,692.92578125,0.0,416.7,42.109677419354846,0.734375,1.0,"embedding_dim=48, hidden_dim=96, dropout=0.35, lr=0.01",validation_search
hyperparameter_search,movielens_100k,dnn,grid_search,0.5378146875,0.5094900168136546,0.4835,,,,0.29582386612892153,False,123,0.4535792999668047,692.92578125,0.0,520.8,68.88387096774196,0.875,0.6875,"embedding_dim=48, hidden_dim=96, dropout=0.35, lr=0.01",validation_search
hyperparameter_search,movielens_100k,dnn,grid_search,0.538623875,0.5124907643381934,0.483,,,,0.3005340665578842,False,456,0.4574674000032246,692.92578125,0.0,520.8,65.10645161290321,0.90625,0.78125,"embedding_dim=48, hidden_dim=96, dropout=0.35, lr=0.01",validation_search
hyperparameter_search,movielens_100k,dnn,grid_search,0.5216652500000001,0.5075761618956423,0.48375,,,,0.2941361844539642,False,789,0.47475789999589324,692.92578125,0.0,520.8,42.63548387096775,0.703125,0.75,"embedding_dim=48, hidden_dim=96, dropout=0.35, lr=0.01",validation_search
hyperparameter_search,movielens_100k,dnn,grid_search,0.49086615624999996,0.48573717923211723,0.4795,,,,0.2840037226676941,False,2026,0.47776170005090535,692.92578125,0.0,520.8,34.0225806451613,0.84375,0.828125,"embedding_dim=48, hidden_dim=96, dropout=0.35, lr=0.01",validation_search
hyperparameter_search,movielens_100k,dnn,grid_search,0.64644865625,0.5841372861272605,0.550125,0.63359584375,0.5804036489280195,0.537,0.6332369327545166,True,42,0.3597994999727234,692.92578125,0.0,416.7,35.80806451612903,0.625,0.78125,"Validation-selected configuration: embedding_dim=48, hidden_dim=32, dropout=0.0, lr=0.000630957344480193",final_test
hyperparameter_search,movielens_100k,dnn,grid_search,0.657224625,0.6019631689190259,0.531625,0.6404479687500001,0.5858638259793666,0.515,0.6430168867111206,True,123,0.35477229999378324,692.92578125,0.0,293.0,13.464516129032255,0.625,0.609375,"Validation-selected configuration: embedding_dim=48, hidden_dim=32, dropout=0.0, lr=0.000630957344480193",final_test
hyperparameter_search,movielens_100k,dnn,grid_search,0.6540162812499999,0.5941976864892338,0.518,0.660845875,0.6054949248463078,0.519375,0.6498239934444427,True,456,0.35869149991776794,692.92578125,0.0,390.6,15.751612903225812,0.6875,0.671875,"Validation-selected configuration: embedding_dim=48, hidden_dim=32, dropout=0.0, lr=0.000630957344480193",final_test
hyperparameter_search,movielens_100k,dnn,grid_search,0.6899369687500001,0.6333832026437285,0.62025,0.67022896875,0.6178706373147488,0.60175,0.6459605872631073,True,789,0.3568454999476671,692.92578125,0.0,520.8,23.206451612903223,0.84375,0.609375,"Validation-selected configuration: embedding_dim=48, hidden_dim=32, dropout=0.0, lr=0.000630957344480193",final_test
hyperparameter_search,movielens_100k,dnn,grid_search,0.6525515312500001,0.5924073058167886,0.594125,0.6328517187499999,0.5863577802895467,0.573375,0.6562147915363312,True,2026,0.35523700003977865,692.92578125,0.0,520.8,32.448387096774205,0.6875,0.671875,"Validation-selected configuration: embedding_dim=48, hidden_dim=32, dropout=0.0, lr=0.000630957344480193",final_test
hyperparameter_search,movielens_100k,dnn,random_search,0.56528075,0.5221717945066447,0.477,,,,0.2865426421165466,False,42,0.3471570999827236,692.94140625,0.0,488.3,14.491935483870968,0.609375,0.6875,"embedding_dim=16, hidden_dim=96, dropout=0.1536074539132183, lr=0.006765774266724162",validation_search
hyperparameter_search,movielens_100k,dnn,random_search,0.55901025,0.5244720157262341,0.4865,,,,0.3019540160894394,False,123,0.3333794999634847,692.94140625,0.0,97.7,1.575806451612903,0.484375,0.640625,"embedding_dim=16, hidden_dim=96, dropout=0.1536074539132183, lr=0.006765774266724162",validation_search
hyperparameter_search,movielens_100k,dnn,random_search,0.53182671875,0.5078367716291372,0.48375,,,,0.30031778216362,False,456,0.3343726999592036,692.94140625,0.0,312.5,8.400000000000002,0.4375,0.734375,"embedding_dim=16, hidden_dim=96, dropout=0.1536074539132183, lr=0.006765774266724162",validation_search
hyperparameter_search,movielens_100k,dnn,random_search,0.54251184375,0.5169973188519036,0.484375,,,,0.2920410305261612,False,789,0.340540700010024,692.94140625,0.0,293.0,11.13225806451613,0.53125,0.75,"embedding_dim=16, hidden_dim=96, dropout=0.1536074539132183, lr=0.006765774266724162",validation_search
hyperparameter_search,movielens_100k,dnn,random_search,0.48915646875,0.48352711147185184,0.4795,,,,0.283758607506752,False,2026,0.33423819998279214,692.94140625,0.0,416.7,8.296774193548385,0.609375,0.625,"embedding_dim=16, hidden_dim=96, dropout=0.1536074539132183, lr=0.006765774266724162",validation_search
hyperparameter_search,movielens_100k,dnn,random_search,0.535707375,0.5051937615305933,0.4785,,,,0.2845224827528,False,42,0.3364952999399975,692.94140625,0.0,97.7,1.5758064516129024,0.515625,0.75,"embedding_dim=16, hidden_dim=96, dropout=0.032962071760677336, lr=0.00934860525257475",validation_search
hyperparameter_search,movielens_100k,dnn,random_search,0.5378855625000001,0.5124970427633309,0.485125,,,,0.2951822876930237,False,123,0.33857200003694743,692.94140625,0.0,97.7,1.575806451612903,0.453125,0.65625,"embedding_dim=16, hidden_dim=96, dropout=0.032962071760677336, lr=0.00934860525257475",validation_search
hyperparameter_search,movielens_100k,dnn,random_search,0.52534875,0.5017778011998815,0.48125,,,,0.3004206508398056,False,456,0.3367195000173524,692.94140625,0.0,195.3,3.1500000000000012,0.484375,0.625,"embedding_dim=16, hidden_dim=96, dropout=0.032962071760677336, lr=0.00934860525257475",validation_search
hyperparameter_search,movielens_100k,dnn,random_search,0.5261943124999999,0.5071140728747383,0.481625,,,,0.2902672439813614,False,789,0.33136120007839054,692.94140625,0.0,488.3,17.327419354838714,0.5,0.6875,"embedding_dim=16, hidden_dim=96, dropout=0.032962071760677336, lr=0.00934860525257475",validation_search
hyperparameter_search,movielens_100k,dnn,random_search,0.48135500000000003,0.48020062891087856,0.482375,,,,0.2835444211959839,False,2026,0.3385408000322059,692.94140625,0.0,416.7,9.870967741935486,0.578125,0.640625,"embedding_dim=16, hidden_dim=96, dropout=0.032962071760677336, lr=0.00934860525257475",validation_search
hyperparameter_search,movielens_100k,dnn,random_search,0.61163284375,0.5567662887603284,0.492875,,,,0.5029199540615081,False,42,0.4527407999848947,692.94140625,0.0,520.8,82.32580645161293,0.765625,1.0625,"embedding_dim=48, hidden_dim=96, dropout=0.2751225068469338, lr=0.0008989517024157321",validation_search
hyperparameter_search,movielens_100k,dnn,random_search,0.6405702812499999,0.5828546986810689,0.538,,,,0.49056001007556915,False,123,0.4524145000614226,692.94140625,0.0,520.8,63.212903225806436,0.90625,0.796875,"embedding_dim=48, hidden_dim=96, dropout=0.2751225068469338, lr=0.0008989517024157321",validation_search
hyperparameter_search,movielens_100k,dnn,random_search,0.630641,0.571097193387985,0.500625,,,,0.5104984670877457,False,456,0.4564403999829665,692.94140625,0.0,488.3,31.608064516129033,0.90625,0.734375,"embedding_dim=48, hidden_dim=96, dropout=0.2751225068469338, lr=0.0008989517024157321",validation_search
hyperparameter_search,movielens_100k,dnn,random_search,0.649156375,0.5935252086838807,0.56275,,,,0.508704736828804,False,789,0.45179670001380146,692.94140625,0.0,390.6,25.306451612903228,0.921875,0.8125,"embedding_dim=48, hidden_dim=96, dropout=0.2751225068469338, lr=0.0008989517024157321",validation_search
hyperparameter_search,movielens_100k,dnn,random_search,0.64926684375,0.5907496622224346,0.52175,,,,0.5073752015829086,False,2026,0.45531480002682656,692.94140625,0.0,520.8,32.86935483870967,0.96875,0.84375,"embedding_dim=48, hidden_dim=96, dropout=0.2751225068469338, lr=0.0008989517024157321",validation_search
hyperparameter_search,movielens_100k,dnn,random_search,0.52882453125,0.5039354184368123,0.479625,,,,0.28427772521972655,False,42,0.4105092999525368,692.94140625,0.0,488.3,38.01290322580646,0.796875,0.765625,"embedding_dim=48, hidden_dim=64, dropout=0.12977930848140343, lr=0.008168042458817863",validation_search
hyperparameter_search,movielens_100k,dnn,random_search,0.5227050625,0.5025435705257061,0.48275,,,,0.293388369679451,False,123,0.42126430000644177,692.94140625,0.0,520.8,46.72903225806452,0.859375,0.78125,"embedding_dim=48, hidden_dim=64, dropout=0.12977930848140343, lr=0.008168042458817863",validation_search
hyperparameter_search,movielens_100k,dnn,random_search,0.5362179375,0.507492445701696,0.48275,,,,0.3002655267715454,False,456,0.4132347999839112,692.94140625,0.0,293.0,19.11290322580645,0.765625,0.78125,"embedding_dim=48, hidden_dim=64, dropout=0.12977930848140343, lr=0.008168042458817863",validation_search
hyperparameter_search,movielens_100k,dnn,random_search,0.5059935625,0.4942321729242364,0.482875,,,,0.2940674632787704,False,789,0.4126034000655636,692.94140625,0.0,488.3,21.00161290322581,0.734375,0.828125,"embedding_dim=48, hidden_dim=64, dropout=0.12977930848140343, lr=0.008168042458817863",validation_search
hyperparameter_search,movielens_100k,dnn,random_search,0.5102708125,0.49363358710959987,0.48125,,,,0.28532725274562837,False,2026,0.4169411000330001,692.94140625,0.0,520.8,35.1758064516129,0.703125,0.875,"embedding_dim=48, hidden_dim=64, dropout=0.12977930848140343, lr=0.008168042458817863",validation_search
hyperparameter_search,movielens_100k,dnn,random_search,0.616038,0.558080605653025,0.493875,,,,0.2899677485227585,False,42,0.41715969995129853,692.94140625,0.0,416.7,14.598387096774191,0.609375,0.78125,"embedding_dim=48, hidden_dim=64, dropout=0.2879665646447905, lr=0.002148310438169022",validation_search
hyperparameter_search,movielens_100k,dnn,random_search,0.601274875,0.5531437112054779,0.495875,,,,0.3104432851076126,False,123,0.4284001000924036,692.94140625,0.0,488.3,30.453225806451616,0.890625,0.71875,"embedding_dim=48, hidden_dim=64, dropout=0.2879665646447905, lr=0.002148310438169022",validation_search
hyperparameter_search,movielens_100k,dnn,random_search,0.5967356875000001,0.5496218156152286,0.49175,,,,0.3061692476272583,False,456,0.4128383999923244,692.94140625,0.0,416.7,31.083870967741937,0.65625,0.921875,"embedding_dim=48, hidden_dim=64, dropout=0.2879665646447905, lr=0.002148310438169022",validation_search
hyperparameter_search,movielens_100k,dnn,random_search,0.5893126875,0.5478916448519678,0.497625,,,,0.31022036969661715,False,789,0.4473387999460101,692.94140625,0.0,293.0,15.961290322580647,0.84375,0.671875,"embedding_dim=48, hidden_dim=64, dropout=0.2879665646447905, lr=0.002148310438169022",validation_search
hyperparameter_search,movielens_100k,dnn,random_search,0.6035859375,0.5523706984628634,0.493625,,,,0.29629422128200533,False,2026,0.44306399999186397,692.94140625,0.0,416.7,29.193548387096772,0.8125,0.640625,"embedding_dim=48, hidden_dim=64, dropout=0.2879665646447905, lr=0.002148310438169022",validation_search
hyperparameter_search,movielens_100k,dnn,random_search,0.639393,0.5805164312572213,0.521625,,,,0.6388443648815155,False,42,0.3165836000116542,692.94140625,0.0,312.5,17.641935483870967,0.515625,0.625,"embedding_dim=32, hidden_dim=32, dropout=0.19410467545554216, lr=0.0007526285822748962",validation_search
hyperparameter_search,movielens_100k,dnn,random_search,0.636086625,0.5802925298493471,0.53625,,,,0.6332835376262664,False,123,0.32608649996109307,692.94140625,0.0,0.0,0.0,0.4375,0.625,"embedding_dim=32, hidden_dim=32, dropout=0.19410467545554216, lr=0.0007526285822748962",validation_search
hyperparameter_search,movielens_100k,dnn,random_search,0.6458733437499999,0.5863159218985201,0.535875,,,,0.6600520789623261,False,456,0.31989769998472184,692.94140625,0.0,195.3,7.875806451612905,0.515625,0.421875,"embedding_dim=32, hidden_dim=32, dropout=0.19410467545554216, lr=0.0007526285822748962",validation_search
hyperparameter_search,movielens_100k,dnn,random_search,0.618618125,0.5660341070027779,0.543875,,,,0.6460379600524903,False,789,0.3170794000616297,692.94140625,0.0,97.7,1.575806451612903,0.484375,0.5,"embedding_dim=32, hidden_dim=32, dropout=0.19410467545554216, lr=0.0007526285822748962",validation_search
hyperparameter_search,movielens_100k,dnn,random_search,0.6396655312500001,0.5867038941396878,0.586375,,,,0.6599670648574829,False,2026,0.30355700000654906,692.94140625,0.0,195.3,3.15,0.46875,0.546875,"embedding_dim=32, hidden_dim=32, dropout=0.19410467545554216, lr=0.0007526285822748962",validation_search
hyperparameter_search,movielens_100k,dnn,random_search,0.551063,0.5178912695821287,0.477875,,,,0.28730880916118623,False,42,0.4523637000238523,692.94140625,0.0,520.8,61.3258064516129,0.765625,0.875,"embedding_dim=48, hidden_dim=96, dropout=0.22108253969272268, lr=0.005125134747140126",validation_search
hyperparameter_search,movielens_100k,dnn,random_search,0.55642125,0.5230779447218933,0.485625,,,,0.303156578540802,False,123,0.45541930000763386,692.94140625,0.0,488.3,38.53870967741935,0.953125,0.90625,"embedding_dim=48, hidden_dim=96, dropout=0.22108253969272268, lr=0.005125134747140126",validation_search
hyperparameter_search,movielens_100k,dnn,random_search,0.5622895000000001,0.5238176964303117,0.486375,,,,0.3013396978378296,False,456,0.45379569998476654,692.94140625,0.0,520.8,46.93709677419354,0.71875,0.90625,"embedding_dim=48, hidden_dim=96, dropout=0.22108253969272268, lr=0.005125134747140126",validation_search
hyperparameter_search,movielens_100k,dnn,random_search,0.5368799375,0.5138518933167072,0.48175,,,,0.2946489483118057,False,789,0.4515581999439746,692.94140625,0.0,416.7,37.2774193548387,0.796875,0.75,"embedding_dim=48, hidden_dim=96, dropout=0.22108253969272268, lr=0.005125134747140126",validation_search
hyperparameter_search,movielens_100k,dnn,random_search,0.5381860625,0.5091124241597647,0.483125,,,,0.28726296722888944,False,2026,0.4533985999878496,692.94140625,0.0,416.7,34.02419354838709,0.734375,0.796875,"embedding_dim=48, hidden_dim=96, dropout=0.22108253969272268, lr=0.005125134747140126",validation_search
hyperparameter_search,movielens_100k,dnn,random_search,0.5307299375,0.5055823207968394,0.479375,,,,0.2883658081293106,False,42,0.4152283000294119,692.94140625,0.0,488.3,39.79838709677419,0.609375,0.78125,"embedding_dim=48, hidden_dim=64, dropout=0.33974430853821613, lr=0.0074429541829455735",validation_search
hyperparameter_search,movielens_100k,dnn,random_search,0.52954059375,0.5078988690653192,0.486125,,,,0.2999113440513611,False,123,0.41178369999397546,692.94140625,0.0,416.7,21.21129032258064,0.796875,0.734375,"embedding_dim=48, hidden_dim=64, dropout=0.33974430853821613, lr=0.0074429541829455735",validation_search
hyperparameter_search,movielens_100k,dnn,random_search,0.539199125,0.5093409904639699,0.482625,,,,0.30599690675735475,False,456,0.4133981999475509,692.94140625,0.0,520.8,54.920967741935485,0.984375,0.59375,"embedding_dim=48, hidden_dim=64, dropout=0.33974430853821613, lr=0.0074429541829455735",validation_search
hyperparameter_search,movielens_100k,dnn,random_search,0.5050538125,0.4938069730597519,0.483875,,,,0.29994594752788545,False,789,0.4159356999443844,692.94140625,0.0,520.8,47.464516129032255,0.59375,0.890625,"embedding_dim=48, hidden_dim=64, dropout=0.33974430853821613, lr=0.0074429541829455735",validation_search
hyperparameter_search,movielens_100k,dnn,random_search,0.5175045,0.4968054296228556,0.48275,,,,0.29042583107948305,False,2026,0.41760769998654723,692.94140625,0.0,390.6,36.437096774193556,0.921875,0.734375,"embedding_dim=48, hidden_dim=64, dropout=0.33974430853821613, lr=0.0074429541829455735",validation_search
hyperparameter_search,movielens_100k,dnn,random_search,0.572021375,0.5304346274757901,0.485625,,,,0.28706996738910673,False,42,0.4555576000129804,692.94140625,0.0,520.8,54.81451612903226,0.921875,0.921875,"embedding_dim=48, hidden_dim=96, dropout=0.06812354774818864, lr=0.0022912116268153327",validation_search
hyperparameter_search,movielens_100k,dnn,random_search,0.5826137499999999,0.5405023361392198,0.49425,,,,0.30632064044475554,False,123,0.45884279999881983,692.94140625,0.0,520.8,58.48709677419357,0.875,0.796875,"embedding_dim=48, hidden_dim=96, dropout=0.06812354774818864, lr=0.0022912116268153327",validation_search
hyperparameter_search,movielens_100k,dnn,random_search,0.58424825,0.5394735431804373,0.49125,,,,0.2990560859441757,False,456,0.45611320005264133,692.94140625,0.0,520.8,80.64516129032256,0.984375,0.828125,"embedding_dim=48, hidden_dim=96, dropout=0.06812354774818864, lr=0.0022912116268153327",validation_search
hyperparameter_search,movielens_100k,dnn,random_search,0.5733001875,0.5379490895284431,0.493375,,,,0.30457366406917574,False,789,0.4567926999880001,692.94140625,0.0,585.9,73.82258064516128,0.953125,0.875,"embedding_dim=48, hidden_dim=96, dropout=0.06812354774818864, lr=0.0022912116268153327",validation_search
hyperparameter_search,movielens_100k,dnn,random_search,0.57343925,0.5313641540945717,0.490375,,,,0.2847510755062103,False,2026,0.4540014999220148,692.94140625,0.0,488.3,44.52419354838712,0.890625,0.90625,"embedding_dim=48, hidden_dim=96, dropout=0.06812354774818864, lr=0.0022912116268153327",validation_search
hyperparameter_search,movielens_100k,dnn,random_search,0.5746034375,0.5286938971844668,0.483625,,,,0.28713140487670896,False,42,0.31674510007724166,692.94140625,0.0,416.7,6.720967741935484,0.515625,0.5,"embedding_dim=32, hidden_dim=32, dropout=0.054001322223641735, lr=0.004165419481637718",validation_search
hyperparameter_search,movielens_100k,dnn,random_search,0.55676225,0.5212079249490693,0.485625,,,,0.3000809490680695,False,123,0.3142871999880299,692.94140625,0.0,390.6,6.3000000000000025,0.515625,0.609375,"embedding_dim=32, hidden_dim=32, dropout=0.054001322223641735, lr=0.004165419481637718",validation_search
hyperparameter_search,movielens_100k,dnn,random_search,0.5897416875,0.5406910305263913,0.487,,,,0.29788036942481994,False,456,0.3012299999827519,692.94140625,0.0,416.7,8.296774193548387,0.515625,0.5625,"embedding_dim=32, hidden_dim=32, dropout=0.054001322223641735, lr=0.004165419481637718",validation_search
hyperparameter_search,movielens_100k,dnn,random_search,0.55673584375,0.524359726090883,0.489,,,,0.29930936396121977,False,789,0.3099455999908969,692.94140625,0.0,195.3,4.725806451612904,0.34375,0.609375,"embedding_dim=32, hidden_dim=32, dropout=0.054001322223641735, lr=0.004165419481637718",validation_search
hyperparameter_search,movielens_100k,dnn,random_search,0.54469384375,0.514592655813287,0.48825,,,,0.29020130038261416,False,2026,0.30529619997832924,692.94140625,0.0,293.0,4.725806451612904,0.484375,0.6875,"embedding_dim=32, hidden_dim=32, dropout=0.054001322223641735, lr=0.004165419481637718",validation_search
hyperparameter_search,movielens_100k,dnn,random_search,0.591748625,0.5428794136244506,0.487875,,,,0.31672464609146117,False,42,0.4498977999901399,692.94140625,0.0,520.8,56.59838709677419,0.84375,0.84375,"embedding_dim=48, hidden_dim=96, dropout=0.3386284063519735, lr=0.001552352801502279",validation_search
hyperparameter_search,movielens_100k,dnn,random_search,0.6324628124999999,0.5789149812099941,0.505875,,,,0.3292084276676178,False,123,0.4543798000086099,692.94140625,0.0,520.8,38.64354838709678,0.796875,0.96875,"embedding_dim=48, hidden_dim=96, dropout=0.3386284063519735, lr=0.001552352801502279",validation_search
hyperparameter_search,movielens_100k,dnn,random_search,0.616570375,0.5629130303569614,0.4935,,,,0.3274558335542679,False,456,0.45537720003630966,693.00390625,0.0,390.6,24.153225806451612,0.859375,0.90625,"embedding_dim=48, hidden_dim=96, dropout=0.3386284063519735, lr=0.001552352801502279",validation_search
hyperparameter_search,movielens_100k,dnn,random_search,0.61554803125,0.5687511001143417,0.50475,,,,0.3378921151161194,False,789,0.5086627000709996,693.00390625,0.0,520.8,76.88709677419355,0.78125,0.90625,"embedding_dim=48, hidden_dim=96, dropout=0.3386284063519735, lr=0.001552352801502279",validation_search
hyperparameter_search,movielens_100k,dnn,random_search,0.6138185625,0.5615216268373727,0.49925,,,,0.31910706460475924,False,2026,0.45839949999935925,693.00390625,0.0,520.8,63.425806451612914,0.765625,0.859375,"embedding_dim=48, hidden_dim=96, dropout=0.3386284063519735, lr=0.001552352801502279",validation_search
hyperparameter_search,movielens_100k,dnn,random_search,0.648671,0.5840794111577301,0.51425,,,,0.4577647656202316,False,42,0.4182703000260517,693.00390625,0.0,520.8,32.34193548387097,0.734375,0.8125,"embedding_dim=48, hidden_dim=64, dropout=0.16434453394653276, lr=0.0010650392934865914",validation_search
hyperparameter_search,movielens_100k,dnn,random_search,0.63265353125,0.5737703472238882,0.52375,,,,0.47604249119758607,False,123,0.4169445000588894,693.00390625,0.0,488.3,31.50322580645161,0.75,0.734375,"embedding_dim=48, hidden_dim=64, dropout=0.16434453394653276, lr=0.0010650392934865914",validation_search
hyperparameter_search,movielens_100k,dnn,random_search,0.6249552187499999,0.5678254091173278,0.50375,,,,0.4802550345659256,False,456,0.41683160001412034,693.00390625,0.0,488.3,26.882258064516133,0.859375,0.734375,"embedding_dim=48, hidden_dim=64, dropout=0.16434453394653276, lr=0.0010650392934865914",validation_search
hyperparameter_search,movielens_100k,dnn,random_search,0.6524715625,0.592651033184763,0.5545,,,,0.4703278601169586,False,789,0.41332549997605383,693.00390625,0.0,390.6,38.43387096774192,0.671875,0.78125,"embedding_dim=48, hidden_dim=64, dropout=0.16434453394653276, lr=0.0010650392934865914",validation_search
hyperparameter_search,movielens_100k,dnn,random_search,0.6603025625000001,0.601399931866134,0.5635,,,,0.46700074076652526,False,2026,0.41517669998575,693.00390625,0.0,488.3,38.54032258064515,0.828125,0.734375,"embedding_dim=48, hidden_dim=64, dropout=0.16434453394653276, lr=0.0010650392934865914",validation_search
hyperparameter_search,movielens_100k,dnn,random_search,0.63931009375,0.5770885193862779,0.507875,,,,0.5518399894237518,False,42,0.3064586999826133,693.00390625,0.0,520.8,21.001612903225812,0.46875,0.640625,"embedding_dim=32, hidden_dim=32, dropout=0.1664967241790768, lr=0.001181112372404054",validation_search
hyperparameter_search,movielens_100k,dnn,random_search,0.61670915625,0.5618001495361511,0.498125,,,,0.5400628507137298,False,123,0.3127234000712633,693.00390625,0.0,390.6,9.65967741935484,0.453125,0.578125,"embedding_dim=32, hidden_dim=32, dropout=0.1664967241790768, lr=0.001181112372404054",validation_search
hyperparameter_search,movielens_100k,dnn,random_search,0.63419271875,0.5712371804693088,0.492625,,,,0.5998203039169312,False,456,0.3709155999822542,693.00390625,0.0,416.7,14.596774193548388,0.4375,0.5625,"embedding_dim=32, hidden_dim=32, dropout=0.1664967241790768, lr=0.001181112372404054",validation_search
hyperparameter_search,movielens_100k,dnn,random_search,0.6076127187499999,0.5561998289312936,0.49275,,,,0.5655164301395417,False,789,0.36622810002882034,693.00390625,0.0,312.5,14.808064516129036,0.515625,0.703125,"embedding_dim=32, hidden_dim=32, dropout=0.1664967241790768, lr=0.001181112372404054",validation_search
hyperparameter_search,movielens_100k,dnn,random_search,0.6439752499999999,0.5872256405209577,0.555125,,,,0.5895864844322205,False,2026,0.30823780002538115,693.00390625,0.0,293.0,4.725806451612903,0.484375,0.59375,"embedding_dim=32, hidden_dim=32, dropout=0.1664967241790768, lr=0.001181112372404054",validation_search
hyperparameter_search,movielens_100k,dnn,random_search,0.55094090625,0.5167395407169058,0.479125,,,,0.28818965554237364,False,42,0.38273369998205453,693.00390625,0.0,520.8,27.72258064516128,0.65625,0.671875,"embedding_dim=32, hidden_dim=96, dropout=0.15300317160531574, lr=0.006298162115926124",validation_search
hyperparameter_search,movielens_100k,dnn,random_search,0.54358840625,0.5143247339211461,0.48575,,,,0.2984978914260864,False,123,0.3939498000545427,693.00390625,0.0,416.7,17.958064516129035,0.625,0.859375,"embedding_dim=32, hidden_dim=96, dropout=0.15300317160531574, lr=0.006298162115926124",validation_search
hyperparameter_search,movielens_100k,dnn,random_search,0.56275084375,0.524412102766125,0.486,,,,0.29933018386363985,False,456,0.40605920006055385,693.00390625,0.0,520.8,28.45645161290323,0.65625,0.765625,"embedding_dim=32, hidden_dim=96, dropout=0.15300317160531574, lr=0.006298162115926124",validation_search
hyperparameter_search,movielens_100k,dnn,random_search,0.5395757812499999,0.5135450644583861,0.483,,,,0.29264340102672576,False,789,0.3854150000261143,693.00390625,0.0,416.7,24.467741935483872,0.71875,0.625,"embedding_dim=32, hidden_dim=96, dropout=0.15300317160531574, lr=0.006298162115926124",validation_search
hyperparameter_search,movielens_100k,dnn,random_search,0.52858071875,0.505355499145424,0.484875,,,,0.2870215892791748,False,2026,0.38140040007419884,693.00390625,0.0,293.0,11.238709677419356,0.625,0.875,"embedding_dim=32, hidden_dim=96, dropout=0.15300317160531574, lr=0.006298162115926124",validation_search
hyperparameter_search,movielens_100k,dnn,random_search,0.5591198749999999,0.5211102932802166,0.478,,,,0.2873256951570511,False,42,0.3900717000942677,693.00390625,0.0,390.6,17.432258064516134,0.578125,0.609375,"embedding_dim=32, hidden_dim=96, dropout=0.10932832448371436, lr=0.0062908852245340775",validation_search
hyperparameter_search,movielens_100k,dnn,random_search,0.54930740625,0.5176804470542429,0.48525,,,,0.2982074558734894,False,123,0.3828429999994114,693.00390625,0.0,416.7,21.00322580645161,0.640625,0.75,"embedding_dim=32, hidden_dim=96, dropout=0.10932832448371436, lr=0.0062908852245340775",validation_search
hyperparameter_search,movielens_100k,dnn,random_search,0.55906159375,0.5214239010917814,0.484875,,,,0.2985295712947845,False,456,0.3813070999458432,693.00390625,0.0,488.3,23.733870967741947,0.5,0.921875,"embedding_dim=32, hidden_dim=96, dropout=0.10932832448371436, lr=0.0062908852245340775",validation_search
hyperparameter_search,movielens_100k,dnn,random_search,0.5349576875,0.510703037447605,0.483625,,,,0.29345498979091644,False,789,0.3829678000183776,693.00390625,0.0,520.8,11.656451612903227,0.6875,0.640625,"embedding_dim=32, hidden_dim=96, dropout=0.10932832448371436, lr=0.0062908852245340775",validation_search
hyperparameter_search,movielens_100k,dnn,random_search,0.5248406875,0.5027623302371378,0.484625,,,,0.28654265999794004,False,2026,0.3795803999528289,693.00390625,0.0,520.8,16.38064516129032,0.6875,0.65625,"embedding_dim=32, hidden_dim=96, dropout=0.10932832448371436, lr=0.0062908852245340775",validation_search
hyperparameter_search,movielens_100k,dnn,random_search,0.64266509375,0.5836519450966099,0.523625,,,,0.3868655860424042,False,42,0.3877291999524459,693.00390625,0.0,416.7,29.088709677419356,0.53125,0.65625,"embedding_dim=32, hidden_dim=96, dropout=0.13561743266056106, lr=0.001399567099557049",validation_search
hyperparameter_search,movielens_100k,dnn,random_search,0.6302758125,0.5717715091976634,0.505125,,,,0.3971573442220688,False,123,0.3764855000190437,693.00390625,0.0,488.3,25.414516129032258,0.5625,0.75,"embedding_dim=32, hidden_dim=96, dropout=0.13561743266056106, lr=0.001399567099557049",validation_search
hyperparameter_search,movielens_100k,dnn,random_search,0.64165965625,0.5824154786879081,0.505875,,,,0.3923288434743881,False,456,0.3857956000138074,693.00390625,0.0,416.7,22.470967741935485,0.671875,0.734375,"embedding_dim=32, hidden_dim=96, dropout=0.13561743266056106, lr=0.001399567099557049",validation_search
hyperparameter_search,movielens_100k,dnn,random_search,0.618202375,0.5650260861174522,0.50475,,,,0.3958313882350922,False,789,0.38391720002982765,693.00390625,0.0,104.2,3.3612903225806456,0.625,0.828125,"embedding_dim=32, hidden_dim=96, dropout=0.13561743266056106, lr=0.001399567099557049",validation_search
hyperparameter_search,movielens_100k,dnn,random_search,0.62145925,0.5649388826909855,0.4915,,,,0.36795133650302886,False,2026,0.38334109995048493,693.00390625,0.0,416.7,23.0,0.609375,0.71875,"embedding_dim=32, hidden_dim=96, dropout=0.13561743266056106, lr=0.001399567099557049",validation_search
hyperparameter_search,movielens_100k,dnn,random_search,0.6782739375,0.6204026043645725,0.57275,,,,0.5836629688739776,False,42,0.33346980006899685,693.0078125,0.0,195.3,3.1500000000000012,0.484375,0.734375,"embedding_dim=16, hidden_dim=96, dropout=0.04891336926325843, lr=0.0010962001141747336",validation_search
hyperparameter_search,movielens_100k,dnn,random_search,0.63043140625,0.5735562868067313,0.51625,,,,0.5549816370010376,False,123,0.34268799994606525,693.0078125,0.0,293.0,9.766129032258062,0.421875,0.734375,"embedding_dim=16, hidden_dim=96, dropout=0.04891336926325843, lr=0.0010962001141747336",validation_search
hyperparameter_search,movielens_100k,dnn,random_search,0.5578246874999999,0.5227252602224879,0.480375,,,,0.5881890118122101,False,456,0.33717900002375245,693.0078125,0.0,293.0,6.406451612903226,0.671875,0.59375,"embedding_dim=16, hidden_dim=96, dropout=0.04891336926325843, lr=0.0010962001141747336",validation_search
hyperparameter_search,movielens_100k,dnn,random_search,0.6299642187500001,0.5748644608665106,0.5245,,,,0.5821112811565399,False,789,0.3388340000528842,693.0078125,0.0,520.8,10.080645161290322,0.484375,0.8125,"embedding_dim=16, hidden_dim=96, dropout=0.04891336926325843, lr=0.0010962001141747336",validation_search
hyperparameter_search,movielens_100k,dnn,random_search,0.53244128125,0.5075964842825613,0.474625,,,,0.5623894453048706,False,2026,0.3407065999926999,693.0078125,0.0,488.3,7.875806451612906,0.515625,0.640625,"embedding_dim=16, hidden_dim=96, dropout=0.04891336926325843, lr=0.0010962001141747336",validation_search
hyperparameter_search,movielens_100k,dnn,random_search,0.5623764687499999,0.5234112533893562,0.484875,,,,0.29311866164207456,False,42,0.37390540004707873,693.0078125,0.0,520.8,19.532258064516128,0.671875,0.6875,"embedding_dim=48, hidden_dim=32, dropout=0.27542353212574844, lr=0.003961147623299825",validation_search
hyperparameter_search,movielens_100k,dnn,random_search,0.56363553125,0.5251300154702239,0.48575,,,,0.3051747173070908,False,123,0.3663383999373764,693.0078125,0.0,312.5,21.52741935483871,0.6875,0.65625,"embedding_dim=48, hidden_dim=32, dropout=0.27542353212574844, lr=0.003961147623299825",validation_search
hyperparameter_search,movielens_100k,dnn,random_search,0.573787375,0.5323972772369077,0.49025,,,,0.30992005467414857,False,456,0.3702996999491006,693.0078125,0.0,416.7,15.122580645161293,0.59375,0.828125,"embedding_dim=48, hidden_dim=32, dropout=0.27542353212574844, lr=0.003961147623299825",validation_search
hyperparameter_search,movielens_100k,dnn,random_search,0.55527834375,0.5236292632452058,0.49025,,,,0.30689101815223696,False,789,0.3700111999642104,693.0078125,0.0,488.3,21.003225806451606,0.6875,0.75,"embedding_dim=48, hidden_dim=32, dropout=0.27542353212574844, lr=0.003961147623299825",validation_search
hyperparameter_search,movielens_100k,dnn,random_search,0.5642849062499999,0.5238447527476998,0.487625,,,,0.3035236120223999,False,2026,0.36990890000015497,693.0078125,0.0,683.6,27.3016129032258,0.734375,0.765625,"embedding_dim=48, hidden_dim=32, dropout=0.27542353212574844, lr=0.003961147623299825",validation_search
hyperparameter_search,movielens_100k,dnn,random_search,0.61077809375,0.5561361751527654,0.494625,,,,0.2946757346391678,False,42,0.3763598999939859,693.0078125,0.0,520.8,36.332258064516125,0.6875,0.75,"embedding_dim=32, hidden_dim=96, dropout=0.27325516085768875, lr=0.002242326919056276",validation_search
hyperparameter_search,movielens_100k,dnn,random_search,0.5965289687499999,0.5473987712206667,0.49475,,,,0.3062022030353546,False,123,0.38529969996307045,693.0078125,0.0,488.3,29.19193548387097,0.703125,0.640625,"embedding_dim=32, hidden_dim=96, dropout=0.27325516085768875, lr=0.002242326919056276",validation_search
hyperparameter_search,movielens_100k,dnn,random_search,0.627004375,0.571878281620287,0.499375,,,,0.30281791388988494,False,456,0.382344700046815,693.0078125,0.0,520.8,23.520967741935483,0.640625,0.6875,"embedding_dim=32, hidden_dim=96, dropout=0.27325516085768875, lr=0.002242326919056276",validation_search
hyperparameter_search,movielens_100k,dnn,random_search,0.6004084375000001,0.5559423778653643,0.499625,,,,0.30950926542282103,False,789,0.38491180003620684,693.0078125,0.0,488.3,11.13225806451613,0.609375,0.8125,"embedding_dim=32, hidden_dim=96, dropout=0.27325516085768875, lr=0.002242326919056276",validation_search
hyperparameter_search,movielens_100k,dnn,random_search,0.5952738125,0.5455163235301517,0.49125,,,,0.28964265882968904,False,2026,0.3825391000136733,693.0078125,0.0,488.3,36.648387096774194,0.609375,0.65625,"embedding_dim=32, hidden_dim=96, dropout=0.27325516085768875, lr=0.002242326919056276",validation_search
hyperparameter_search,movielens_100k,dnn,random_search,0.649823125,0.5886641309142655,0.553875,,,,0.5771811306476593,False,42,0.351124000037089,693.0078125,0.0,520.8,18.272580645161295,0.546875,0.6875,"embedding_dim=32, hidden_dim=64, dropout=0.0489289493446801, lr=0.000865836895470935",validation_search
hyperparameter_search,movielens_100k,dnn,random_search,0.66308984375,0.6023887931048544,0.54825,,,,0.5783737123012542,False,123,0.3456933000124991,693.0078125,0.0,520.8,19.425806451612903,0.65625,0.65625,"embedding_dim=32, hidden_dim=64, dropout=0.0489289493446801, lr=0.000865836895470935",validation_search
hyperparameter_search,movielens_100k,dnn,random_search,0.6213748124999999,0.5629548283734351,0.497875,,,,0.5784529328346253,False,456,0.3454567000735551,693.0078125,0.0,488.3,20.58225806451613,0.515625,0.796875,"embedding_dim=32, hidden_dim=64, dropout=0.0489289493446801, lr=0.000865836895470935",validation_search
hyperparameter_search,movielens_100k,dnn,random_search,0.6465158750000001,0.5864200301745264,0.538375,,,,0.5985667049884796,False,789,0.34628980001434684,693.0078125,0.0,312.5,16.38225806451613,0.484375,0.609375,"embedding_dim=32, hidden_dim=64, dropout=0.0489289493446801, lr=0.000865836895470935",validation_search
hyperparameter_search,movielens_100k,dnn,random_search,0.65145378125,0.5973770708930018,0.57525,,,,0.5792122185230255,False,2026,0.34509960003197193,693.0078125,0.0,293.0,9.558064516129033,0.640625,0.671875,"embedding_dim=32, hidden_dim=64, dropout=0.0489289493446801, lr=0.000865836895470935",validation_search
hyperparameter_search,movielens_100k,dnn,random_search,0.57984275,0.5331138396735816,0.486625,,,,0.2932271003723145,False,42,0.3950800000457093,693.0078125,0.0,416.7,30.97741935483871,0.59375,0.65625,"embedding_dim=32, hidden_dim=96, dropout=0.16488367215009636, lr=0.003008038065519179",validation_search
hyperparameter_search,movielens_100k,dnn,random_search,0.5619261874999999,0.5252368109930605,0.4915,,,,0.30284695625305175,False,123,0.3971639000810683,693.0078125,0.0,416.7,22.996774193548394,0.75,0.734375,"embedding_dim=32, hidden_dim=96, dropout=0.16488367215009636, lr=0.003008038065519179",validation_search
hyperparameter_search,movielens_100k,dnn,random_search,0.5867281875,0.5412248730823376,0.49,,,,0.3008360952138901,False,456,0.388314799987711,693.0078125,0.0,488.3,30.977419354838702,0.671875,0.703125,"embedding_dim=32, hidden_dim=96, dropout=0.16488367215009636, lr=0.003008038065519179",validation_search
hyperparameter_search,movielens_100k,dnn,random_search,0.57236521875,0.5370297567109172,0.493125,,,,0.304801470041275,False,789,0.38883320009335876,693.0078125,0.0,488.3,17.74677419354839,0.71875,0.78125,"embedding_dim=32, hidden_dim=96, dropout=0.16488367215009636, lr=0.003008038065519179",validation_search
hyperparameter_search,movielens_100k,dnn,random_search,0.55950278125,0.5209237427015708,0.48825,,,,0.28626941740512846,False,2026,0.3855418999446556,693.0078125,0.0,520.8,43.05322580645162,0.546875,0.78125,"embedding_dim=32, hidden_dim=96, dropout=0.16488367215009636, lr=0.003008038065519179",validation_search
hyperparameter_search,movielens_100k,dnn,random_search,0.6357324375,0.5744772268681602,0.50575,,,,0.29550734758377073,False,42,0.34321039996575564,693.0078125,0.0,293.0,6.301612903225809,0.5625,0.71875,"embedding_dim=16, hidden_dim=96, dropout=0.22215141200020677, lr=0.0029126968141823324",validation_search
hyperparameter_search,movielens_100k,dnn,random_search,0.58357525,0.5425721775334642,0.493875,,,,0.3025887072086334,False,123,0.3556535999523476,693.0078125,0.0,416.7,9.97741935483871,0.484375,0.65625,"embedding_dim=16, hidden_dim=96, dropout=0.22215141200020677, lr=0.0029126968141823324",validation_search
hyperparameter_search,movielens_100k,dnn,random_search,0.5343837499999999,0.5114175721135242,0.488875,,,,0.3051623523235321,False,456,0.3418133999221027,693.0078125,0.0,104.2,3.361290322580646,0.546875,0.78125,"embedding_dim=16, hidden_dim=96, dropout=0.22215141200020677, lr=0.0029126968141823324",validation_search
hyperparameter_search,movielens_100k,dnn,random_search,0.57665003125,0.5367436858207237,0.4935,,,,0.3025777339935303,False,789,0.35517029999755323,693.0078125,0.0,390.6,14.282258064516126,0.59375,0.59375,"embedding_dim=16, hidden_dim=96, dropout=0.22215141200020677, lr=0.0029126968141823324",validation_search
hyperparameter_search,movielens_100k,dnn,random_search,0.545496375,0.5163045077903652,0.486875,,,,0.2908609390258789,False,2026,0.36184000002685934,693.0078125,0.0,488.3,24.258064516129032,0.46875,0.59375,"embedding_dim=16, hidden_dim=96, dropout=0.22215141200020677, lr=0.0029126968141823324",validation_search
hyperparameter_search,movielens_100k,dnn,random_search,0.6247461875,0.573037473664439,0.539,,,,0.6542272627353668,False,42,0.3204535999102518,693.0078125,0.0,104.2,1.6806451612903226,0.4375,0.5625,"embedding_dim=16, hidden_dim=64, dropout=0.10638253432191426, lr=0.0006870390171640847",validation_search
hyperparameter_search,movielens_100k,dnn,random_search,0.6621035,0.6075970385127845,0.58375,,,,0.6623313367366791,False,123,0.30967460002284497,693.0078125,0.0,312.5,5.040322580645161,0.46875,0.59375,"embedding_dim=16, hidden_dim=64, dropout=0.10638253432191426, lr=0.0006870390171640847",validation_search
hyperparameter_search,movielens_100k,dnn,random_search,0.6126520624999999,0.5546221947070298,0.5825,,,,0.671331810951233,False,456,0.30996400001458824,693.0078125,0.0,293.0,6.301612903225809,0.421875,0.5625,"embedding_dim=16, hidden_dim=64, dropout=0.10638253432191426, lr=0.0006870390171640847",validation_search
hyperparameter_search,movielens_100k,dnn,random_search,0.5712364375,0.5332381681945604,0.488,,,,0.6680089473724365,False,789,0.3067907999502495,693.0078125,0.0,416.7,8.296774193548389,0.4375,0.640625,"embedding_dim=16, hidden_dim=64, dropout=0.10638253432191426, lr=0.0006870390171640847",validation_search
hyperparameter_search,movielens_100k,dnn,random_search,0.64772428125,0.5988294318786849,0.57125,,,,0.6647637009620666,False,2026,0.30431290005799383,693.0078125,0.0,0.0,0.0,0.46875,0.6875,"embedding_dim=16, hidden_dim=64, dropout=0.10638253432191426, lr=0.0006870390171640847",validation_search
hyperparameter_search,movielens_100k,dnn,random_search,0.620951125,0.5622719959394318,0.493375,,,,0.3174706608057022,False,42,0.34510919998865575,693.0078125,0.0,390.6,22.680645161290315,0.515625,0.734375,"embedding_dim=32, hidden_dim=64, dropout=0.07510463548683521, lr=0.0019508971418591076",validation_search
hyperparameter_search,movielens_100k,dnn,random_search,0.628125375,0.5721442018588201,0.5005,,,,0.3229003310203552,False,123,0.338341600028798,693.0078125,0.0,520.8,14.701612903225811,0.578125,0.59375,"embedding_dim=32, hidden_dim=64, dropout=0.07510463548683521, lr=0.0019508971418591076",validation_search
hyperparameter_search,movielens_100k,dnn,random_search,0.596444625,0.5466825520160683,0.488125,,,,0.3226266950368881,False,456,0.3492421000264585,693.0078125,0.0,390.6,6.3,0.578125,0.65625,"embedding_dim=32, hidden_dim=64, dropout=0.07510463548683521, lr=0.0019508971418591076",validation_search
hyperparameter_search,movielens_100k,dnn,random_search,0.60816103125,0.5575605384828084,0.494875,,,,0.34393976628780365,False,789,0.3488391999853775,693.0078125,0.0,488.3,14.175806451612905,0.640625,0.53125,"embedding_dim=32, hidden_dim=64, dropout=0.07510463548683521, lr=0.0019508971418591076",validation_search
hyperparameter_search,movielens_100k,dnn,random_search,0.63409615625,0.5813144729281537,0.519,,,,0.32531183660030366,False,2026,0.34764930000528693,693.0078125,0.0,97.7,1.575806451612903,0.5,0.703125,"embedding_dim=32, hidden_dim=64, dropout=0.07510463548683521, lr=0.0019508971418591076",validation_search
hyperparameter_search,movielens_100k,dnn,random_search,0.64982315625,0.5886641309142655,0.553875,0.6447692500000001,0.5918950186354291,0.543,0.5771811306476593,True,42,0.3698414999525994,693.0078125,0.0,390.6,19.216129032258067,0.5625,0.65625,"Validation-selected configuration: embedding_dim=32, hidden_dim=64, dropout=0.0489289493446801, lr=0.000865836895470935",final_test
hyperparameter_search,movielens_100k,dnn,random_search,0.66308984375,0.6023887931048544,0.54825,0.6599093125000001,0.5966355924353565,0.549,0.5783737123012542,True,123,0.3680668000597507,693.0078125,0.0,293.0,9.66129032258065,0.4375,0.734375,"Validation-selected configuration: embedding_dim=32, hidden_dim=64, dropout=0.0489289493446801, lr=0.000865836895470935",final_test
hyperparameter_search,movielens_100k,dnn,random_search,0.6213748124999999,0.5629548283734351,0.497875,0.6015499375000001,0.5562256252791172,0.487125,0.5784529328346253,True,456,0.36462120001669973,693.0078125,0.0,488.3,25.203225806451613,0.609375,0.546875,"Validation-selected configuration: embedding_dim=32, hidden_dim=64, dropout=0.0489289493446801, lr=0.000865836895470935",final_test
hyperparameter_search,movielens_100k,dnn,random_search,0.646515875,0.5864200678877635,0.538375,0.629044125,0.5724846894948463,0.518375,0.5985667169094085,True,789,0.3586942000547424,693.0078125,0.0,293.0,7.2193548387096795,0.53125,0.59375,"Validation-selected configuration: embedding_dim=32, hidden_dim=64, dropout=0.0489289493446801, lr=0.000865836895470935",final_test
hyperparameter_search,movielens_100k,dnn,random_search,0.65145378125,0.5973770708930018,0.57525,0.64946946875,0.5967796125217096,0.571875,0.5792122185230255,True,2026,0.35631499998271465,693.0078125,0.0,390.6,22.25967741935484,0.515625,0.734375,"Validation-selected configuration: embedding_dim=32, hidden_dim=64, dropout=0.0489289493446801, lr=0.000865836895470935",final_test
hyperparameter_search,movielens_100k,dnn,de_opt,0.54486928125,0.5142338003525863,0.47875,,,,0.2874933809041977,False,42,0.4568193999584764,693.76171875,0.0,416.7,32.34516129032259,0.828125,0.921875,"embedding_dim=48, hidden_dim=96, dropout=0.22535279202823258, lr=0.00621094103787056",validation_search
hyperparameter_search,movielens_100k,dnn,de_opt,0.5409830312499999,0.5113626478504828,0.484375,,,,0.29945150911808016,False,123,0.4558649000246078,693.76171875,0.0,488.3,59.54193548387096,0.90625,0.796875,"embedding_dim=48, hidden_dim=96, dropout=0.22535279202823258, lr=0.00621094103787056",validation_search
hyperparameter_search,movielens_100k,dnn,de_opt,0.5434109375,0.5111722065564058,0.48425,,,,0.30148549377918243,False,456,0.4566480000503361,693.76171875,0.0,585.9,52.925806451612914,0.859375,1.0625,"embedding_dim=48, hidden_dim=96, dropout=0.22535279202823258, lr=0.00621094103787056",validation_search
hyperparameter_search,movielens_100k,dnn,de_opt,0.5200806250000001,0.5030550614197168,0.48275,,,,0.2931208431720734,False,789,0.4608920000027865,693.76171875,0.0,312.5,22.682258064516123,0.78125,0.6875,"embedding_dim=48, hidden_dim=96, dropout=0.22535279202823258, lr=0.00621094103787056",validation_search
hyperparameter_search,movielens_100k,dnn,de_opt,0.5070552500000001,0.4928556803759369,0.482375,,,,0.2859562933444977,False,2026,0.46718959999270737,693.76171875,0.0,488.3,33.60645161290322,0.96875,0.75,"embedding_dim=48, hidden_dim=96, dropout=0.22535279202823258, lr=0.00621094103787056",validation_search
hyperparameter_search,movielens_100k,dnn,de_opt,0.5599342187499999,0.5210082550348748,0.483625,,,,0.2919687032699585,False,42,0.3821188999572769,693.76171875,0.0,488.3,21.212903225806453,0.53125,0.71875,"embedding_dim=32, hidden_dim=96, dropout=0.2879665646447905, lr=0.0036140759824865296",validation_search
hyperparameter_search,movielens_100k,dnn,de_opt,0.5432914375000001,0.5141053399227813,0.4885,,,,0.30237897038459777,False,123,0.38691530004143715,693.76171875,0.0,520.8,52.50322580645161,0.734375,0.703125,"embedding_dim=32, hidden_dim=96, dropout=0.2879665646447905, lr=0.0036140759824865296",validation_search
hyperparameter_search,movielens_100k,dnn,de_opt,0.56952496875,0.5298670752508219,0.489,,,,0.3015171855688095,False,456,0.3794307999778539,693.82421875,0.0,520.8,14.806451612903226,0.65625,0.78125,"embedding_dim=32, hidden_dim=96, dropout=0.2879665646447905, lr=0.0036140759824865296",validation_search
hyperparameter_search,movielens_100k,dnn,de_opt,0.5542199999999999,0.524154561569888,0.48975,,,,0.30232171416282655,False,789,0.3844198000151664,693.82421875,0.0,293.0,6.406451612903226,0.65625,0.75,"embedding_dim=32, hidden_dim=96, dropout=0.2879665646447905, lr=0.0036140759824865296",validation_search
hyperparameter_search,movielens_100k,dnn,de_opt,0.544503,0.5118643473404292,0.486125,,,,0.286548113822937,False,2026,0.3820774999912828,693.82421875,0.0,520.8,18.37741935483871,0.578125,0.75,"embedding_dim=32, hidden_dim=96, dropout=0.2879665646447905, lr=0.0036140759824865296",validation_search
hyperparameter_search,movielens_100k,dnn,de_opt,0.56114434375,0.5224448320703707,0.4825,,,,0.28888943791389465,False,42,0.37862899992614985,693.82421875,0.0,390.6,12.601612903225806,0.625,0.75,"embedding_dim=48, hidden_dim=32, dropout=0.15519496958956588, lr=0.005125134747140126",validation_search
hyperparameter_search,movielens_100k,dnn,de_opt,0.5474470937499999,0.5161035259346132,0.48325,,,,0.2990051180124283,False,123,0.3758935999358073,693.82421875,0.0,488.3,17.641935483870963,0.734375,0.671875,"embedding_dim=48, hidden_dim=32, dropout=0.15519496958956588, lr=0.005125134747140126",validation_search
hyperparameter_search,movielens_100k,dnn,de_opt,0.55289278125,0.5203427299261059,0.485625,,,,0.3003059983253479,False,456,0.37343809998128563,693.82421875,0.0,488.3,19.008064516129036,0.671875,0.734375,"embedding_dim=48, hidden_dim=32, dropout=0.15519496958956588, lr=0.005125134747140126",validation_search
hyperparameter_search,movielens_100k,dnn,de_opt,0.542077,0.5166516807260234,0.48875,,,,0.2970875114202499,False,789,0.3698045000201091,693.82421875,0.0,390.6,15.751612903225809,0.609375,0.734375,"embedding_dim=48, hidden_dim=32, dropout=0.15519496958956588, lr=0.005125134747140126",validation_search
hyperparameter_search,movielens_100k,dnn,de_opt,0.5313328125,0.5022856132832554,0.48175,,,,0.29077527821064,False,2026,0.3746065000304952,693.82421875,0.0,488.3,17.95645161290323,0.734375,0.59375,"embedding_dim=48, hidden_dim=32, dropout=0.15519496958956588, lr=0.005125134747140126",validation_search
hyperparameter_search,movielens_100k,dnn,de_opt,0.630818375,0.5702296554259312,0.498625,,,,0.35444586277008056,False,42,0.34705900005064905,693.82421875,0.0,293.0,11.13225806451613,0.609375,0.609375,"embedding_dim=32, hidden_dim=64, dropout=0.0795335526246719, lr=0.0016804715399186588",validation_search
hyperparameter_search,movielens_100k,dnn,de_opt,0.6466391875,0.5871548986499884,0.514,,,,0.35968774259090425,False,123,0.34616059996187687,693.82421875,0.0,520.8,19.74032258064516,0.546875,0.8125,"embedding_dim=32, hidden_dim=64, dropout=0.0795335526246719, lr=0.0016804715399186588",validation_search
hyperparameter_search,movielens_100k,dnn,de_opt,0.6078630624999999,0.5538542519154104,0.48625,,,,0.357135409116745,False,456,0.3694367000134662,693.82421875,0.0,390.6,17.325806451612905,0.609375,0.59375,"embedding_dim=32, hidden_dim=64, dropout=0.0795335526246719, lr=0.0016804715399186588",validation_search
hyperparameter_search,movielens_100k,dnn,de_opt,0.6137228437500001,0.5603409456496089,0.4955,,,,0.38553310334682467,False,789,0.4159039000514895,693.82421875,0.0,390.6,25.937096774193556,0.578125,0.484375,"embedding_dim=32, hidden_dim=64, dropout=0.0795335526246719, lr=0.0016804715399186588",validation_search
hyperparameter_search,movielens_100k,dnn,de_opt,0.6439360625,0.5899697925838374,0.534625,,,,0.36322605311870576,False,2026,0.37302589998580515,693.82421875,0.0,390.6,22.470967741935493,0.40625,0.65625,"embedding_dim=32, hidden_dim=64, dropout=0.0795335526246719, lr=0.0016804715399186588",validation_search
hyperparameter_search,movielens_100k,dnn,de_opt,0.5366895625000001,0.509374480660898,0.47925,,,,0.2887087821960449,False,42,0.3527138000354171,693.82421875,0.0,293.0,4.725806451612903,0.484375,0.59375,"embedding_dim=16, hidden_dim=64, dropout=0.19410467545554216, lr=0.00922226567619423",validation_search
hyperparameter_search,movielens_100k,dnn,de_opt,0.5150042187499999,0.4984793407173449,0.484125,,,,0.3011681169271469,False,123,0.34335739992093295,693.82421875,0.0,390.6,11.025806451612905,0.5,0.515625,"embedding_dim=16, hidden_dim=64, dropout=0.19410467545554216, lr=0.00922226567619423",validation_search
hyperparameter_search,movielens_100k,dnn,de_opt,0.5402674062499999,0.5110862135671964,0.484375,,,,0.3032632112503052,False,456,0.34081560000777245,693.82421875,0.0,293.0,6.406451612903226,0.453125,0.46875,"embedding_dim=16, hidden_dim=64, dropout=0.19410467545554216, lr=0.00922226567619423",validation_search
hyperparameter_search,movielens_100k,dnn,de_opt,0.53333821875,0.5089733393522953,0.483,,,,0.29701362252235414,False,789,0.33890400000382215,693.82421875,0.0,0.0,0.0,0.484375,0.5,"embedding_dim=16, hidden_dim=64, dropout=0.19410467545554216, lr=0.00922226567619423",validation_search
hyperparameter_search,movielens_100k,dnn,de_opt,0.48833415625,0.4828543191338236,0.482875,,,,0.28626861572265627,False,2026,0.3370483999606222,693.82421875,0.0,97.7,3.1516129032258062,0.4375,0.53125,"embedding_dim=16, hidden_dim=64, dropout=0.19410467545554216, lr=0.00922226567619423",validation_search
hyperparameter_search,movielens_100k,dnn,de_opt,0.5149145312500001,0.49640515384766426,0.4795,,,,0.2839552193880081,False,42,0.5003369000041857,693.82421875,0.0,488.3,78.96774193548383,0.796875,0.796875,"embedding_dim=48, hidden_dim=96, dropout=0.02233603963646136, lr=0.0074429541829455735",validation_search
hyperparameter_search,movielens_100k,dnn,de_opt,0.53455928125,0.5067919464873873,0.483875,,,,0.2943528801202774,False,123,0.49502389994449914,693.82421875,0.0,520.8,38.85322580645162,0.734375,0.984375,"embedding_dim=48, hidden_dim=96, dropout=0.02233603963646136, lr=0.0074429541829455735",validation_search
hyperparameter_search,movielens_100k,dnn,de_opt,0.53731525,0.5071730602731457,0.47975,,,,0.29687066972255705,False,456,0.5065706000896171,693.82421875,0.0,416.7,40.11290322580646,0.90625,0.765625,"embedding_dim=48, hidden_dim=96, dropout=0.02233603963646136, lr=0.0074429541829455735",validation_search
hyperparameter_search,movielens_100k,dnn,de_opt,0.50935878125,0.4980273735668844,0.482375,,,,0.28905785381793975,False,789,0.4881473999703303,693.7890625,0.0,520.8,98.1822580645161,0.96875,0.703125,"embedding_dim=48, hidden_dim=96, dropout=0.02233603963646136, lr=0.0074429541829455735",validation_search
hyperparameter_search,movielens_100k,dnn,de_opt,0.48871275,0.48360424510809674,0.48175,,,,0.27980985343456266,False,2026,0.4961205000290647,693.7890625,0.0,416.7,55.02903225806451,0.765625,0.65625,"embedding_dim=48, hidden_dim=96, dropout=0.02233603963646136, lr=0.0074429541829455735",validation_search
hyperparameter_search,movielens_100k,dnn,de_opt,0.5559061249999999,0.5211784778620532,0.48,,,,0.2873322755098343,False,42,0.3852778000291437,693.8125,0.0,293.0,7.8774193548387075,0.671875,0.671875,"embedding_dim=32, hidden_dim=64, dropout=0.15406641636379478, lr=0.00621094103787056",validation_search
hyperparameter_search,movielens_100k,dnn,de_opt,0.5533508125000001,0.5238792996084183,0.485875,,,,0.3014345526695251,False,123,0.3805244999239221,693.8125,0.0,416.7,24.36290322580645,0.609375,0.59375,"embedding_dim=32, hidden_dim=64, dropout=0.15406641636379478, lr=0.00621094103787056",validation_search
hyperparameter_search,movielens_100k,dnn,de_opt,0.5430491875,0.5155707176885476,0.482375,,,,0.300521531701088,False,456,0.3879566000541672,693.8125,0.0,520.8,11.549999999999999,0.640625,0.71875,"embedding_dim=32, hidden_dim=64, dropout=0.15406641636379478, lr=0.00621094103787056",validation_search
hyperparameter_search,movielens_100k,dnn,de_opt,0.5410165625000001,0.5155076037136572,0.4825,,,,0.2929484486579895,False,789,0.3675055999774486,693.8125,0.0,520.8,32.65806451612903,0.5625,0.75,"embedding_dim=32, hidden_dim=64, dropout=0.15406641636379478, lr=0.00621094103787056",validation_search
hyperparameter_search,movielens_100k,dnn,de_opt,0.5298939375,0.5034057377103951,0.479375,,,,0.2898669928312302,False,2026,0.35419010010082275,693.8125,0.0,293.0,7.98225806451613,0.609375,0.6875,"embedding_dim=32, hidden_dim=64, dropout=0.15406641636379478, lr=0.00621094103787056",validation_search
hyperparameter_search,movielens_100k,dnn,de_opt,0.55472821875,0.5198515931809851,0.47875,,,,0.28476770520210265,False,42,0.426341800019145,693.84375,0.0,488.3,36.96612903225808,0.578125,0.8125,"embedding_dim=48, hidden_dim=96, dropout=0.0, lr=0.004933472443786938",validation_search
hyperparameter_search,movielens_100k,dnn,de_opt,0.5593358125,0.5243619252861127,0.487,,,,0.3011176586151123,False,123,0.4164341000141576,693.84375,0.0,520.8,45.045161290322575,0.796875,0.703125,"embedding_dim=48, hidden_dim=96, dropout=0.0, lr=0.004933472443786938",validation_search
hyperparameter_search,movielens_100k,dnn,de_opt,0.5674612499999999,0.5265956834292425,0.48575,,,,0.2978758215904236,False,456,0.4224602000322193,693.84375,0.0,416.7,29.088709677419352,0.796875,0.640625,"embedding_dim=48, hidden_dim=96, dropout=0.0, lr=0.004933472443786938",validation_search
hyperparameter_search,movielens_100k,dnn,de_opt,0.5347829375,0.5126153834655844,0.483375,,,,0.2916188180446625,False,789,0.42663660005200654,693.84375,0.0,520.8,42.00483870967743,0.859375,0.734375,"embedding_dim=48, hidden_dim=96, dropout=0.0, lr=0.004933472443786938",validation_search
hyperparameter_search,movielens_100k,dnn,de_opt,0.5410201875,0.5092526191933773,0.48,,,,0.2853696167469025,False,2026,0.4300919999368489,693.84375,0.0,488.3,48.7258064516129,0.765625,0.734375,"embedding_dim=48, hidden_dim=96, dropout=0.0, lr=0.004933472443786938",validation_search
hyperparameter_search,movielens_100k,dnn,de_opt,0.52600875,0.5025273054948936,0.47675,,,,0.28885852694511416,False,42,0.409266599919647,693.84375,0.0,293.0,23.629032258064516,0.625,0.875,"embedding_dim=48, hidden_dim=32, dropout=0.15519496958956588, lr=0.01",validation_search
hyperparameter_search,movielens_100k,dnn,de_opt,0.52945234375,0.504107894152101,0.481375,,,,0.29582720398902895,False,123,0.411223900038749,693.84375,0.0,390.6,25.30806451612903,0.828125,0.640625,"embedding_dim=48, hidden_dim=32, dropout=0.15519496958956588, lr=0.01",validation_search
hyperparameter_search,movielens_100k,dnn,de_opt,0.5389740625000001,0.5093677727065836,0.48125,,,,0.29879927933216094,False,456,0.4143814999843016,693.84375,0.0,416.7,40.848387096774196,0.6875,0.625,"embedding_dim=48, hidden_dim=32, dropout=0.15519496958956588, lr=0.01",validation_search
hyperparameter_search,movielens_100k,dnn,de_opt,0.5240245,0.5033530630658883,0.484125,,,,0.2954587161540985,False,789,0.41350399993825704,693.84375,0.0,520.8,31.18709677419355,0.78125,0.734375,"embedding_dim=48, hidden_dim=32, dropout=0.15519496958956588, lr=0.01",validation_search
hyperparameter_search,movielens_100k,dnn,de_opt,0.52376340625,0.49811647506523515,0.481,,,,0.2879491299390793,False,2026,0.42137039999943227,693.84375,0.0,488.3,42.214516129032255,0.859375,0.671875,"embedding_dim=48, hidden_dim=32, dropout=0.15519496958956588, lr=0.01",validation_search
hyperparameter_search,movielens_100k,dnn,de_opt,0.57298553125,0.5291447540473015,0.481375,,,,0.28373760879039767,False,42,0.449085499974899,693.84375,0.0,416.7,38.53870967741935,0.84375,0.6875,"embedding_dim=48, hidden_dim=64, dropout=0.034956924516209326, lr=0.004411036886688374",validation_search
hyperparameter_search,movielens_100k,dnn,de_opt,0.54578809375,0.5177215949321672,0.484875,,,,0.29770636558532715,False,123,0.44210839993320405,693.84375,0.0,416.7,39.06451612903226,0.828125,0.765625,"embedding_dim=48, hidden_dim=64, dropout=0.034956924516209326, lr=0.004411036886688374",validation_search
hyperparameter_search,movielens_100k,dnn,de_opt,0.549336375,0.5173808004596585,0.483375,,,,0.297882941365242,False,456,0.4617857000557706,693.84375,0.0,520.8,32.448387096774184,0.90625,0.78125,"embedding_dim=48, hidden_dim=64, dropout=0.034956924516209326, lr=0.004411036886688374",validation_search
hyperparameter_search,movielens_100k,dnn,de_opt,0.5335216875,0.5124430658150074,0.483,,,,0.29245986342430114,False,789,0.4568475999403745,693.84375,0.0,416.7,53.13225806451613,0.875,0.734375,"embedding_dim=48, hidden_dim=64, dropout=0.034956924516209326, lr=0.004411036886688374",validation_search
hyperparameter_search,movielens_100k,dnn,de_opt,0.543039,0.5110535459695781,0.481,,,,0.2845622479915619,False,2026,0.4684230999555439,693.84375,0.0,488.3,64.68709677419353,0.84375,0.8125,"embedding_dim=48, hidden_dim=64, dropout=0.034956924516209326, lr=0.004411036886688374",validation_search
hyperparameter_search,movielens_100k,dnn,de_opt,0.53868809375,0.5101290869736668,0.478625,,,,0.2863336980342865,False,42,0.3869401999982074,693.84375,0.0,488.3,36.96451612903226,0.625,0.75,"embedding_dim=32, hidden_dim=64, dropout=0.19410467545554216, lr=0.008514552514493273",validation_search
hyperparameter_search,movielens_100k,dnn,de_opt,0.5228398125,0.5034348622219758,0.484875,,,,0.29686052203178404,False,123,0.3857314999913797,693.84375,0.0,293.0,9.45161290322581,0.734375,0.65625,"embedding_dim=32, hidden_dim=64, dropout=0.19410467545554216, lr=0.008514552514493273",validation_search
hyperparameter_search,movielens_100k,dnn,de_opt,0.5290901875,0.5045752147506711,0.481875,,,,0.3000697195529938,False,456,0.38517489994410425,693.84375,0.0,390.6,44.732258064516124,0.53125,0.765625,"embedding_dim=32, hidden_dim=64, dropout=0.19410467545554216, lr=0.008514552514493273",validation_search
hyperparameter_search,movielens_100k,dnn,de_opt,0.524822,0.5052277578224552,0.48525,,,,0.2926410913467407,False,789,0.38048140006139874,693.84375,0.0,416.7,30.769354838709674,0.546875,0.65625,"embedding_dim=32, hidden_dim=64, dropout=0.19410467545554216, lr=0.008514552514493273",validation_search
hyperparameter_search,movielens_100k,dnn,de_opt,0.5023576562500001,0.4879093260462366,0.478375,,,,0.2869055986404419,False,2026,0.3886420000344515,693.84375,0.0,488.3,27.198387096774205,0.609375,0.6875,"embedding_dim=32, hidden_dim=64, dropout=0.19410467545554216, lr=0.008514552514493273",validation_search
hyperparameter_search,movielens_100k,dnn,de_opt,0.6005535,0.5469930712376392,0.491125,,,,0.2935883402824402,False,42,0.381157899973914,693.84375,0.0,488.3,40.21774193548387,0.5,0.734375,"embedding_dim=32, hidden_dim=64, dropout=0.1067703467308553, lr=0.0023974565219743093",validation_search
hyperparameter_search,movielens_100k,dnn,de_opt,0.5988049375000001,0.5501532539350382,0.494,,,,0.30492663383483887,False,123,0.38533730001654476,693.84375,0.0,293.0,16.06935483870967,0.625,0.53125,"embedding_dim=32, hidden_dim=64, dropout=0.1067703467308553, lr=0.0023974565219743093",validation_search
hyperparameter_search,movielens_100k,dnn,de_opt,0.5813444375,0.5374983405303831,0.490875,,,,0.3037199854850769,False,456,0.3757859000470489,693.84375,0.0,390.6,30.03225806451613,0.53125,0.640625,"embedding_dim=32, hidden_dim=64, dropout=0.1067703467308553, lr=0.0023974565219743093",validation_search
hyperparameter_search,movielens_100k,dnn,de_opt,0.5984220625000001,0.5514797320975837,0.495,,,,0.30844117105007174,False,789,0.3663897999795154,693.84375,0.0,520.8,11.551612903225804,0.625,0.59375,"embedding_dim=32, hidden_dim=64, dropout=0.1067703467308553, lr=0.0023974565219743093",validation_search
hyperparameter_search,movielens_100k,dnn,de_opt,0.61606990625,0.5649795721532901,0.50425,,,,0.2976992934942245,False,2026,0.3785583999706432,693.84375,0.0,416.7,13.23225806451613,0.578125,0.53125,"embedding_dim=32, hidden_dim=64, dropout=0.1067703467308553, lr=0.0023974565219743093",validation_search
hyperparameter_search,movielens_100k,dnn,de_opt,0.6539424374999999,0.5950332831602634,0.5465,,,,0.4641930729150772,False,42,0.3975383999058977,693.84375,0.0,416.7,31.291935483870976,0.71875,0.5,"embedding_dim=32, hidden_dim=96, dropout=0.2077667786631813, lr=0.0011606086747790907",validation_search
hyperparameter_search,movielens_100k,dnn,de_opt,0.6424839999999999,0.5814181416237698,0.524125,,,,0.47049674689769744,False,123,0.3949146999511868,693.84375,0.0,416.7,19.535483870967756,0.734375,0.578125,"embedding_dim=32, hidden_dim=96, dropout=0.2077667786631813, lr=0.0011606086747790907",validation_search
hyperparameter_search,movielens_100k,dnn,de_opt,0.64932603125,0.5883765210377765,0.517625,,,,0.47289607524871824,False,456,0.400296000065282,693.84375,0.0,416.7,24.256451612903234,0.609375,0.640625,"embedding_dim=32, hidden_dim=96, dropout=0.2077667786631813, lr=0.0011606086747790907",validation_search
hyperparameter_search,movielens_100k,dnn,de_opt,0.6238339687500001,0.5681266623785385,0.51125,,,,0.46981782019138335,False,789,0.398958700010553,693.84375,0.0,520.8,32.658064516129045,0.59375,0.828125,"embedding_dim=32, hidden_dim=96, dropout=0.2077667786631813, lr=0.0011606086747790907",validation_search
hyperparameter_search,movielens_100k,dnn,de_opt,0.6369528125,0.578663474310128,0.50025,,,,0.44721138179302217,False,2026,0.41813380003441125,693.84375,0.0,416.7,33.603225806451604,0.609375,0.796875,"embedding_dim=32, hidden_dim=96, dropout=0.2077667786631813, lr=0.0011606086747790907",validation_search
hyperparameter_search,movielens_100k,dnn,de_opt,0.54669178125,0.5145869407335513,0.4805,,,,0.2865601688623428,False,42,0.37284289998933673,693.84375,0.0,390.6,9.45161290322581,0.5625,0.546875,"embedding_dim=32, hidden_dim=64, dropout=0.16020743945444477, lr=0.005002575417734036",validation_search
hyperparameter_search,movielens_100k,dnn,de_opt,0.541681125,0.5155276504827877,0.4825,,,,0.30001111328601837,False,123,0.3666693000122905,693.84375,0.0,488.3,33.0774193548387,0.578125,0.765625,"embedding_dim=32, hidden_dim=64, dropout=0.16020743945444477, lr=0.005002575417734036",validation_search
hyperparameter_search,movielens_100k,dnn,de_opt,0.540618375,0.5134244377858301,0.48275,,,,0.29978618025779724,False,456,0.38335229991935194,693.84375,0.0,293.0,14.38870967741935,0.5625,0.59375,"embedding_dim=32, hidden_dim=64, dropout=0.16020743945444477, lr=0.005002575417734036",validation_search
hyperparameter_search,movielens_100k,dnn,de_opt,0.53849603125,0.5139767747379633,0.484375,,,,0.293517541885376,False,789,0.3539582999655977,693.84375,0.0,520.8,19.425806451612903,0.515625,0.859375,"embedding_dim=32, hidden_dim=64, dropout=0.16020743945444477, lr=0.005002575417734036",validation_search
hyperparameter_search,movielens_100k,dnn,de_opt,0.5445355,0.5108351208759252,0.4795,,,,0.2894553244113922,False,2026,0.34478699997998774,693.84375,0.0,488.3,14.282258064516132,0.578125,0.796875,"embedding_dim=32, hidden_dim=64, dropout=0.16020743945444477, lr=0.005002575417734036",validation_search
hyperparameter_search,movielens_100k,dnn,de_opt,0.57838540625,0.5333576839559142,0.48275,,,,0.2846319884061813,False,42,0.3691527999471873,693.84375,0.0,488.3,27.091935483870984,0.8125,0.578125,"embedding_dim=48, hidden_dim=64, dropout=0.0, lr=0.005125134747140126",validation_search
hyperparameter_search,movielens_100k,dnn,de_opt,0.550878625,0.5218364107146096,0.486875,,,,0.2975805729627609,False,123,0.37078160000965,693.84375,0.0,208.3,9.661290322580644,0.71875,0.625,"embedding_dim=48, hidden_dim=64, dropout=0.0, lr=0.005125134747140126",validation_search
hyperparameter_search,movielens_100k,dnn,de_opt,0.559825,0.5238171040740016,0.482,,,,0.2981795877218246,False,456,0.37317489995621145,693.84375,0.0,416.7,27.514516129032256,0.59375,0.796875,"embedding_dim=48, hidden_dim=64, dropout=0.0, lr=0.005125134747140126",validation_search
hyperparameter_search,movielens_100k,dnn,de_opt,0.546556125,0.5205512294544572,0.481375,,,,0.2921182423830032,False,789,0.3673898000270128,693.84375,0.0,416.7,19.320967741935487,0.6875,0.828125,"embedding_dim=48, hidden_dim=64, dropout=0.0, lr=0.005125134747140126",validation_search
hyperparameter_search,movielens_100k,dnn,de_opt,0.544084875,0.5130298887133795,0.481375,,,,0.28656378388404846,False,2026,0.36513569997623563,693.84375,0.0,312.5,9.870967741935484,0.75,0.625,"embedding_dim=48, hidden_dim=64, dropout=0.0, lr=0.005125134747140126",validation_search
hyperparameter_search,movielens_100k,dnn,de_opt,0.65441165625,0.5974828231734608,0.567625,,,,0.64320307970047,False,42,0.3426876999437809,693.84375,0.0,390.6,12.601612903225805,0.59375,0.78125,"embedding_dim=32, hidden_dim=64, dropout=0.2734701010956551, lr=0.0006370457573327418",validation_search
hyperparameter_search,movielens_100k,dnn,de_opt,0.6592490000000001,0.6031384856376145,0.550375,,,,0.643374764919281,False,123,0.34566499991342425,693.84375,0.0,520.8,24.151612903225814,0.6875,0.53125,"embedding_dim=32, hidden_dim=64, dropout=0.2734701010956551, lr=0.0006370457573327418",validation_search
hyperparameter_search,movielens_100k,dnn,de_opt,0.62315021875,0.567284877085998,0.5175,,,,0.6456196010112762,False,456,0.3412015999201685,693.84375,0.0,312.5,14.806451612903224,0.640625,0.59375,"embedding_dim=32, hidden_dim=64, dropout=0.2734701010956551, lr=0.0006370457573327418",validation_search
hyperparameter_search,movielens_100k,dnn,de_opt,0.65751953125,0.6008526151601785,0.560125,,,,0.6524934291839599,False,789,0.35206369997467846,693.84375,0.0,520.8,26.041935483870972,0.5,0.71875,"embedding_dim=32, hidden_dim=64, dropout=0.2734701010956551, lr=0.0006370457573327418",validation_search
hyperparameter_search,movielens_100k,dnn,de_opt,0.6522873124999999,0.6035720795795819,0.594625,,,,0.6438747942447662,False,2026,0.38898369995877147,693.84375,0.0,488.3,16.17258064516129,0.484375,0.796875,"embedding_dim=32, hidden_dim=64, dropout=0.2734701010956551, lr=0.0006370457573327418",validation_search
hyperparameter_search,movielens_100k,dnn,de_opt,0.6185484375,0.5709518666710031,0.550125,,,,0.6680113196372985,False,42,0.30512529995758086,690.4921875,0.0,293.0,6.406451612903226,0.53125,0.5625,"embedding_dim=16, hidden_dim=64, dropout=0.3482093438072538, lr=0.000630957344480193",validation_search
hyperparameter_search,movielens_100k,dnn,de_opt,0.6585710625,0.6087600550281753,0.60125,,,,0.6730729103088379,False,123,0.30817600002046674,690.4921875,0.0,390.6,6.300000000000001,0.40625,0.765625,"embedding_dim=16, hidden_dim=64, dropout=0.3482093438072538, lr=0.000630957344480193",validation_search
hyperparameter_search,movielens_100k,dnn,de_opt,0.5996006875000001,0.5471630293118407,0.597,,,,0.6796063423156739,False,456,0.31823610002174973,690.4921875,0.0,293.0,4.725806451612906,0.421875,0.625,"embedding_dim=16, hidden_dim=64, dropout=0.3482093438072538, lr=0.000630957344480193",validation_search
hyperparameter_search,movielens_100k,dnn,de_opt,0.5621662187500001,0.527508336643245,0.4885,,,,0.6770951807498932,False,789,0.30645080003887415,690.4921875,0.0,97.7,1.5758064516129033,0.40625,0.625,"embedding_dim=16, hidden_dim=64, dropout=0.3482093438072538, lr=0.000630957344480193",validation_search
hyperparameter_search,movielens_100k,dnn,de_opt,0.6443065,0.5983853388328735,0.573625,,,,0.6744929850101471,False,2026,0.3028567999135703,690.4921875,0.0,390.6,6.300000000000001,0.515625,0.546875,"embedding_dim=16, hidden_dim=64, dropout=0.3482093438072538, lr=0.000630957344480193",validation_search
hyperparameter_search,movielens_100k,dnn,de_opt,0.6493544687499999,0.5888892933663524,0.5545,,,,0.5941905856132508,False,42,0.34800530003849417,690.5546875,0.0,390.6,9.659677419354843,0.5,0.71875,"embedding_dim=32, hidden_dim=64, dropout=0.1067703467308553, lr=0.0008135162531927126",validation_search
hyperparameter_search,movielens_100k,dnn,de_opt,0.663322,0.6029932441451513,0.548875,,,,0.5954239904880524,False,123,0.3408041999209672,690.5546875,0.0,390.6,11.130645161290323,0.453125,0.71875,"embedding_dim=32, hidden_dim=64, dropout=0.1067703467308553, lr=0.0008135162531927126",validation_search
hyperparameter_search,movielens_100k,dnn,de_opt,0.62261703125,0.5641975469694527,0.500125,,,,0.5954071164131165,False,456,0.34318009996786714,690.5546875,0.0,390.6,7.87580645161291,0.5,0.8125,"embedding_dim=32, hidden_dim=64, dropout=0.1067703467308553, lr=0.0008135162531927126",validation_search
hyperparameter_search,movielens_100k,dnn,de_opt,0.6519499687500001,0.5924191783295523,0.54775,,,,0.6143376588821411,False,789,0.34532080008648336,690.5546875,0.0,520.8,41.162903225806446,0.546875,0.640625,"embedding_dim=32, hidden_dim=64, dropout=0.1067703467308553, lr=0.0008135162531927126",validation_search
hyperparameter_search,movielens_100k,dnn,de_opt,0.65454009375,0.6014732043003911,0.581125,,,,0.5972938179969788,False,2026,0.34763350000139326,690.5546875,0.0,312.5,9.766129032258064,0.5625,0.75,"embedding_dim=32, hidden_dim=64, dropout=0.1067703467308553, lr=0.0008135162531927126",validation_search
hyperparameter_search,movielens_100k,dnn,de_opt,0.61329559375,0.5557752402471633,0.491625,,,,0.30098339915275574,False,42,0.3421540000708774,690.5546875,0.0,390.6,9.451612903225808,0.609375,0.71875,"embedding_dim=32, hidden_dim=64, dropout=0.2734701010956551, lr=0.0022884284472308464",validation_search
hyperparameter_search,movielens_100k,dnn,de_opt,0.6106361875,0.5579733116687913,0.4945,,,,0.31044392883777616,False,123,0.34464779996778816,690.5546875,0.0,520.8,33.603225806451604,0.640625,0.640625,"embedding_dim=32, hidden_dim=64, dropout=0.2734701010956551, lr=0.0022884284472308464",validation_search
hyperparameter_search,movielens_100k,dnn,de_opt,0.5881171875000001,0.5413671961392374,0.489375,,,,0.31042400002479553,False,456,0.3480970000382513,690.5546875,0.0,416.7,14.596774193548386,0.5,0.796875,"embedding_dim=32, hidden_dim=64, dropout=0.2734701010956551, lr=0.0022884284472308464",validation_search
hyperparameter_search,movielens_100k,dnn,de_opt,0.608827625,0.5594701791864235,0.4975,,,,0.31931384205818175,False,789,0.34609610005281866,690.5546875,0.0,488.3,27.406451612903226,0.625,0.578125,"embedding_dim=32, hidden_dim=64, dropout=0.2734701010956551, lr=0.0022884284472308464",validation_search
hyperparameter_search,movielens_100k,dnn,de_opt,0.62133340625,0.5701954251099528,0.51075,,,,0.305983829498291,False,2026,0.34949669998604804,690.5546875,0.0,390.6,19.111290322580643,0.546875,0.609375,"embedding_dim=32, hidden_dim=64, dropout=0.2734701010956551, lr=0.0022884284472308464",validation_search
hyperparameter_search,movielens_100k,dnn,de_opt,0.5639884687500001,0.5248426006771136,0.479,,,,0.2844670951366425,False,42,0.38624799996614456,692.9921875,0.0,416.7,24.04677419354839,0.671875,0.703125,"embedding_dim=48, hidden_dim=64, dropout=0.0, lr=0.00608194113704693",validation_search
hyperparameter_search,movielens_100k,dnn,de_opt,0.5412647500000001,0.5161533614553431,0.486625,,,,0.2958992004394531,False,123,0.37485780008137226,693.0546875,0.0,390.6,14.7,0.75,0.515625,"embedding_dim=48, hidden_dim=64, dropout=0.0, lr=0.00608194113704693",validation_search
hyperparameter_search,movielens_100k,dnn,de_opt,0.5531978437499999,0.5192437175165292,0.484125,,,,0.298180016875267,False,456,0.366758199990727,693.0546875,0.0,390.6,9.659677419354841,0.71875,0.75,"embedding_dim=48, hidden_dim=64, dropout=0.0, lr=0.00608194113704693",validation_search
hyperparameter_search,movielens_100k,dnn,de_opt,0.5406971875000001,0.5165141995429356,0.484125,,,,0.2926602065563202,False,789,0.3826917000114918,693.0546875,0.0,488.3,16.17258064516129,0.734375,0.71875,"embedding_dim=48, hidden_dim=64, dropout=0.0, lr=0.00608194113704693",validation_search
hyperparameter_search,movielens_100k,dnn,de_opt,0.5273988125,0.5030147033616302,0.481875,,,,0.2866674423217773,False,2026,0.43057220010086894,693.0546875,0.0,416.7,24.46774193548387,0.75,0.53125,"embedding_dim=48, hidden_dim=64, dropout=0.0, lr=0.00608194113704693",validation_search
hyperparameter_search,movielens_100k,dnn,de_opt,0.6251070000000001,0.5686409683118234,0.513625,,,,0.517087310552597,False,42,0.30274509999435395,693.0546875,0.0,416.7,9.870967741935484,0.515625,0.484375,"embedding_dim=16, hidden_dim=64, dropout=0.35, lr=0.0013973912729450992",validation_search
hyperparameter_search,movielens_100k,dnn,de_opt,0.6496659062500001,0.5939231892771599,0.5565,,,,0.5515437185764313,False,123,0.3059990999754518,693.0546875,0.0,293.0,4.725806451612903,0.46875,0.625,"embedding_dim=16, hidden_dim=64, dropout=0.35, lr=0.0013973912729450992",validation_search
hyperparameter_search,movielens_100k,dnn,de_opt,0.61957665625,0.5589922629986139,0.49975,,,,0.5701172053813934,False,456,0.304492799914442,693.0546875,0.0,0.0,0.0,0.453125,0.65625,"embedding_dim=16, hidden_dim=64, dropout=0.35, lr=0.0013973912729450992",validation_search
hyperparameter_search,movielens_100k,dnn,de_opt,0.55024828125,0.5193137594865496,0.4805,,,,0.5673370659351349,False,789,0.30547040002420545,693.0546875,0.0,97.7,1.575806451612903,0.453125,0.75,"embedding_dim=16, hidden_dim=64, dropout=0.35, lr=0.0013973912729450992",validation_search
hyperparameter_search,movielens_100k,dnn,de_opt,0.630860875,0.5768362042904605,0.52275,,,,0.5572025060653687,False,2026,0.3101021000184119,693.0546875,0.0,0.0,0.0,0.4375,0.625,"embedding_dim=16, hidden_dim=64, dropout=0.35, lr=0.0013973912729450992",validation_search
hyperparameter_search,movielens_100k,dnn,de_opt,0.62240925,0.5720549005924607,0.545375,,,,0.6579868018627166,False,42,0.30125080002471805,693.0546875,0.0,416.7,8.296774193548387,0.40625,0.734375,"embedding_dim=16, hidden_dim=64, dropout=0.35, lr=0.0007185261030064873",validation_search
hyperparameter_search,movielens_100k,dnn,de_opt,0.65915646875,0.6073192447734244,0.591125,,,,0.6653243422508239,False,123,0.3123646000167355,693.0546875,0.0,520.8,8.400000000000004,0.453125,0.578125,"embedding_dim=16, hidden_dim=64, dropout=0.35, lr=0.0007185261030064873",validation_search
hyperparameter_search,movielens_100k,dnn,de_opt,0.60591278125,0.5508968875767689,0.57375,,,,0.6735222160816192,False,456,0.3148532999912277,693.0546875,0.0,416.7,6.720967741935482,0.484375,0.890625,"embedding_dim=16, hidden_dim=64, dropout=0.35, lr=0.0007185261030064873",validation_search
hyperparameter_search,movielens_100k,dnn,de_opt,0.5628870625,0.527794941205395,0.486,,,,0.6704778373241425,False,789,0.30213990004267544,693.0546875,0.0,0.0,0.0,0.484375,0.5625,"embedding_dim=16, hidden_dim=64, dropout=0.35, lr=0.0007185261030064873",validation_search
hyperparameter_search,movielens_100k,dnn,de_opt,0.6467655312499999,0.5984863353482823,0.570625,,,,0.6672540545463562,False,2026,0.3045564000494778,693.0546875,0.0,416.7,6.720967741935484,0.46875,0.796875,"embedding_dim=16, hidden_dim=64, dropout=0.35, lr=0.0007185261030064873",validation_search
hyperparameter_search,movielens_100k,dnn,de_opt,0.6256184375,0.5697531263903892,0.52025,,,,0.5850775003433227,False,42,0.3006165000842884,693.0546875,0.0,0.0,0.0,0.40625,0.5,"embedding_dim=16, hidden_dim=64, dropout=0.2793024976473718, lr=0.0010896683127281264",validation_search
hyperparameter_search,movielens_100k,dnn,de_opt,0.6567219687500001,0.6006192977014091,0.562875,,,,0.6096978127956391,False,123,0.30380889994557947,693.0546875,0.0,104.2,1.680645161290323,0.40625,0.59375,"embedding_dim=16, hidden_dim=64, dropout=0.2793024976473718, lr=0.0010896683127281264",validation_search
hyperparameter_search,movielens_100k,dnn,de_opt,0.6240955625000001,0.562227394416861,0.52425,,,,0.6258141279220581,False,456,0.3030074998969212,693.0546875,0.0,0.0,0.0,0.421875,0.71875,"embedding_dim=16, hidden_dim=64, dropout=0.2793024976473718, lr=0.0010896683127281264",validation_search
hyperparameter_search,movielens_100k,dnn,de_opt,0.56001025,0.5258310357047602,0.480875,,,,0.6197747170925141,False,789,0.30699089996051043,693.0546875,0.0,0.0,0.0,0.578125,0.625,"embedding_dim=16, hidden_dim=64, dropout=0.2793024976473718, lr=0.0010896683127281264",validation_search
hyperparameter_search,movielens_100k,dnn,de_opt,0.6415829375,0.5882372309825892,0.542,,,,0.6132008731365204,False,2026,0.30602720007300377,693.0546875,0.0,0.0,0.0,0.390625,0.53125,"embedding_dim=16, hidden_dim=64, dropout=0.2793024976473718, lr=0.0010896683127281264",validation_search
hyperparameter_search,movielens_100k,dnn,de_opt,0.5976656874999999,0.5484162496307714,0.489375,,,,0.32572114169597627,False,42,0.307795999920927,693.0546875,0.0,97.7,1.5758064516129031,0.546875,0.5,"embedding_dim=16, hidden_dim=64, dropout=0.3354423478344982, lr=0.0024133057550277796",validation_search
hyperparameter_search,movielens_100k,dnn,de_opt,0.6238606874999999,0.5736882908721678,0.51075,,,,0.36653960645198824,False,123,0.31445269996766,693.0546875,0.0,488.3,9.451612903225806,0.484375,0.59375,"embedding_dim=16, hidden_dim=64, dropout=0.3354423478344982, lr=0.0024133057550277796",validation_search
hyperparameter_search,movielens_100k,dnn,de_opt,0.6168511875,0.5599669616682731,0.487375,,,,0.3638203501701355,False,456,0.30319590005092323,693.0546875,0.0,104.2,1.680645161290323,0.4375,0.609375,"embedding_dim=16, hidden_dim=64, dropout=0.3354423478344982, lr=0.0024133057550277796",validation_search
hyperparameter_search,movielens_100k,dnn,de_opt,0.5525949374999999,0.5210570764264685,0.486375,,,,0.3688762605190277,False,789,0.3038081999402493,693.0546875,0.0,0.0,0.0,0.359375,0.71875,"embedding_dim=16, hidden_dim=64, dropout=0.3354423478344982, lr=0.0024133057550277796",validation_search
hyperparameter_search,movielens_100k,dnn,de_opt,0.60328615625,0.5536074066655006,0.493625,,,,0.3587359130382538,False,2026,0.32183150004129857,693.0546875,0.0,293.0,9.556451612903224,0.546875,0.53125,"embedding_dim=16, hidden_dim=64, dropout=0.3354423478344982, lr=0.0024133057550277796",validation_search
hyperparameter_search,movielens_100k,dnn,de_opt,0.65441165625,0.5974827999578844,0.567625,0.65305896875,0.6046355694111709,0.563125,0.64320307970047,True,42,0.34972150006797165,693.05859375,0.0,520.8,19.4258064516129,0.640625,0.796875,"Validation-selected configuration: embedding_dim=32, hidden_dim=64, dropout=0.2734701010956551, lr=0.0006370457573327418",final_test
hyperparameter_search,movielens_100k,dnn,de_opt,0.65924903125,0.6031385066074959,0.550375,0.6621510625,0.6020685810988148,0.558,0.6433747708797455,True,123,0.34941520006395876,693.05859375,0.0,488.3,23.629032258064523,0.40625,0.90625,"Validation-selected configuration: embedding_dim=32, hidden_dim=64, dropout=0.2734701010956551, lr=0.0006370457573327418",final_test
hyperparameter_search,movielens_100k,dnn,de_opt,0.62315021875,0.567284877085998,0.5175,0.6035719687500001,0.5620542249670843,0.501875,0.6456196010112762,True,456,0.3562083999859169,693.05859375,0.0,520.8,22.996774193548394,0.5625,0.640625,"Validation-selected configuration: embedding_dim=32, hidden_dim=64, dropout=0.2734701010956551, lr=0.0006370457573327418",final_test
hyperparameter_search,movielens_100k,dnn,de_opt,0.6575194999999999,0.6008526151601785,0.560125,0.633942625,0.5799491069886344,0.539625,0.6524934351444245,True,789,0.35372710006777197,693.05859375,0.0,520.8,18.166129032258066,0.609375,0.65625,"Validation-selected configuration: embedding_dim=32, hidden_dim=64, dropout=0.2734701010956551, lr=0.0006370457573327418",final_test
hyperparameter_search,movielens_100k,dnn,de_opt,0.6522873124999999,0.6035720795795819,0.594625,0.65040634375,0.6016333854086056,0.59825,0.6438748002052307,True,2026,0.3563774999929592,693.05859375,0.0,416.7,16.170967741935485,0.59375,0.65625,"Validation-selected configuration: embedding_dim=32, hidden_dim=64, dropout=0.2734701010956551, lr=0.0006370457573327418",final_test
model_family,movielens_100k,dnn,adam,0.51601765625,0.5036638604119499,0.48575,0.502278625,0.49160491415602986,0.4805,0.26971531212329863,True,42,0.6915360999992117,693.05859375,0.0,625.0,23.587704918032784,1.0625,1.375,,
model_family,movielens_100k,gnn,adam,0.4963846875,0.4890877831745382,0.485,0.47872000000000003,0.4760260823570115,0.482,0.27400210648775103,True,42,3.8574217000277713,712.5,0.0,1269.5,476.0172131147541,12.640625,5.140625,,
model_family,movielens_100k,rhmm,adam,0.49636681250000003,0.4885353312213104,0.48675,0.4764153125,0.4783590768513754,0.47525,0.28370544612407683,True,42,7.248515599989332,733.484375,0.0,698.1,388.9401639344262,16.0625,11.765625,,
model_family,movielens_100k,psl_dnn,adam,0.468273,0.48126466393271666,0.4895,0.4422721875,0.46536787832073473,0.4845,0.2601082682609558,True,42,2.67251830000896,734.02734375,0.0,1041.7,419.7188524590164,4.265625,5.421875,,
model_family,movielens_100k,gnn_bilstm,adam,0.46870909375,0.4792972737072043,0.491625,0.44854440624999997,0.4673733517808696,0.4845,0.2837742894887924,True,42,8.887842199997976,762.67578125,0.0,644.8,407.744262295082,24.0625,11.6875,,
model_family,movielens_100k,rl_gnn,bandit_policy,0.35424903125,0.4312615102848737,0.478375,0.325325625,0.4193726616930143,0.473125,,True,42,3.986276499927044,757.6875,0.0,1171.9,444.4327868852459,12.40625,4.421875,selected_expert=residual,
model_family,movielens_100k,dnn,adam,0.53447215625,0.5161160449945004,0.49,0.5090346875,0.4955567055650804,0.483625,0.2731957107782364,True,123,0.7625737000489607,757.6875,0.0,416.7,27.2172131147541,1.09375,1.140625,,
model_family,movielens_100k,gnn,adam,0.53223353125,0.5082723083999957,0.4885,0.51129415625,0.49282742764815873,0.482875,0.27764908969402313,True,123,4.003493299940601,757.6875,0.0,756.0,420.63032786885236,11.671875,4.953125,,
model_family,movielens_100k,rhmm,adam,0.50490590625,0.49444669656602896,0.494875,0.4779278125,0.4772616482727315,0.483625,0.2856299102306366,True,123,7.608123800018802,764.27734375,0.0,731.4,377.5024590163934,16.109375,12.1875,,
model_family,movielens_100k,psl_dnn,adam,0.4772005,0.48908620016585197,0.488875,0.4552501875,0.46984175574418385,0.4795,0.26497268825769427,True,123,2.6731361999409273,764.3515625,0.0,937.5,397.0254098360657,4.046875,5.3125,,
model_family,movielens_100k,gnn_bilstm,adam,0.4749165625,0.4820455483267563,0.48725,0.45226809375,0.46512799684787853,0.478875,0.2849396139383316,True,123,8.699533900013193,764.3671875,0.0,694.4,417.8549180327867,23.59375,12.53125,,
model_family,movielens_100k,rl_gnn,bandit_policy,0.5060918750000001,0.493966539777277,0.467125,0.48355446874999997,0.4796225650554895,0.4595,,True,123,3.7583431000821292,757.81640625,0.0,1464.8,472.9254098360656,12.109375,4.453125,selected_expert=last,
model_family,movielens_100k,dnn,adam,0.51816284375,0.5005553372409053,0.488375,0.5007814687500001,0.4905249516490081,0.479125,0.2728751689195633,True,456,0.7527853000210598,757.81640625,0.0,520.8,24.228688524590154,1.28125,1.1875,,
model_family,movielens_100k,gnn,adam,0.48888518750000004,0.48513204243732677,0.48525,0.48108284375,0.4793088612773434,0.481625,0.2746284991502762,True,456,3.8996616998920217,757.81640625,0.0,1145.8,456.33114754098364,12.0625,4.96875,,
model_family,movielens_100k,rhmm,adam,0.46379125000000004,0.47289241067276644,0.482375,0.44840890625,0.46608581567517693,0.47325,0.28377017974853513,True,456,7.289604999939911,763.42578125,0.0,698.1,387.35163934426225,15.296875,12.515625,,
model_family,movielens_100k,psl_dnn,adam,0.490384625,0.4868476347250607,0.489375,0.47352396874999997,0.4787848444575997,0.4825,0.2649019718170166,True,456,2.6715717999031767,763.42578125,0.0,1145.8,418.8622950819674,4.265625,5.421875,,
model_family,movielens_100k,gnn_bilstm,adam,0.47608756250000006,0.48068062710356646,0.4905,0.45819890625000004,0.4700232026107875,0.48175,0.28237048983573915,True,456,8.983346799970604,763.16015625,0.0,644.8,404.70491803278685,23.515625,12.28125,,
model_family,movielens_100k,rl_gnn,bandit_policy,0.479310125,0.480749760796177,0.490375,0.471366125,0.4752161586210788,0.486125,,True,456,4.520107599906623,757.91796875,0.0,976.6,409.97131147541,13.6875,4.140625,selected_expert=residual,
model_family,movielens_100k,dnn,adam,0.53079765625,0.5103414214957751,0.491125,0.5134821875000001,0.49592117900891747,0.481625,0.27092446982860563,True,789,0.8628971000434831,755.55859375,0.0,416.7,33.24836065573769,1.390625,1.125,,
model_family,movielens_100k,gnn,adam,0.51273590625,0.49872787124403856,0.491,0.49259359375,0.4809257119276582,0.483375,0.27339059114456177,True,789,4.143798700068146,756.62109375,0.0,1464.8,419.7237704918032,12.5625,4.34375,,
model_family,movielens_100k,rhmm,adam,0.46225603125000003,0.47249379610687686,0.483375,0.44301228125000003,0.4616711326988515,0.474,0.28150620460510256,True,789,7.936046299990267,765.1796875,0.0,565.2,349.8434426229507,16.515625,11.375,,
model_family,movielens_100k,psl_dnn,adam,0.49141568750000003,0.4900328191256883,0.486125,0.4608204375,0.470240194284148,0.4785,0.26413922011852264,True,789,3.071341300033964,765.1796875,0.0,1171.9,377.9295081967214,4.328125,5.671875,,
model_family,movielens_100k,gnn_bilstm,adam,0.46937521875,0.47809340441183756,0.494125,0.44720190625,0.4636208040326393,0.485,0.28281244039535525,True,789,9.168647399987094,765.1796875,0.0,604.8,391.6057377049179,24.40625,11.078125,,
model_family,movielens_100k,rl_gnn,bandit_policy,0.53650578125,0.5064855732283049,0.459875,0.5121365,0.49221716633998575,0.452,,True,789,3.9755671999882907,758.55859375,0.0,1562.5,459.28606557377054,12.515625,4.625,selected_expert=last,
model_family,movielens_100k,dnn,adam,0.5224117500000001,0.5005874504097586,0.4825,0.5026955625,0.4950969436782569,0.47875,0.2790218353271484,True,2026,0.7965005999431014,758.55859375,0.0,416.7,26.096721311475406,1.3125,1.265625,,
model_family,movielens_100k,gnn,adam,0.4905475625,0.4847817375347484,0.480875,0.46793562499999997,0.4750928202337401,0.477,0.28659665286540986,True,2026,4.177930100006051,758.55859375,0.0,878.9,434.6737704918033,12.5,5.265625,,
model_family,movielens_100k,rhmm,adam,0.46234490625,0.4722203580338128,0.487,0.44314084375,0.46282809898013255,0.477375,0.2899835675954819,True,2026,8.377377099939622,764.46875,0.0,529.2,329.98196721311473,16.1875,10.9375,,
model_family,movielens_100k,psl_dnn,adam,0.49908421875,0.48665297482387915,0.479125,0.47072640625,0.4784103809676735,0.48125,0.2676998406648636,True,2026,3.434694900061004,764.6796875,0.0,937.5,301.5885245901638,4.390625,3.921875,,
model_family,movielens_100k,gnn_bilstm,adam,0.47884662499999997,0.4802405532463677,0.488,0.45952559375000007,0.4731064275061454,0.48025,0.286264979839325,True,2026,11.184086499968544,765.12109375,0.0,520.8,344.8344262295082,28.59375,9.328125,,
model_family,movielens_100k,rl_gnn,bandit_policy,0.33848306250000004,0.42179222408673356,0.489875,0.30989959375,0.4124742561194876,0.492125,,True,2026,4.488583900034428,758.2109375,0.0,833.3,379.3393442622949,12.8125,3.65625,selected_expert=last,
optimizer_training,ogbl_collab,gnn,adam,0.76085188875,0.8037532955980689,0.70185,0.74296638,0.789106165474471,0.690725,0.25216272473335266,True,42,18.171269199927337,966.61328125,0.0,500.0,374.1661290322581,49.09375,22.3125,,
optimizer_training,ogbl_collab,gnn,sgd,0.50045649625,0.46553686074791367,0.5,0.48612401250000004,0.4566957620717525,0.5,0.6938318908214569,True,42,16.003349000005983,946.42578125,0.0,528.0,413.8790322580645,46.125,22.171875,,
optimizer_training,ogbl_collab,gnn,pso,0.63926181875,0.6156127538016233,0.611625,0.6260842274999999,0.6051529676050761,0.601725,,True,42,43.58091870008502,2241.87109375,0.0,493.4,249.59285714285713,66.90625,46.609375,Population-based training on the same neural recommender.,
optimizer_training,ogbl_collab,gnn,evolutionary,0.70733361125,0.68177667984346,0.626,0.6905148525,0.6693200887190995,0.615675,,True,42,41.96360060002189,1805.0390625,0.0,483.5,311.72499999999997,86.28125,54.328125,Population-based training on the same neural recommender.,
optimizer_training,ogbl_collab,gnn,adam,0.7607582100000001,0.7889203996667407,0.700175,0.745356985,0.7718481264481123,0.68885,0.27413873821496965,True,123,16.936466499930248,743.55078125,0.0,500.8,408.35806451612905,48.328125,23.359375,,
optimizer_training,ogbl_collab,gnn,sgd,0.49873787125,0.46877942949391876,0.5,0.505997295,0.473543457135992,0.5,0.6942865192890167,True,123,16.31557390000671,729.3046875,0.0,513.7,411.69516129032263,47.765625,21.953125,,
optimizer_training,ogbl_collab,gnn,pso,0.6983950487499999,0.6843309724413726,0.6646,0.6860614062499999,0.6677702612724579,0.657925,,True,123,42.75265020004008,2195.27734375,0.0,522.7,257.1642857142857,68.453125,47.34375,Population-based training on the same neural recommender.,
optimizer_training,ogbl_collab,gnn,evolutionary,0.60691652875,0.5682879977754467,0.5818,0.59987876625,0.565242995291429,0.575,,True,123,42.1814726999728,1836.0390625,0.0,466.6,303.5,84.984375,52.59375,Population-based training on the same neural recommender.,
optimizer_training,ogbl_collab,gnn,adam,0.72750575875,0.7967689812589476,0.701025,0.7040054625,0.77881027559229,0.689925,0.2805386081337929,True,456,16.200229199952446,750.0078125,0.0,570.8,425.8483870967741,48.671875,22.578125,,
optimizer_training,ogbl_collab,gnn,sgd,0.6267505875,0.5599577972339207,0.5,0.61992958,0.5531600126078371,0.5,0.6942757129669189,True,456,15.91004659992177,729.90234375,0.0,535.1,432.75967741935483,48.0625,22.765625,,
optimizer_training,ogbl_collab,gnn,pso,0.757593575,0.7220149414574607,0.694725,0.7480284687500001,0.711048521572025,0.68515,,True,456,42.78441200009547,2189.6953125,0.0,493.9,252.59999999999997,69.046875,45.84375,Population-based training on the same neural recommender.,
optimizer_training,ogbl_collab,gnn,evolutionary,0.5444170875000001,0.49507931982950976,0.5,0.54356830875,0.49300906479371726,0.5,,True,456,41.6177161000669,1757.62890625,0.0,492.7,315.5,87.0,54.0,Population-based training on the same neural recommender.,
optimizer_training,ogbl_collab,gnn,adam,0.72985901,0.7929671693526538,0.701125,0.70837346375,0.7755242822731725,0.6901,0.2591399997472763,True,789,15.968216300010681,686.515625,0.0,563.6,447.5967741935485,49.125,23.890625,,
optimizer_training,ogbl_collab,gnn,sgd,0.62451186,0.5589641473179207,0.5,0.6166052599999999,0.5568965476776985,0.5,0.6927475512027741,True,789,18.110542400041595,665.67578125,0.0,520.8,371.2532258064515,48.140625,21.3125,,
optimizer_training,ogbl_collab,gnn,pso,0.7599979387500001,0.75237741119618,0.698375,0.7483726224999999,0.7355141051714607,0.68695,,True,789,42.816286500077695,2074.14453125,0.0,492.7,255.1214285714286,68.421875,47.34375,Population-based training on the same neural recommender.,
optimizer_training,ogbl_collab,gnn,evolutionary,0.69385132625,0.7015864814729638,0.638775,0.6767222900000001,0.6847141675935,0.6281,,True,789,41.76003800006583,1607.64453125,0.0,486.6,314.6833333333333,85.1875,56.078125,Population-based training on the same neural recommender.,
optimizer_training,ogbl_collab,gnn,adam,0.7619647125,0.8111065407959299,0.721375,0.7472552375,0.7957934262705988,0.709925,0.22670556157827376,True,2026,16.424213199992664,545.875,0.0,501.7,418.6258064516129,47.53125,22.65625,,
optimizer_training,ogbl_collab,gnn,sgd,0.43038456124999996,0.42527836445211264,0.5199,0.42984834625,0.4246257712147329,0.5189,0.6935898423194885,True,2026,16.085375900031067,517.06640625,0.0,535.1,420.52096774193546,47.5,22.0,,
optimizer_training,ogbl_collab,gnn,pso,0.70944945375,0.6899493711784672,0.684375,0.6934694275000001,0.6743330000703761,0.672975,,True,2026,42.71584000007715,1967.27734375,0.0,515.2,257.81428571428575,68.359375,48.0,Population-based training on the same neural recommender.,
optimizer_training,ogbl_collab,gnn,evolutionary,0.36889187875,0.40104898665457334,0.504325,0.3715637,0.4019650767085785,0.50295,,True,2026,41.89109930000268,1578.1953125,0.0,521.8,316.85,86.671875,55.734375,Population-based training on the same neural recommender.,
hyperparameter_search,ogbl_collab,gnn,grid_search,0.7780385750000001,0.7986726383386991,0.685075,,,,0.6824144840240478,False,42,6.527523099910468,517.5078125,0.0,590.5,386.7884615384615,18.0625,5.609375,"embedding_dim=16, hidden_dim=32, dropout=0.0, lr=0.000630957344480193",validation_search
hyperparameter_search,ogbl_collab,gnn,grid_search,0.74340549375,0.7219418374777862,0.5,,,,0.6859505474567413,False,123,5.622077399981208,517.52734375,0.0,575.7,420.2423076923078,18.515625,5.90625,"embedding_dim=16, hidden_dim=32, dropout=0.0, lr=0.000630957344480193",validation_search
hyperparameter_search,ogbl_collab,gnn,grid_search,0.7677209975000001,0.7977863559768138,0.5,,,,0.6876331508159638,False,456,6.577145799994469,506.13671875,0.0,621.0,399.7923076923077,17.859375,5.109375,"embedding_dim=16, hidden_dim=32, dropout=0.0, lr=0.000630957344480193",validation_search
hyperparameter_search,ogbl_collab,gnn,grid_search,0.7218879775,0.7669362152570356,0.700375,,,,0.6752190828323364,False,789,5.537376999971457,506.15625,0.0,563.2,438.08461538461535,18.171875,6.28125,"embedding_dim=16, hidden_dim=32, dropout=0.0, lr=0.000630957344480193",validation_search
hyperparameter_search,ogbl_collab,gnn,grid_search,0.7692747,0.7854575277821096,0.700175,,,,0.6830257833003998,False,2026,6.393520399928093,505.59765625,0.0,515.3,312.04999999999995,17.34375,3.671875,"embedding_dim=16, hidden_dim=32, dropout=0.0, lr=0.000630957344480193",validation_search
hyperparameter_search,ogbl_collab,gnn,grid_search,0.6924219862500001,0.7769427506430913,0.728825,,,,0.21967123597860336,False,42,5.892851900076494,505.6796875,0.0,510.8,362.9423076923077,17.40625,4.75,"embedding_dim=16, hidden_dim=32, dropout=0.0, lr=0.01",validation_search
hyperparameter_search,ogbl_collab,gnn,grid_search,0.70161885625,0.7713748339023455,0.730725,,,,0.25611445009708406,False,123,6.57527370005846,505.71484375,0.0,508.7,327.1076923076923,17.390625,5.1875,"embedding_dim=16, hidden_dim=32, dropout=0.0, lr=0.01",validation_search
hyperparameter_search,ogbl_collab,gnn,grid_search,0.68818387875,0.7608304242095363,0.7003,,,,0.37877127677202227,False,456,5.532243199995719,506.28515625,0.0,611.0,419.87692307692305,17.53125,6.375,"embedding_dim=16, hidden_dim=32, dropout=0.0, lr=0.01",validation_search
hyperparameter_search,ogbl_collab,gnn,grid_search,0.6873275474999999,0.7680730405820558,0.7183,,,,0.2728408247232437,False,789,5.47713290003594,505.7421875,0.0,539.1,441.0923076923077,18.359375,6.671875,"embedding_dim=16, hidden_dim=32, dropout=0.0, lr=0.01",validation_search
hyperparameter_search,ogbl_collab,gnn,grid_search,0.715594575,0.7721123137744029,0.726475,,,,0.23393845707178115,False,2026,5.812241700012237,506.37109375,0.0,536.0,396.03076923076924,17.359375,6.21875,"embedding_dim=16, hidden_dim=32, dropout=0.0, lr=0.01",validation_search
hyperparameter_search,ogbl_collab,gnn,grid_search,0.7637779225,0.7576635804529006,0.51845,,,,0.6864900827407837,False,42,7.543120600050315,514.4453125,0.0,474.1,342.0384615384616,18.234375,8.03125,"embedding_dim=16, hidden_dim=32, dropout=0.35, lr=0.000630957344480193",validation_search
hyperparameter_search,ogbl_collab,gnn,grid_search,0.70487527375,0.6405197476272694,0.5,,,,0.6861790537834167,False,123,7.1277668999973685,511.828125,0.0,480.8,391.3192307692308,19.921875,9.390625,"embedding_dim=16, hidden_dim=32, dropout=0.35, lr=0.000630957344480193",validation_search
hyperparameter_search,ogbl_collab,gnn,grid_search,0.7367204374999999,0.7079392772761497,0.5,,,,0.6893677532672882,False,456,6.92603810003493,511.83203125,0.0,518.6,413.5923076923077,21.109375,9.375,"embedding_dim=16, hidden_dim=32, dropout=0.35, lr=0.000630957344480193",validation_search
hyperparameter_search,ogbl_collab,gnn,grid_search,0.7487150325,0.7244258622626387,0.6159,,,,0.6823643028736115,False,789,6.834699800005183,511.83203125,0.0,520.8,413.86923076923074,20.0625,9.796875,"embedding_dim=16, hidden_dim=32, dropout=0.35, lr=0.000630957344480193",validation_search
hyperparameter_search,ogbl_collab,gnn,grid_search,0.78039181125,0.7693039577726689,0.6986,,,,0.682985532283783,False,2026,6.788550300057977,511.84765625,0.0,535.1,427.8961538461538,20.640625,10.140625,"embedding_dim=16, hidden_dim=32, dropout=0.35, lr=0.000630957344480193",validation_search
hyperparameter_search,ogbl_collab,gnn,grid_search,0.7730987762500001,0.8079217117432804,0.700375,,,,0.29966303110122683,False,42,6.733380799996667,511.86328125,0.0,507.5,421.5269230769231,20.90625,9.0,"embedding_dim=16, hidden_dim=32, dropout=0.35, lr=0.01",validation_search
hyperparameter_search,ogbl_collab,gnn,grid_search,0.7705424599999999,0.7940333343286641,0.700175,,,,0.3236741632223129,False,123,331.20906679995824,515.3125,0.0,481.2,330.5615384615385,17.703125,7.40625,"embedding_dim=16, hidden_dim=32, dropout=0.35, lr=0.01",validation_search
hyperparameter_search,ogbl_collab,gnn,grid_search,0.7742438737499999,0.8092574387760885,0.700175,,,,0.327703195810318,False,456,15.872578900074586,511.34765625,0.0,414.0,234.77307692307693,17.453125,6.828125,"embedding_dim=16, hidden_dim=32, dropout=0.35, lr=0.01",validation_search
hyperparameter_search,ogbl_collab,gnn,grid_search,0.7598364074999999,0.7961319479086773,0.700175,,,,0.32558736503124236,False,789,8.120511300046928,510.796875,0.0,443.8,292.1,18.5625,6.859375,"embedding_dim=16, hidden_dim=32, dropout=0.35, lr=0.01",validation_search
hyperparameter_search,ogbl_collab,gnn,grid_search,0.748785135,0.809954267192632,0.723625,,,,0.26010598093271253,False,2026,19.792251999955624,510.8515625,0.0,431.2,158.85384615384615,24.421875,6.109375,"embedding_dim=16, hidden_dim=32, dropout=0.35, lr=0.01",validation_search
hyperparameter_search,ogbl_collab,gnn,grid_search,0.7293886674999999,0.7732888997257924,0.7001,,,,0.6735414087772369,False,42,16.91887890000362,465.84765625,0.0,255.8,165.03461538461536,22.765625,5.734375,"embedding_dim=16, hidden_dim=96, dropout=0.0, lr=0.000630957344480193",validation_search
hyperparameter_search,ogbl_collab,gnn,grid_search,0.813243885,0.8275571077797683,0.700225,,,,0.6694653034210205,False,123,15.904145399923436,450.05859375,0.0,204.0,163.33076923076922,21.4375,4.90625,"embedding_dim=16, hidden_dim=96, dropout=0.0, lr=0.000630957344480193",validation_search
hyperparameter_search,ogbl_collab,gnn,grid_search,0.7272766075,0.7753581079559453,0.6924,,,,0.680282074213028,False,456,17.47248859994579,464.46484375,0.0,220.4,155.86153846153846,22.6875,5.328125,"embedding_dim=16, hidden_dim=96, dropout=0.0, lr=0.000630957344480193",validation_search
hyperparameter_search,ogbl_collab,gnn,grid_search,0.75497160875,0.7839202910470711,0.700125,,,,0.6705505073070526,False,789,14.488620699965395,434.62109375,0.0,232.4,169.58076923076925,21.25,4.734375,"embedding_dim=16, hidden_dim=96, dropout=0.0, lr=0.000630957344480193",validation_search
hyperparameter_search,ogbl_collab,gnn,grid_search,0.79877148375,0.8228508819469829,0.7002,,,,0.6740761458873749,False,2026,13.710915499948896,434.625,0.0,240.4,176.71153846153845,20.828125,4.5625,"embedding_dim=16, hidden_dim=96, dropout=0.0, lr=0.000630957344480193",validation_search
hyperparameter_search,ogbl_collab,gnn,grid_search,0.6899607400000001,0.7854357870636577,0.736625,,,,0.23741406202316284,False,42,13.704265500069596,434.6328125,0.0,246.3,189.53461538461545,21.71875,4.828125,"embedding_dim=16, hidden_dim=96, dropout=0.0, lr=0.01",validation_search
hyperparameter_search,ogbl_collab,gnn,grid_search,0.70888329125,0.7919510435680084,0.746275,,,,0.20095401108264924,False,123,13.607674799975939,434.6875,0.0,232.4,184.25,21.84375,4.25,"embedding_dim=16, hidden_dim=96, dropout=0.0, lr=0.01",validation_search
hyperparameter_search,ogbl_collab,gnn,grid_search,0.7263579675,0.7943850277117114,0.744475,,,,0.1967161178588867,False,456,13.348072699969634,434.72265625,0.0,242.5,186.4076923076923,21.234375,4.75,"embedding_dim=16, hidden_dim=96, dropout=0.0, lr=0.01",validation_search
hyperparameter_search,ogbl_collab,gnn,grid_search,0.71834044,0.7965055413267734,0.739425,,,,0.19938739836215974,False,789,13.30303950002417,434.6953125,0.0,229.6,191.10769230769228,21.515625,4.265625,"embedding_dim=16, hidden_dim=96, dropout=0.0, lr=0.01",validation_search
hyperparameter_search,ogbl_collab,gnn,grid_search,0.70349238375,0.7947769227922223,0.74515,,,,0.21704524755477905,False,2026,13.569381300010718,434.7109375,0.0,239.8,181.0307692307692,21.8125,4.359375,"embedding_dim=16, hidden_dim=96, dropout=0.0, lr=0.01",validation_search
hyperparameter_search,ogbl_collab,gnn,grid_search,0.7372924087499999,0.7241069840188615,0.682475,,,,0.6783993721008301,False,42,17.03851039998699,405.87109375,0.0,191.4,160.15769230769226,24.078125,4.828125,"embedding_dim=16, hidden_dim=96, dropout=0.35, lr=0.000630957344480193",validation_search
hyperparameter_search,ogbl_collab,gnn,grid_search,0.79751306,0.7986546842178247,0.700175,,,,0.6776256024837494,False,123,16.717334700049832,425.24609375,0.0,217.7,161.84999999999997,24.515625,4.484375,"embedding_dim=16, hidden_dim=96, dropout=0.35, lr=0.000630957344480193",validation_search
hyperparameter_search,ogbl_collab,gnn,grid_search,0.746715305,0.7440354300516883,0.642775,,,,0.683158665895462,False,456,17.247104799957015,433.375,0.0,211.3,157.3846153846154,23.78125,5.140625,"embedding_dim=16, hidden_dim=96, dropout=0.35, lr=0.000630957344480193",validation_search
hyperparameter_search,ogbl_collab,gnn,grid_search,0.7686210162499998,0.7572571572312441,0.6941,,,,0.6741643488407135,False,789,17.124017699970864,418.9375,0.0,197.1,160.73846153846154,24.09375,4.859375,"embedding_dim=16, hidden_dim=96, dropout=0.35, lr=0.000630957344480193",validation_search
hyperparameter_search,ogbl_collab,gnn,grid_search,0.7850142812500001,0.7865509099065348,0.70155,,,,0.6775219917297364,False,2026,17.04045520001091,419.515625,0.0,194.3,159.43846153846152,23.8125,5.046875,"embedding_dim=16, hidden_dim=96, dropout=0.35, lr=0.000630957344480193",validation_search
hyperparameter_search,ogbl_collab,gnn,grid_search,0.7665885800000001,0.8142246782885386,0.71025,,,,0.2758342921733856,False,42,16.853408900089562,418.9609375,0.0,217.7,161.48076923076923,23.859375,5.4375,"embedding_dim=16, hidden_dim=96, dropout=0.35, lr=0.01",validation_search
hyperparameter_search,ogbl_collab,gnn,grid_search,0.7082447924999999,0.7870330234056624,0.70065,,,,0.27432389557361603,False,123,17.516828099964187,419.54296875,0.0,185.6,153.71923076923073,23.53125,5.203125,"embedding_dim=16, hidden_dim=96, dropout=0.35, lr=0.01",validation_search
hyperparameter_search,ogbl_collab,gnn,grid_search,0.7946454462500001,0.8225662560048647,0.706675,,,,0.29553542733192445,False,456,17.47131110006012,419.00390625,0.0,197.0,160.7038461538462,24.28125,5.296875,"embedding_dim=16, hidden_dim=96, dropout=0.35, lr=0.01",validation_search
hyperparameter_search,ogbl_collab,gnn,grid_search,0.74202532125,0.801725648875802,0.700275,,,,0.2853270322084427,False,789,17.103946799994446,419.0078125,0.0,202.8,160.87307692307695,23.578125,5.703125,"embedding_dim=16, hidden_dim=96, dropout=0.35, lr=0.01",validation_search
hyperparameter_search,ogbl_collab,gnn,grid_search,0.7244496437500001,0.8002553293695683,0.724875,,,,0.24499948024749757,False,2026,17.520513899973594,419.63671875,0.0,203.0,156.18076923076922,23.828125,5.296875,"embedding_dim=16, hidden_dim=96, dropout=0.35, lr=0.01",validation_search
hyperparameter_search,ogbl_collab,gnn,grid_search,0.8142775625,0.8398655933195425,0.66565,,,,0.6760217726230622,False,42,19.025151400011964,615.703125,0.0,262.8,205.78076923076927,38.046875,2.578125,"embedding_dim=32, hidden_dim=32, dropout=0.0, lr=0.000630957344480193",validation_search
hyperparameter_search,ogbl_collab,gnn,grid_search,0.78761967,0.8016623789159474,0.700175,,,,0.6772819638252259,False,123,18.2066627999302,629.07421875,0.0,245.7,209.83461538461538,37.53125,2.265625,"embedding_dim=32, hidden_dim=32, dropout=0.0, lr=0.000630957344480193",validation_search
hyperparameter_search,ogbl_collab,gnn,grid_search,0.7901067337500001,0.826209401160813,0.5,,,,0.6783957958221436,False,456,20.9765259999549,628.9921875,0.0,236.0,186.07307692307694,38.21875,2.78125,"embedding_dim=32, hidden_dim=32, dropout=0.0, lr=0.000630957344480193",validation_search
hyperparameter_search,ogbl_collab,gnn,grid_search,0.8059254575,0.8298298297254237,0.7002,,,,0.6667292356491089,False,789,18.604730000020936,628.99609375,0.0,258.6,204.99615384615385,37.578125,2.125,"embedding_dim=32, hidden_dim=32, dropout=0.0, lr=0.000630957344480193",validation_search
hyperparameter_search,ogbl_collab,gnn,grid_search,0.7981954750000001,0.8288673853138311,0.7002,,,,0.6676003515720368,False,2026,18.35065419995226,629.015625,0.0,276.6,210.81923076923078,37.328125,2.734375,"embedding_dim=32, hidden_dim=32, dropout=0.0, lr=0.000630957344480193",validation_search
hyperparameter_search,ogbl_collab,gnn,grid_search,0.72225709625,0.7966291297305417,0.74035,,,,0.22509747594594956,False,42,18.50165350001771,629.03515625,0.0,256.0,214.24230769230766,38.265625,2.3125,"embedding_dim=32, hidden_dim=32, dropout=0.0, lr=0.01",validation_search
hyperparameter_search,ogbl_collab,gnn,grid_search,0.6955525225000001,0.7794704721477685,0.7286,,,,0.24299883097410202,False,123,18.502928699948825,629.0390625,0.0,252.6,203.60000000000002,37.484375,2.21875,"embedding_dim=32, hidden_dim=32, dropout=0.0, lr=0.01",validation_search
hyperparameter_search,ogbl_collab,gnn,grid_search,0.70736261625,0.7796063064840505,0.7262,,,,0.20491721034049987,False,456,18.34569540002849,629.0390625,0.0,258.9,205.31153846153845,37.03125,2.40625,"embedding_dim=32, hidden_dim=32, dropout=0.0, lr=0.01",validation_search
hyperparameter_search,ogbl_collab,gnn,grid_search,0.7075827887499999,0.7947982953743818,0.743525,,,,0.18924943655729293,False,789,18.478734400006942,629.046875,0.0,278.6,209.6923076923077,38.3125,2.125,"embedding_dim=32, hidden_dim=32, dropout=0.0, lr=0.01",validation_search
hyperparameter_search,ogbl_collab,gnn,grid_search,0.7036854225,0.7942483198188515,0.746625,,,,0.1909291408956051,False,2026,18.48633250000421,629.05859375,0.0,248.5,208.24999999999997,37.78125,2.3125,"embedding_dim=32, hidden_dim=32, dropout=0.0, lr=0.01",validation_search
hyperparameter_search,ogbl_collab,gnn,grid_search,0.8135613187499999,0.8247851082705469,0.614325,,,,0.6764487802982331,False,42,24.798277999972925,715.63671875,0.0,234.4,176.94999999999996,44.734375,2.984375,"embedding_dim=32, hidden_dim=32, dropout=0.35, lr=0.000630957344480193",validation_search
hyperparameter_search,ogbl_collab,gnn,grid_search,0.77647118375,0.7609974898951171,0.63365,,,,0.6780803024768829,False,123,25.163711600005627,715.66796875,0.0,209.9,172.48846153846154,43.28125,3.125,"embedding_dim=32, hidden_dim=32, dropout=0.35, lr=0.000630957344480193",validation_search
hyperparameter_search,ogbl_collab,gnn,grid_search,0.7882937837499999,0.7978738948980785,0.5,,,,0.6821258902549744,False,456,25.58018130005803,715.6796875,0.0,216.5,162.80384615384617,42.296875,2.84375,"embedding_dim=32, hidden_dim=32, dropout=0.35, lr=0.000630957344480193",validation_search
hyperparameter_search,ogbl_collab,gnn,grid_search,0.7887569700000001,0.7786360781751932,0.69985,,,,0.6707453966140747,False,789,25.06201630004216,715.9140625,0.0,218.7,171.98076923076925,43.71875,2.78125,"embedding_dim=32, hidden_dim=32, dropout=0.35, lr=0.000630957344480193",validation_search
hyperparameter_search,ogbl_collab,gnn,grid_search,0.80490417125,0.8237219270748783,0.70015,,,,0.6754542171955109,False,2026,25.60364019998815,715.91796875,0.0,221.8,169.95384615384611,44.015625,3.046875,"embedding_dim=32, hidden_dim=32, dropout=0.35, lr=0.000630957344480193",validation_search
hyperparameter_search,ogbl_collab,gnn,grid_search,0.76509300375,0.8165317687625654,0.704325,,,,0.2746031567454338,False,42,25.51174720004201,715.953125,0.0,216.8,168.16153846153844,42.546875,3.15625,"embedding_dim=32, hidden_dim=32, dropout=0.35, lr=0.01",validation_search
hyperparameter_search,ogbl_collab,gnn,grid_search,0.7708782375,0.8029043711435798,0.700175,,,,0.3002064794301987,False,123,25.437404999975115,715.953125,0.0,212.6,169.47307692307692,43.25,3.0625,"embedding_dim=32, hidden_dim=32, dropout=0.35, lr=0.01",validation_search
hyperparameter_search,ogbl_collab,gnn,grid_search,0.763630455,0.8126275831403033,0.700175,,,,0.27447203993797303,False,456,25.21895809995476,715.9609375,0.0,229.0,172.37307692307692,44.1875,3.0625,"embedding_dim=32, hidden_dim=32, dropout=0.35, lr=0.01",validation_search
hyperparameter_search,ogbl_collab,gnn,grid_search,0.75070947,0.7902914686477325,0.700175,,,,0.28427242338657377,False,789,24.617975599947385,715.9375,0.0,230.9,175.16923076923075,43.890625,2.765625,"embedding_dim=32, hidden_dim=32, dropout=0.35, lr=0.01",validation_search
hyperparameter_search,ogbl_collab,gnn,grid_search,0.7720545512499999,0.820407368018893,0.70155,,,,0.27008975595235823,False,2026,23.819135099998675,715.95703125,0.0,234.3,181.21923076923076,43.875,2.84375,"embedding_dim=32, hidden_dim=32, dropout=0.35, lr=0.01",validation_search
hyperparameter_search,ogbl_collab,gnn,grid_search,0.7918183087499999,0.8271255356360698,0.700125,,,,0.6519924402236938,False,42,17.60318360000383,716.7265625,0.0,264.8,221.12692307692308,39.046875,2.203125,"embedding_dim=32, hidden_dim=96, dropout=0.0, lr=0.000630957344480193",validation_search
hyperparameter_search,ogbl_collab,gnn,grid_search,0.7484329375,0.8140925250350447,0.700125,,,,0.6506738305091858,False,123,18.10249710001517,717.2265625,0.0,264.0,216.96153846153848,37.90625,2.15625,"embedding_dim=32, hidden_dim=96, dropout=0.0, lr=0.000630957344480193",validation_search
hyperparameter_search,ogbl_collab,gnn,grid_search,0.79501238,0.8279369110380167,0.700125,,,,0.6476508438587188,False,456,18.25860649999231,717.234375,0.0,267.8,211.00384615384618,39.515625,1.65625,"embedding_dim=32, hidden_dim=96, dropout=0.0, lr=0.000630957344480193",validation_search
hyperparameter_search,ogbl_collab,gnn,grid_search,0.7056535175,0.782268870526232,0.700175,,,,0.6317238926887512,False,789,17.33934159995988,717.265625,0.0,287.7,217.13461538461536,37.84375,1.75,"embedding_dim=32, hidden_dim=96, dropout=0.0, lr=0.000630957344480193",validation_search
hyperparameter_search,ogbl_collab,gnn,grid_search,0.79132302375,0.825009119750461,0.7001,,,,0.6597430169582367,False,2026,17.614218199974857,717.265625,0.0,264.8,220.80384615384614,38.78125,1.796875,"embedding_dim=32, hidden_dim=96, dropout=0.0, lr=0.000630957344480193",validation_search
hyperparameter_search,ogbl_collab,gnn,grid_search,0.7311962075,0.8073505955919273,0.746175,,,,0.1368749752640724,False,42,17.897658000001684,717.28125,0.0,276.1,218.88076923076926,38.828125,2.1875,"embedding_dim=32, hidden_dim=96, dropout=0.0, lr=0.01",validation_search
hyperparameter_search,ogbl_collab,gnn,grid_search,0.70637360125,0.7989379404326676,0.7508,,,,0.16850976943969725,False,123,18.402456699986942,717.22265625,0.0,254.9,218.8769230769231,38.765625,2.53125,"embedding_dim=32, hidden_dim=96, dropout=0.0, lr=0.01",validation_search
hyperparameter_search,ogbl_collab,gnn,grid_search,0.71920120125,0.7958132506152621,0.742475,,,,0.16582252383232116,False,456,18.646712700021453,720.8125,0.0,254.1,205.01923076923075,37.4375,2.609375,"embedding_dim=32, hidden_dim=96, dropout=0.0, lr=0.01",validation_search
hyperparameter_search,ogbl_collab,gnn,grid_search,0.7163495500000001,0.7985702852111763,0.7467,,,,0.15497444495558738,False,789,18.53165169991553,720.984375,0.0,247.2,216.14999999999998,38.203125,3.46875,"embedding_dim=32, hidden_dim=96, dropout=0.0, lr=0.01",validation_search
hyperparameter_search,ogbl_collab,gnn,grid_search,0.71816634375,0.8018023884377931,0.741925,,,,0.12123914808034897,False,2026,18.499653599923477,721.1171875,0.0,259.9,214.07307692307688,38.3125,3.125,"embedding_dim=32, hidden_dim=96, dropout=0.0, lr=0.01",validation_search
hyperparameter_search,ogbl_collab,gnn,grid_search,0.78722323125,0.8033490192275158,0.675275,,,,0.6612163484096527,False,42,28.18735340004787,721.21484375,0.0,224.6,166.77307692307687,45.65625,4.8125,"embedding_dim=32, hidden_dim=96, dropout=0.35, lr=0.000630957344480193",validation_search
hyperparameter_search,ogbl_collab,gnn,grid_search,0.7924636787499999,0.8169590399074264,0.700325,,,,0.6627401649951935,False,123,26.797986999968998,721.39453125,0.0,232.8,177.01153846153846,47.03125,4.5,"embedding_dim=32, hidden_dim=96, dropout=0.35, lr=0.000630957344480193",validation_search
hyperparameter_search,ogbl_collab,gnn,grid_search,0.7810340149999999,0.7969703798045102,0.700325,,,,0.6541275441646576,False,456,27.159830800024793,721.4296875,0.0,236.1,174.81153846153845,47.375,3.96875,"embedding_dim=32, hidden_dim=96, dropout=0.35, lr=0.000630957344480193",validation_search
hyperparameter_search,ogbl_collab,gnn,grid_search,0.7630187112500001,0.7693102655844177,0.6377,,,,0.6606819033622742,False,789,26.92473249998875,721.44140625,0.0,219.3,173.30000000000004,46.5,3.84375,"embedding_dim=32, hidden_dim=96, dropout=0.35, lr=0.000630957344480193",validation_search
hyperparameter_search,ogbl_collab,gnn,grid_search,0.78709904,0.8002376806670681,0.700075,,,,0.6665010929107666,False,2026,27.673411699943244,721.47265625,0.0,207.4,170.9192307692308,46.375,4.046875,"embedding_dim=32, hidden_dim=96, dropout=0.35, lr=0.000630957344480193",validation_search
hyperparameter_search,ogbl_collab,gnn,grid_search,0.7286404625,0.8046534664879297,0.7205,,,,0.24860896915197372,False,42,26.57946180005092,714.16796875,0.0,226.8,178.97307692307695,46.859375,4.453125,"embedding_dim=32, hidden_dim=96, dropout=0.35, lr=0.01",validation_search
hyperparameter_search,ogbl_collab,gnn,grid_search,0.7290239425,0.8051752205399799,0.70625,,,,0.2788738578557968,False,123,26.159245499991812,714.0,0.0,227.7,180.93076923076922,46.921875,4.015625,"embedding_dim=32, hidden_dim=96, dropout=0.35, lr=0.01",validation_search
hyperparameter_search,ogbl_collab,gnn,grid_search,0.74639135375,0.8095350430129242,0.719025,,,,0.23602165132761002,False,456,26.64947080006823,714.078125,0.0,223.8,174.97307692307695,46.1875,4.1875,"embedding_dim=32, hidden_dim=96, dropout=0.35, lr=0.01",validation_search
hyperparameter_search,ogbl_collab,gnn,grid_search,0.72620363125,0.8006075212282926,0.700425,,,,0.30699085891246797,False,789,26.763219699962065,714.09375,0.0,239.7,176.0115384615385,46.953125,4.40625,"embedding_dim=32, hidden_dim=96, dropout=0.35, lr=0.01",validation_search
hyperparameter_search,ogbl_collab,gnn,grid_search,0.7115581525,0.7835625250755328,0.700175,,,,0.32619527280330657,False,2026,26.36498740001116,714.08984375,0.0,229.3,182.81923076923076,47.5,4.390625,"embedding_dim=32, hidden_dim=96, dropout=0.35, lr=0.01",validation_search
hyperparameter_search,ogbl_collab,gnn,grid_search,0.75942379,0.8155101228043126,0.700175,,,,0.6409744381904602,False,42,27.559238599962555,983.28125,0.0,264.7,229.6730769230769,62.984375,3.1875,"embedding_dim=48, hidden_dim=32, dropout=0.0, lr=0.000630957344480193",validation_search
hyperparameter_search,ogbl_collab,gnn,grid_search,0.7448003562500001,0.7884428822912477,0.700175,,,,0.6280577540397644,False,123,27.514822200057097,982.0,0.0,263.3,227.42307692307693,61.625,3.0,"embedding_dim=48, hidden_dim=32, dropout=0.0, lr=0.000630957344480193",validation_search
hyperparameter_search,ogbl_collab,gnn,grid_search,0.8032272225,0.8149859874440364,0.701875,,,,0.6417575895786285,False,456,27.55549120006617,981.94140625,0.0,251.8,224.7423076923077,62.296875,2.71875,"embedding_dim=48, hidden_dim=32, dropout=0.0, lr=0.000630957344480193",validation_search
hyperparameter_search,ogbl_collab,gnn,grid_search,0.7670436749999999,0.7946481882850454,0.57265,,,,0.6573076248168945,False,789,27.660833499976434,981.95703125,0.0,259.5,224.0846153846154,61.875,3.0,"embedding_dim=48, hidden_dim=32, dropout=0.0, lr=0.000630957344480193",validation_search
hyperparameter_search,ogbl_collab,gnn,grid_search,0.7654852775000001,0.8114882424862606,0.700575,,,,0.6483168244361878,False,2026,27.29098890000023,981.9609375,0.0,267.5,227.52692307692314,62.828125,2.796875,"embedding_dim=48, hidden_dim=32, dropout=0.0, lr=0.000630957344480193",validation_search
hyperparameter_search,ogbl_collab,gnn,grid_search,0.6967542087499999,0.7894939147418449,0.739825,,,,0.20227273255586625,False,42,27.361506800050847,981.99609375,0.0,264.7,233.3923076923077,63.5,2.734375,"embedding_dim=48, hidden_dim=32, dropout=0.0, lr=0.01",validation_search
hyperparameter_search,ogbl_collab,gnn,grid_search,0.7160231125,0.7969653824962794,0.745275,,,,0.16967660933732986,False,123,27.77780099993106,982.01953125,0.0,271.0,228.36153846153846,63.453125,2.953125,"embedding_dim=48, hidden_dim=32, dropout=0.0, lr=0.01",validation_search
hyperparameter_search,ogbl_collab,gnn,grid_search,0.7040187474999999,0.7969894180997232,0.7434,,,,0.16849040165543555,False,456,27.44740309996996,982.0859375,0.0,264.7,227.21153846153845,62.59375,2.828125,"embedding_dim=48, hidden_dim=32, dropout=0.0, lr=0.01",validation_search
hyperparameter_search,ogbl_collab,gnn,grid_search,0.70966146625,0.7954883578263087,0.747225,,,,0.19789699614048004,False,789,27.454839800018817,982.1171875,0.0,262.9,227.43846153846152,62.171875,2.8125,"embedding_dim=48, hidden_dim=32, dropout=0.0, lr=0.01",validation_search
hyperparameter_search,ogbl_collab,gnn,grid_search,0.69382306625,0.7883484211760088,0.73695,,,,0.21983878165483475,False,2026,27.761233500088565,982.1484375,0.0,265.5,225.33076923076922,62.796875,3.296875,"embedding_dim=48, hidden_dim=32, dropout=0.0, lr=0.01",validation_search
hyperparameter_search,ogbl_collab,gnn,grid_search,0.79493305625,0.8012493300390343,0.7002,,,,0.6514476478099823,False,42,37.42852590000257,1143.484375,0.0,244.1,188.55,71.6875,4.65625,"embedding_dim=48, hidden_dim=32, dropout=0.35, lr=0.000630957344480193",validation_search
hyperparameter_search,ogbl_collab,gnn,grid_search,0.7492355749999999,0.720053885026791,0.64645,,,,0.6466305613517761,False,123,37.46438440005295,1143.50390625,0.0,246.8,187.74230769230766,71.546875,4.8125,"embedding_dim=48, hidden_dim=32, dropout=0.35, lr=0.000630957344480193",validation_search
hyperparameter_search,ogbl_collab,gnn,grid_search,0.7880416900000001,0.7776327540601933,0.618575,,,,0.6513707518577576,False,456,38.264391299919225,1143.52734375,0.0,246.9,184.88846153846157,72.578125,4.40625,"embedding_dim=48, hidden_dim=32, dropout=0.35, lr=0.000630957344480193",validation_search
hyperparameter_search,ogbl_collab,gnn,grid_search,0.75755954375,0.7562972804877575,0.619025,,,,0.6654342174530029,False,789,37.53839969995897,1143.53125,0.0,250.6,190.0,73.03125,4.46875,"embedding_dim=48, hidden_dim=32, dropout=0.35, lr=0.000630957344480193",validation_search
hyperparameter_search,ogbl_collab,gnn,grid_search,0.7744330850000001,0.7742609005778074,0.6302,,,,0.6607167303562165,False,2026,37.3125220000511,1143.546875,0.0,249.7,190.05384615384617,72.34375,4.59375,"embedding_dim=48, hidden_dim=32, dropout=0.35, lr=0.000630957344480193",validation_search
hyperparameter_search,ogbl_collab,gnn,grid_search,0.77275168125,0.8168677189708611,0.700175,,,,0.2898329943418503,False,42,37.44877440005075,1143.5,0.0,241.0,186.0884615384615,70.109375,5.359375,"embedding_dim=48, hidden_dim=32, dropout=0.35, lr=0.01",validation_search
hyperparameter_search,ogbl_collab,gnn,grid_search,0.703762605,0.783589255045108,0.700175,,,,0.3157303065061569,False,123,37.63641439995263,1143.51953125,0.0,235.0,190.08846153846153,72.5,4.25,"embedding_dim=48, hidden_dim=32, dropout=0.35, lr=0.01",validation_search
hyperparameter_search,ogbl_collab,gnn,grid_search,0.76596814,0.8051091603942575,0.700175,,,,0.2747794300317764,False,456,39.53537870000582,1144.35546875,0.0,215.2,182.44615384615386,72.203125,4.671875,"embedding_dim=48, hidden_dim=32, dropout=0.35, lr=0.01",validation_search
hyperparameter_search,ogbl_collab,gnn,grid_search,0.77403594375,0.8147285815700461,0.700175,,,,0.29521464705467226,False,789,38.80820029997267,1144.84765625,0.0,236.7,181.83461538461538,73.32812499999909,3.09375,"embedding_dim=48, hidden_dim=32, dropout=0.35, lr=0.01",validation_search
hyperparameter_search,ogbl_collab,gnn,grid_search,0.7689929362500001,0.805884907639649,0.700175,,,,0.2816186934709549,False,2026,39.58779040002264,1141.625,0.0,246.8,169.91538461538465,70.734375,2.53125,"embedding_dim=48, hidden_dim=32, dropout=0.35, lr=0.01",validation_search
hyperparameter_search,ogbl_collab,gnn,grid_search,0.724855105,0.7912206631196446,0.700175,,,,0.6200209021568298,False,42,24.70096749998629,1141.25,0.0,272.5,234.75384615384615,58.9375,1.71875,"embedding_dim=48, hidden_dim=96, dropout=0.0, lr=0.000630957344480193",validation_search
hyperparameter_search,ogbl_collab,gnn,grid_search,0.73259147375,0.7897739038105445,0.700175,,,,0.6064063310623169,False,123,25.48720350000076,1141.35546875,0.0,282.7,236.29230769230767,59.71875,1.296875,"embedding_dim=48, hidden_dim=96, dropout=0.0, lr=0.000630957344480193",validation_search
hyperparameter_search,ogbl_collab,gnn,grid_search,0.7628385562499999,0.8018035086354094,0.700175,,,,0.5981628000736237,False,456,24.22355679993052,1141.3515625,0.0,295.5,239.04230769230765,59.46875,1.703125,"embedding_dim=48, hidden_dim=96, dropout=0.0, lr=0.000630957344480193",validation_search
hyperparameter_search,ogbl_collab,gnn,grid_search,0.71773961,0.7759095069062872,0.700175,,,,0.58881716132164,False,789,24.109910600003786,1141.43359375,0.0,272.5,239.5423076923077,59.640625,1.296875,"embedding_dim=48, hidden_dim=96, dropout=0.0, lr=0.000630957344480193",validation_search
hyperparameter_search,ogbl_collab,gnn,grid_search,0.77163002125,0.8132294328831647,0.700175,,,,0.6241937756538392,False,2026,24.179257299983874,1141.49609375,0.0,283.1,248.60384615384615,61.67187500000091,1.421875,"embedding_dim=48, hidden_dim=96, dropout=0.0, lr=0.000630957344480193",validation_search
hyperparameter_search,ogbl_collab,gnn,grid_search,0.71469665125,0.7952419527830743,0.74395,,,,0.17675830721855162,False,42,24.14241700002458,1141.3984375,0.0,274.2,237.61538461538458,58.875,1.40625,"embedding_dim=48, hidden_dim=96, dropout=0.0, lr=0.01",validation_search
hyperparameter_search,ogbl_collab,gnn,grid_search,0.7266655124999999,0.8037363390612958,0.739175,,,,0.11621873006224633,False,123,24.062368800048716,1141.48046875,0.0,283.3,240.38076923076926,59.640625,1.125,"embedding_dim=48, hidden_dim=96, dropout=0.0, lr=0.01",validation_search
hyperparameter_search,ogbl_collab,gnn,grid_search,0.73157454,0.7982767982105518,0.738025,,,,0.14494184404611588,False,456,24.334856100031175,1141.41015625,0.0,273.8,239.09230769230766,58.5,1.5625,"embedding_dim=48, hidden_dim=96, dropout=0.0, lr=0.01",validation_search
hyperparameter_search,ogbl_collab,gnn,grid_search,0.7229929175,0.7994378410038057,0.732375,,,,0.19454746395349504,False,789,24.4498220999958,1141.4140625,0.0,270.0,238.30384615384617,59.234375,1.578125,"embedding_dim=48, hidden_dim=96, dropout=0.0, lr=0.01",validation_search
hyperparameter_search,ogbl_collab,gnn,grid_search,0.71319476125,0.7986970208931232,0.73975,,,,0.14439341574907302,False,2026,24.173742599901743,1141.421875,0.0,277.1,245.59615384615387,60.421875,1.390625,"embedding_dim=48, hidden_dim=96, dropout=0.0, lr=0.01",validation_search
hyperparameter_search,ogbl_collab,gnn,grid_search,0.7750271449999999,0.7624425552227617,0.698625,,,,0.6359776020050049,False,42,3711.997993499972,1141.42578125,0.0,452.4,205.18846153846152,53.1875,5.640625,"embedding_dim=48, hidden_dim=96, dropout=0.35, lr=0.000630957344480193",validation_search
hyperparameter_search,ogbl_collab,gnn,grid_search,0.7511184825,0.7567444824132858,0.665775,,,,0.6272709190845489,False,123,14.143980299937539,1089.01953125,0.0,521.9,396.7461538461539,47.46875,13.0,"embedding_dim=48, hidden_dim=96, dropout=0.35, lr=0.000630957344480193",validation_search
hyperparameter_search,ogbl_collab,gnn,grid_search,0.7810195225000001,0.7719884892211029,0.699575,,,,0.6121846497058868,False,456,15.866419700090773,1089.04296875,0.0,481.2,410.5423076923077,51.34375,16.125,"embedding_dim=48, hidden_dim=96, dropout=0.35, lr=0.000630957344480193",validation_search
hyperparameter_search,ogbl_collab,gnn,grid_search,0.7418983725,0.7311397279855746,0.699325,,,,0.61972616314888,False,789,16.151029099943116,1089.046875,0.0,547.9,379.9115384615384,52.421875,14.53125,"embedding_dim=48, hidden_dim=96, dropout=0.35, lr=0.000630957344480193",validation_search
hyperparameter_search,ogbl_collab,gnn,grid_search,0.7753397449999999,0.7703059628512355,0.700225,,,,0.6335742592811584,False,2026,15.744688999955542,1089.15234375,0.0,535.5,430.71923076923076,54.359375,18.109375,"embedding_dim=48, hidden_dim=96, dropout=0.35, lr=0.000630957344480193",validation_search
hyperparameter_search,ogbl_collab,gnn,grid_search,0.7198173750000001,0.7957740658939582,0.7002,,,,0.28938307762146,False,42,15.42542320000939,1089.06640625,0.0,534.1,426.19615384615383,52.609375,17.859375,"embedding_dim=48, hidden_dim=96, dropout=0.35, lr=0.01",validation_search
hyperparameter_search,ogbl_collab,gnn,grid_search,0.71856672125,0.8033087956336624,0.72255,,,,0.25111779272556306,False,123,16.042998499935493,1089.0859375,0.0,529.0,427.4384615384616,55.125,18.015625,"embedding_dim=48, hidden_dim=96, dropout=0.35, lr=0.01",validation_search
hyperparameter_search,ogbl_collab,gnn,grid_search,0.71176192,0.7935867964248803,0.700175,,,,0.2800889015197754,False,456,16.971219399943948,1089.0703125,0.0,507.6,387.82692307692315,52.859375,16.59375,"embedding_dim=48, hidden_dim=96, dropout=0.35, lr=0.01",validation_search
hyperparameter_search,ogbl_collab,gnn,grid_search,0.7453133399999999,0.8049388724367815,0.7006,,,,0.29682858288288116,False,789,16.11560209991876,1050.75,0.0,539.8,422.8153846153846,54.609375,18.4375,"embedding_dim=48, hidden_dim=96, dropout=0.35, lr=0.01",validation_search
hyperparameter_search,ogbl_collab,gnn,grid_search,0.7521228412500001,0.8167375678622891,0.716675,,,,0.2590192347764969,False,2026,25.758697199984454,1050.734375,0.0,461.2,303.68846153846147,56.03125,10.90625,"embedding_dim=48, hidden_dim=96, dropout=0.35, lr=0.01",validation_search
hyperparameter_search,ogbl_collab,gnn,grid_search,0.8142775775,0.8398656288681068,0.66565,0.8021479225,0.8269531320820801,0.662925,0.6760217726230622,True,42,19.113018700038083,1003.75,0.0,568.8,296.21538461538466,42.390625,5.40625,"Validation-selected configuration: embedding_dim=32, hidden_dim=32, dropout=0.0, lr=0.000630957344480193",final_test
hyperparameter_search,ogbl_collab,gnn,grid_search,0.7876196675,0.8016624604790006,0.700175,0.7750482350000001,0.7849908539343593,0.68885,0.6772819638252259,True,123,12.485134999966249,998.41015625,0.0,543.8,403.01153846153846,43.71875,7.546875,"Validation-selected configuration: embedding_dim=32, hidden_dim=32, dropout=0.0, lr=0.000630957344480193",final_test
hyperparameter_search,ogbl_collab,gnn,grid_search,0.790100655,0.8262053894778272,0.5,0.7750202175,0.8129260281796689,0.500025,0.6783958792686462,True,456,11.109181400039233,995.859375,0.0,573.4,417.9653846153846,40.796875,5.53125,"Validation-selected configuration: embedding_dim=32, hidden_dim=32, dropout=0.0, lr=0.000630957344480193",final_test
hyperparameter_search,ogbl_collab,gnn,grid_search,0.8059254724999999,0.8298298325683952,0.7002,0.78911125625,0.8147506097804359,0.688875,0.6667292356491089,True,789,11.418943800032139,996.86328125,0.0,525.0,406.3999999999999,41.1875,7.125,"Validation-selected configuration: embedding_dim=32, hidden_dim=32, dropout=0.0, lr=0.000630957344480193",final_test
hyperparameter_search,ogbl_collab,gnn,grid_search,0.7981950187500001,0.8288663008339734,0.7002,0.7907269987500001,0.821029454938532,0.688925,0.6676004350185394,True,2026,20.142201700014994,993.484375,0.0,349.7,217.16538461538465,42.53125,3.6875,"Validation-selected configuration: embedding_dim=32, hidden_dim=32, dropout=0.0, lr=0.000630957344480193",final_test
hyperparameter_search,ogbl_collab,gnn,random_search,0.7562525875,0.804650522825498,0.700125,,,,0.2945121884346008,False,42,11.582904599956237,1004.08984375,0.0,357.7,255.04615384615383,18.734375,9.015625,"embedding_dim=16, hidden_dim=96, dropout=0.1536074539132183, lr=0.006765774266724162",validation_search
hyperparameter_search,ogbl_collab,gnn,random_search,0.7530768600000001,0.796295670697551,0.700175,,,,0.29965789020061495,False,123,11.145245700026862,1007.89453125,0.0,375.6,270.9884615384615,19.484375,8.625,"embedding_dim=16, hidden_dim=96, dropout=0.1536074539132183, lr=0.006765774266724162",validation_search
hyperparameter_search,ogbl_collab,gnn,random_search,0.7949067037499999,0.8178028393186902,0.716275,,,,0.2757752761244774,False,456,26.685978300054558,961.6328125,0.0,238.0,110.34230769230767,18.625,5.96875,"embedding_dim=16, hidden_dim=96, dropout=0.1536074539132183, lr=0.006765774266724162",validation_search
hyperparameter_search,ogbl_collab,gnn,random_search,0.7819395,0.8160117444611189,0.700175,,,,0.2817665070295334,False,789,14.204648000071757,577.53125,0.0,287.3,161.28846153846155,19.453125,4.015625,"embedding_dim=16, hidden_dim=96, dropout=0.1536074539132183, lr=0.006765774266724162",validation_search
hyperparameter_search,ogbl_collab,gnn,random_search,0.7661139075,0.8146548370470907,0.70965,,,,0.26730161905288696,False,2026,8.819521100027487,602.140625,0.0,406.2,280.1384615384615,19.40625,6.265625,"embedding_dim=16, hidden_dim=96, dropout=0.1536074539132183, lr=0.006765774266724162",validation_search
hyperparameter_search,ogbl_collab,gnn,random_search,0.6997989675,0.787600258582418,0.7229,,,,0.2868571490049362,False,42,7.401102399919182,604.5,0.0,446.4,364.4461538461538,20.0625,8.15625,"embedding_dim=16, hidden_dim=96, dropout=0.032962071760677336, lr=0.00934860525257475",validation_search
hyperparameter_search,ogbl_collab,gnn,random_search,0.73043643875,0.804894775217007,0.723575,,,,0.2523361280560493,False,123,7.456168700009584,604.6484375,0.0,431.2,342.09615384615387,19.015625,7.890625,"embedding_dim=16, hidden_dim=96, dropout=0.032962071760677336, lr=0.00934860525257475",validation_search
hyperparameter_search,ogbl_collab,gnn,random_search,0.74717876125,0.7977118866436277,0.7346,,,,0.21732314825057983,False,456,7.892765199998394,604.6640625,0.0,443.8,333.3884615384616,20.015625,7.421875,"embedding_dim=16, hidden_dim=96, dropout=0.032962071760677336, lr=0.00934860525257475",validation_search
hyperparameter_search,ogbl_collab,gnn,random_search,0.75412023,0.8072350909193916,0.7402,,,,0.22045594155788423,False,789,8.249106099945493,604.7265625,0.0,406.8,305.90384615384613,20.203125,6.875,"embedding_dim=16, hidden_dim=96, dropout=0.032962071760677336, lr=0.00934860525257475",validation_search
hyperparameter_search,ogbl_collab,gnn,random_search,0.7436570124999999,0.8099806074746945,0.721875,,,,0.2426336869597435,False,2026,7.751810899935663,604.83984375,0.0,463.8,348.11923076923074,18.875,8.59375,"embedding_dim=16, hidden_dim=96, dropout=0.032962071760677336, lr=0.00934860525257475",validation_search
hyperparameter_search,ogbl_collab,gnn,random_search,0.752766995,0.7437712564459413,0.700175,,,,0.5541805446147918,False,42,16.61569510004483,1095.53125,0.0,506.5,413.2076923076923,55.37499999999909,17.953125,"embedding_dim=48, hidden_dim=96, dropout=0.2751225068469338, lr=0.0008989517024157321",validation_search
hyperparameter_search,ogbl_collab,gnn,random_search,0.701280795,0.7436531068272533,0.700175,,,,0.544475257396698,False,123,16.535720699932426,1095.5390625,0.0,503.2,409.5269230769231,54.09375,17.15625,"embedding_dim=48, hidden_dim=96, dropout=0.2751225068469338, lr=0.0008989517024157321",validation_search
hyperparameter_search,ogbl_collab,gnn,random_search,0.7526188925000001,0.761572563340112,0.700175,,,,0.5120889067649841,False,456,16.10004619997926,1095.484375,0.0,508.1,434.2423076923077,56.765625,17.09375,"embedding_dim=48, hidden_dim=96, dropout=0.2751225068469338, lr=0.0008989517024157321",validation_search
hyperparameter_search,ogbl_collab,gnn,random_search,0.74085526,0.7360955807288594,0.700175,,,,0.5231977581977845,False,789,15.696283799945377,1095.4609375,0.0,529.8,428.5653846153846,55.0,16.78125,"embedding_dim=48, hidden_dim=96, dropout=0.2751225068469338, lr=0.0008989517024157321",validation_search
hyperparameter_search,ogbl_collab,gnn,random_search,0.76505933375,0.7636509156009567,0.700175,,,,0.5480666816234588,False,2026,15.725466200034134,1095.5,0.0,514.9,441.1769230769231,56.4375,16.828125,"embedding_dim=48, hidden_dim=96, dropout=0.2751225068469338, lr=0.0008989517024157321",validation_search
hyperparameter_search,ogbl_collab,gnn,random_search,0.719529265,0.7976689174404699,0.720525,,,,0.2616041749715805,False,42,15.715567599982023,1096.96875,0.0,550.8,434.3576923076923,56.0,17.1875,"embedding_dim=48, hidden_dim=64, dropout=0.12977930848140343, lr=0.008168042458817863",validation_search
hyperparameter_search,ogbl_collab,gnn,random_search,0.756723955,0.8047888903106367,0.7169,,,,0.2551225498318672,False,123,15.798562799929641,1096.06640625,0.0,565.8,425.4153846153846,55.21875,17.25,"embedding_dim=48, hidden_dim=64, dropout=0.12977930848140343, lr=0.008168042458817863",validation_search
hyperparameter_search,ogbl_collab,gnn,random_search,0.73818659375,0.795394689312771,0.70905,,,,0.2686956822872162,False,456,15.788424800033681,1096.05859375,0.0,567.6,425.50769230769225,55.9375,16.359375,"embedding_dim=48, hidden_dim=64, dropout=0.12977930848140343, lr=0.008168042458817863",validation_search
hyperparameter_search,ogbl_collab,gnn,random_search,0.7377868275,0.809581619759588,0.724475,,,,0.25131434500217437,False,789,15.741393800009973,1084.37109375,0.0,508.1,431.0,55.15625000000091,16.78125,"embedding_dim=48, hidden_dim=64, dropout=0.12977930848140343, lr=0.008168042458817863",validation_search
hyperparameter_search,ogbl_collab,gnn,random_search,0.72303963375,0.7922280499388286,0.7022,,,,0.28530205935239794,False,2026,15.91095689998474,1084.4453125,0.0,561.4,421.9115384615384,55.515625,16.78125,"embedding_dim=48, hidden_dim=64, dropout=0.12977930848140343, lr=0.008168042458817863",validation_search
hyperparameter_search,ogbl_collab,gnn,random_search,0.6919669175,0.7530705575883341,0.700175,,,,0.33197387158870695,False,42,16.217969799996354,1084.48046875,0.0,526.7,412.1000000000001,53.421875,16.71875,"embedding_dim=48, hidden_dim=64, dropout=0.2879665646447905, lr=0.002148310438169022",validation_search
hyperparameter_search,ogbl_collab,gnn,random_search,0.689738825,0.7540807547802896,0.700175,,,,0.36282646656036377,False,123,16.063543100026436,1084.5078125,0.0,548.7,431.20384615384614,57.125,17.1875,"embedding_dim=48, hidden_dim=64, dropout=0.2879665646447905, lr=0.002148310438169022",validation_search
hyperparameter_search,ogbl_collab,gnn,random_search,0.6838687087499999,0.7344197342881751,0.700175,,,,0.34105409383773805,False,456,15.9585967999883,1084.5546875,0.0,527.7,420.6000000000001,55.015625,16.859375,"embedding_dim=48, hidden_dim=64, dropout=0.2879665646447905, lr=0.002148310438169022",validation_search
hyperparameter_search,ogbl_collab,gnn,random_search,0.7188479812499999,0.7543512573557511,0.700175,,,,0.3288651883602142,False,789,16.86375969997607,1084.59765625,0.0,542.5,388.83846153846156,55.203125,16.0,"embedding_dim=48, hidden_dim=64, dropout=0.2879665646447905, lr=0.002148310438169022",validation_search
hyperparameter_search,ogbl_collab,gnn,random_search,0.6861933775,0.7628268796143265,0.700175,,,,0.35678688883781434,False,2026,16.98684809997212,1084.625,0.0,509.3,384.5076923076923,54.625,15.421875,"embedding_dim=48, hidden_dim=64, dropout=0.2879665646447905, lr=0.002148310438169022",validation_search
hyperparameter_search,ogbl_collab,gnn,random_search,0.815585555,0.8352241245049885,0.623025,,,,0.6687633633613587,False,42,11.437064899946563,1143.66796875,0.0,500.5,400.75769230769237,37.390625,11.109375,"embedding_dim=32, hidden_dim=32, dropout=0.19410467545554216, lr=0.0007526285822748962",validation_search
hyperparameter_search,ogbl_collab,gnn,random_search,0.7699324762499999,0.7611326488813352,0.699225,,,,0.6683278679847717,False,123,11.502504299976863,1144.16796875,0.0,471.5,376.5115384615385,35.25,11.03125,"embedding_dim=32, hidden_dim=32, dropout=0.19410467545554216, lr=0.0007526285822748962",validation_search
hyperparameter_search,ogbl_collab,gnn,random_search,0.7864639000000001,0.8154709325671243,0.67715,,,,0.6756744861602784,False,456,10.964705600054003,1141.0546875,0.0,511.1,407.6,36.578125,11.1875,"embedding_dim=32, hidden_dim=32, dropout=0.19410467545554216, lr=0.0007526285822748962",validation_search
hyperparameter_search,ogbl_collab,gnn,random_search,0.7953931837500001,0.7990015822603664,0.700175,,,,0.6583498299121857,False,789,11.042927600094117,1141.046875,0.0,481.8,412.59999999999997,36.296875,11.625,"embedding_dim=32, hidden_dim=32, dropout=0.19410467545554216, lr=0.0007526285822748962",validation_search
hyperparameter_search,ogbl_collab,gnn,random_search,0.800020475,0.8246363148188204,0.700175,,,,0.6629183769226075,False,2026,11.351576399989426,1141.04296875,0.0,502.9,401.28076923076924,36.828125,11.734375,"embedding_dim=32, hidden_dim=32, dropout=0.19410467545554216, lr=0.0007526285822748962",validation_search
hyperparameter_search,ogbl_collab,gnn,random_search,0.7634457025,0.8114403398838641,0.700175,,,,0.28699610829353334,False,42,16.611985900090076,1132.2109375,0.0,497.3,411.46153846153845,55.09375,17.265625,"embedding_dim=48, hidden_dim=96, dropout=0.22108253969272268, lr=0.005125134747140126",validation_search
hyperparameter_search,ogbl_collab,gnn,random_search,0.7132438062500001,0.7999172349331861,0.700225,,,,0.30333593487739563,False,123,15.937345099984668,1132.21875,0.0,575.0,421.57307692307694,56.375,16.28125,"embedding_dim=48, hidden_dim=96, dropout=0.22108253969272268, lr=0.005125134747140126",validation_search
hyperparameter_search,ogbl_collab,gnn,random_search,0.72398355625,0.7966083783198525,0.700175,,,,0.2691281884908676,False,456,16.656244300073013,1132.21875,0.0,521.9,407.86538461538464,55.515625,17.375,"embedding_dim=48, hidden_dim=96, dropout=0.22108253969272268, lr=0.005125134747140126",validation_search
hyperparameter_search,ogbl_collab,gnn,random_search,0.7448390712499999,0.8100482906795274,0.701175,,,,0.26605364084243777,False,789,16.14336230000481,1132.1953125,0.0,541.5,429.20000000000005,56.046875,18.015625,"embedding_dim=48, hidden_dim=96, dropout=0.22108253969272268, lr=0.005125134747140126",validation_search
hyperparameter_search,ogbl_collab,gnn,random_search,0.7718966325,0.811098577760943,0.700175,,,,0.28015515506267546,False,2026,15.74576600000728,1132.1953125,0.0,527.8,438.4000000000001,55.640625,17.859375,"embedding_dim=48, hidden_dim=96, dropout=0.22108253969272268, lr=0.005125134747140126",validation_search
hyperparameter_search,ogbl_collab,gnn,random_search,0.7424222962500001,0.809511739343896,0.702775,,,,0.28355367183685304,False,42,16.042366500012577,1132.69921875,0.0,533.5,415.63076923076926,55.6875,15.703125,"embedding_dim=48, hidden_dim=64, dropout=0.33974430853821613, lr=0.0074429541829455735",validation_search
hyperparameter_search,ogbl_collab,gnn,random_search,0.74601615625,0.7999109261133117,0.700175,,,,0.32060169577598574,False,123,16.407345300074667,1132.71484375,0.0,525.0,407.5615384615385,55.28125,16.296875,"embedding_dim=48, hidden_dim=64, dropout=0.33974430853821613, lr=0.0074429541829455735",validation_search
hyperparameter_search,ogbl_collab,gnn,random_search,0.7730691125,0.8106300751040526,0.700175,,,,0.27753232419490814,False,456,16.424060499994084,1132.73828125,0.0,512.7,418.83461538461535,56.4375,16.703125,"embedding_dim=48, hidden_dim=64, dropout=0.33974430853821613, lr=0.0074429541829455735",validation_search
hyperparameter_search,ogbl_collab,gnn,random_search,0.7384595837500001,0.8086002107914213,0.70415,,,,0.2709171295166016,False,789,15.858092300011776,1132.79296875,0.0,517.3,428.1807692307692,54.34375,17.75,"embedding_dim=48, hidden_dim=64, dropout=0.33974430853821613, lr=0.0074429541829455735",validation_search
hyperparameter_search,ogbl_collab,gnn,random_search,0.72613128125,0.7992395757578226,0.704925,,,,0.28836784809827803,False,2026,15.954771499964409,1132.8203125,0.0,501.4,433.4307692307692,55.921875,17.15625,"embedding_dim=48, hidden_dim=64, dropout=0.33974430853821613, lr=0.0074429541829455735",validation_search
hyperparameter_search,ogbl_collab,gnn,random_search,0.6871426725,0.7579539767584131,0.70035,,,,0.2921652853488922,False,42,16.21405029995367,1133.16015625,0.0,486.5,427.51538461538456,55.4375,17.4375,"embedding_dim=48, hidden_dim=96, dropout=0.06812354774818864, lr=0.0022912116268153327",validation_search
hyperparameter_search,ogbl_collab,gnn,random_search,0.68958866375,0.7641966644869432,0.700225,,,,0.2953880488872528,False,123,15.883777800016105,1132.87890625,0.0,581.2,428.95384615384614,57.109375,16.625,"embedding_dim=48, hidden_dim=96, dropout=0.06812354774818864, lr=0.0022912116268153327",validation_search
hyperparameter_search,ogbl_collab,gnn,random_search,0.6979303587500001,0.7709862390190624,0.700325,,,,0.28089104890823363,False,456,16.188111299998127,1132.88671875,0.0,541.2,415.55000000000007,56.328125,15.890625,"embedding_dim=48, hidden_dim=96, dropout=0.06812354774818864, lr=0.0022912116268153327",validation_search
hyperparameter_search,ogbl_collab,gnn,random_search,0.68861148,0.7629066813516757,0.7002,,,,0.2914182126522064,False,789,16.93938049999997,1132.90625,0.0,485.5,398.65000000000003,56.375,15.25,"embedding_dim=48, hidden_dim=96, dropout=0.06812354774818864, lr=0.0022912116268153327",validation_search
hyperparameter_search,ogbl_collab,gnn,random_search,0.6924310125,0.762309123339084,0.700175,,,,0.29152013659477233,False,2026,16.468439200078137,1132.921875,0.0,522.8,409.97307692307686,54.578125,17.65625,"embedding_dim=48, hidden_dim=96, dropout=0.06812354774818864, lr=0.0022912116268153327",validation_search
hyperparameter_search,ogbl_collab,gnn,random_search,0.7029682712499999,0.7747044022114635,0.7001,,,,0.2992285072803497,False,42,11.785873400047421,1147.328125,0.0,495.8,407.6730769230769,37.53125,11.359375,"embedding_dim=32, hidden_dim=32, dropout=0.054001322223641735, lr=0.004165419481637718",validation_search
hyperparameter_search,ogbl_collab,gnn,random_search,0.6854159525000001,0.7578708002611017,0.700175,,,,0.29665749967098237,False,123,11.912078900029883,1145.41796875,0.0,495.8,374.3500000000001,36.484375,11.234375,"embedding_dim=32, hidden_dim=32, dropout=0.054001322223641735, lr=0.004165419481637718",validation_search
hyperparameter_search,ogbl_collab,gnn,random_search,0.69304093,0.7669128512255952,0.70145,,,,0.28442012518644333,False,456,11.833712200052105,1143.6328125,0.0,491.8,380.13076923076926,36.5625,11.484375,"embedding_dim=32, hidden_dim=32, dropout=0.054001322223641735, lr=0.004165419481637718",validation_search
hyperparameter_search,ogbl_collab,gnn,random_search,0.69394827125,0.7674868951533005,0.700525,,,,0.2843554615974426,False,789,12.121489000041038,1140.5546875,0.0,503.5,378.13461538461536,36.234375,11.390625,"embedding_dim=32, hidden_dim=32, dropout=0.054001322223641735, lr=0.004165419481637718",validation_search
hyperparameter_search,ogbl_collab,gnn,random_search,0.7093488325,0.7757061546129687,0.70015,,,,0.2976308077573776,False,2026,11.446831799927168,1144.20703125,0.0,487.5,414.0307692307692,37.03125,12.5625,"embedding_dim=32, hidden_dim=32, dropout=0.054001322223641735, lr=0.004165419481637718",validation_search
hyperparameter_search,ogbl_collab,gnn,random_search,0.70893332375,0.7374746765047909,0.700175,,,,0.377384340763092,False,42,16.547954600071535,1132.046875,0.0,509.7,414.16538461538465,54.96875,17.109375,"embedding_dim=48, hidden_dim=96, dropout=0.3386284063519735, lr=0.001552352801502279",validation_search
hyperparameter_search,ogbl_collab,gnn,random_search,0.68543667875,0.7470293652441767,0.700175,,,,0.38710303902626036,False,123,19.182073600008152,1131.96875,0.0,553.1,345.276923076923,55.25,14.46875,"embedding_dim=48, hidden_dim=96, dropout=0.3386284063519735, lr=0.001552352801502279",validation_search
hyperparameter_search,ogbl_collab,gnn,random_search,0.6981271675,0.7428132741175155,0.700175,,,,0.3461274355649948,False,456,19.196398700005375,1132.91796875,0.0,483.2,354.0076923076923,55.21875,14.875,"embedding_dim=48, hidden_dim=96, dropout=0.3386284063519735, lr=0.001552352801502279",validation_search
hyperparameter_search,ogbl_collab,gnn,random_search,0.692214965,0.7333319652091788,0.700175,,,,0.361162593960762,False,789,19.464559799991548,1110.58203125,0.0,498.4,323.65769230769223,54.25,13.359375,"embedding_dim=48, hidden_dim=96, dropout=0.3386284063519735, lr=0.001552352801502279",validation_search
hyperparameter_search,ogbl_collab,gnn,random_search,0.71369447625,0.7489931921873356,0.700175,,,,0.37080450654029845,False,2026,16.343916699988768,1099.69140625,0.0,485.7,395.75384615384604,53.59375,15.328125,"embedding_dim=48, hidden_dim=96, dropout=0.3386284063519735, lr=0.001552352801502279",validation_search
hyperparameter_search,ogbl_collab,gnn,random_search,0.7028389937499999,0.7506324555121888,0.700175,,,,0.49784638583660124,False,42,15.900509900064208,1099.90625,0.0,543.1,420.39230769230767,54.078125,17.0625,"embedding_dim=48, hidden_dim=64, dropout=0.16434453394653276, lr=0.0010650392934865914",validation_search
hyperparameter_search,ogbl_collab,gnn,random_search,0.7022612375000001,0.7429168664402579,0.700175,,,,0.49500795602798464,False,123,17.224621600005776,1100.01953125,0.0,481.7,404.9884615384615,55.0625,15.9375,"embedding_dim=48, hidden_dim=64, dropout=0.16434453394653276, lr=0.0010650392934865914",validation_search
hyperparameter_search,ogbl_collab,gnn,random_search,0.67609076375,0.7171517594134879,0.700175,,,,0.4757586270570755,False,456,18.296486800070852,1100.1171875,0.0,528.5,347.3499999999999,54.0,13.6875,"embedding_dim=48, hidden_dim=64, dropout=0.16434453394653276, lr=0.0010650392934865914",validation_search
hyperparameter_search,ogbl_collab,gnn,random_search,0.69760757375,0.7291092397484382,0.700175,,,,0.5160758107900619,False,789,17.228081799927168,1100.20703125,0.0,479.6,388.66538461538465,54.53125,16.046875,"embedding_dim=48, hidden_dim=64, dropout=0.16434453394653276, lr=0.0010650392934865914",validation_search
hyperparameter_search,ogbl_collab,gnn,random_search,0.6806684024999999,0.7498657925859804,0.700175,,,,0.5164400845766067,False,2026,16.38830620003864,1100.23828125,0.0,524.1,405.28461538461545,54.0625,17.140625,"embedding_dim=48, hidden_dim=64, dropout=0.16434453394653276, lr=0.0010650392934865914",validation_search
hyperparameter_search,ogbl_collab,gnn,random_search,0.79522350125,0.8050373031997493,0.700325,,,,0.6276443421840667,False,42,10.938396699959412,1140.65625,0.0,518.5,405.0807692307692,35.984375,11.609375,"embedding_dim=32, hidden_dim=32, dropout=0.1664967241790768, lr=0.001181112372404054",validation_search
hyperparameter_search,ogbl_collab,gnn,random_search,0.7565176225,0.7498382868251126,0.700175,,,,0.6203690230846405,False,123,11.057504800031893,1136.73828125,0.0,532.8,405.3115384615385,36.46875,11.8125,"embedding_dim=32, hidden_dim=32, dropout=0.1664967241790768, lr=0.001181112372404054",validation_search
hyperparameter_search,ogbl_collab,gnn,random_search,0.7646878612499999,0.7807418680532667,0.700175,,,,0.6342489361763001,False,456,10.82339149992913,1136.77734375,0.0,529.2,423.9384615384616,37.125,11.765625,"embedding_dim=32, hidden_dim=32, dropout=0.1664967241790768, lr=0.001181112372404054",validation_search
hyperparameter_search,ogbl_collab,gnn,random_search,0.7636066349999999,0.7596268894886434,0.700175,,,,0.5896079659461975,False,789,10.773533400031738,1140.5078125,0.0,538.6,430.28076923076924,37.46875,12.09375,"embedding_dim=32, hidden_dim=32, dropout=0.1664967241790768, lr=0.001181112372404054",validation_search
hyperparameter_search,ogbl_collab,gnn,random_search,0.7737203425,0.7880219636654513,0.700175,,,,0.6023506820201874,False,2026,10.840913299936801,1137.75,0.0,506.2,420.00000000000006,36.578125,11.90625,"embedding_dim=32, hidden_dim=32, dropout=0.1664967241790768, lr=0.001181112372404054",validation_search
hyperparameter_search,ogbl_collab,gnn,random_search,0.73145962,0.8086590497149987,0.719025,,,,0.2598832592368126,False,42,11.063491699984297,1138.4609375,0.0,502.3,411.34615384615387,36.515625,12.0,"embedding_dim=32, hidden_dim=96, dropout=0.15300317160531574, lr=0.006298162115926124",validation_search
hyperparameter_search,ogbl_collab,gnn,random_search,0.7673761975,0.822198848221984,0.714625,,,,0.26541120409965513,False,123,10.783950799959712,1137.88671875,0.0,508.6,431.0384615384615,36.296875,12.953125,"embedding_dim=32, hidden_dim=96, dropout=0.15300317160531574, lr=0.006298162115926124",validation_search
hyperparameter_search,ogbl_collab,gnn,random_search,0.7552108725000001,0.8155208012566807,0.705075,,,,0.25387501865625384,False,456,10.95856780000031,1141.58984375,0.0,523.3,413.9846153846154,36.046875,12.734375,"embedding_dim=32, hidden_dim=96, dropout=0.15300317160531574, lr=0.006298162115926124",validation_search
hyperparameter_search,ogbl_collab,gnn,random_search,0.76199245875,0.8120060376225076,0.709975,,,,0.283829066157341,False,789,10.909425200079568,1139.73046875,0.0,517.3,421.4961538461538,37.046875,12.078125,"embedding_dim=32, hidden_dim=96, dropout=0.15300317160531574, lr=0.006298162115926124",validation_search
hyperparameter_search,ogbl_collab,gnn,random_search,0.7284051600000001,0.8062015842921237,0.70755,,,,0.2607144504785538,False,2026,10.919504899997264,1141.578125,0.0,503.0,424.4384615384615,36.796875,12.390625,"embedding_dim=32, hidden_dim=96, dropout=0.15300317160531574, lr=0.006298162115926124",validation_search
hyperparameter_search,ogbl_collab,gnn,random_search,0.73292630375,0.8089539985154567,0.71085,,,,0.2653809204697609,False,42,10.815554999979213,1141.625,0.0,536.8,432.6346153846153,37.859375,12.25,"embedding_dim=32, hidden_dim=96, dropout=0.10932832448371436, lr=0.0062908852245340775",validation_search
hyperparameter_search,ogbl_collab,gnn,random_search,0.73208878625,0.8089940248581274,0.728375,,,,0.25419215857982635,False,123,11.032139500021003,1136.74609375,0.0,552.3,413.4576923076923,37.484375,11.8125,"embedding_dim=32, hidden_dim=96, dropout=0.10932832448371436, lr=0.0062908852245340775",validation_search
hyperparameter_search,ogbl_collab,gnn,random_search,0.73971637625,0.8111762865170391,0.707225,,,,0.2512640252709389,False,456,10.816542399930768,1140.38671875,0.0,534.1,440.06923076923084,38.734375,11.984375,"embedding_dim=32, hidden_dim=96, dropout=0.10932832448371436, lr=0.0062908852245340775",validation_search
hyperparameter_search,ogbl_collab,gnn,random_search,0.7471482475,0.8060141016993402,0.71365,,,,0.2564262434840202,False,789,10.911524700000882,1140.4140625,0.0,526.6,435.7692307692307,36.984375,13.328125,"embedding_dim=32, hidden_dim=96, dropout=0.10932832448371436, lr=0.0062908852245340775",validation_search
hyperparameter_search,ogbl_collab,gnn,random_search,0.7330153175,0.8069871670923842,0.7129,,,,0.2551966682076454,False,2026,10.947553000063635,1140.41015625,0.0,504.2,437.1076923076923,36.859375,13.640625,"embedding_dim=32, hidden_dim=96, dropout=0.10932832448371436, lr=0.0062908852245340775",validation_search
hyperparameter_search,ogbl_collab,gnn,random_search,0.7078321737500001,0.7666517545846366,0.700175,,,,0.47332805693149566,False,42,11.096908700070344,1140.44140625,0.0,483.3,414.00384615384615,36.234375,11.859375,"embedding_dim=32, hidden_dim=96, dropout=0.13561743266056106, lr=0.001399567099557049",validation_search
hyperparameter_search,ogbl_collab,gnn,random_search,0.6997679,0.7602428637582224,0.700175,,,,0.4823319762945175,False,123,10.931618300033733,1138.64453125,0.0,529.5,428.3846153846153,36.390625,13.640625,"embedding_dim=32, hidden_dim=96, dropout=0.13561743266056106, lr=0.001399567099557049",validation_search
hyperparameter_search,ogbl_collab,gnn,random_search,0.73214952875,0.7676897271321947,0.700175,,,,0.45164650678634644,False,456,10.872726399917156,1140.46875,0.0,541.7,437.9038461538462,36.15625,13.84375,"embedding_dim=32, hidden_dim=96, dropout=0.13561743266056106, lr=0.001399567099557049",validation_search
hyperparameter_search,ogbl_collab,gnn,random_search,0.6866491637500001,0.7491017714387265,0.700175,,,,0.4383187979459763,False,789,11.040267299977131,1140.484375,0.0,539.7,426.38846153846157,36.953125,12.90625,"embedding_dim=32, hidden_dim=96, dropout=0.13561743266056106, lr=0.001399567099557049",validation_search
hyperparameter_search,ogbl_collab,gnn,random_search,0.74384149125,0.7619207420316233,0.700175,,,,0.5071744412183762,False,2026,10.947940199985169,1140.5,0.0,525.8,433.2807692307693,37.015625,13.5625,"embedding_dim=32, hidden_dim=96, dropout=0.13561743266056106, lr=0.001399567099557049",validation_search
hyperparameter_search,ogbl_collab,gnn,random_search,0.7248475425,0.7664700849171664,0.700175,,,,0.6312074661254883,False,42,6.965998800005764,1139.7890625,0.0,514.2,404.80769230769226,20.484375,8.890625,"embedding_dim=16, hidden_dim=96, dropout=0.04891336926325843, lr=0.0010962001141747336",validation_search
hyperparameter_search,ogbl_collab,gnn,random_search,0.78841295875,0.8015226640410497,0.700175,,,,0.629181045293808,False,123,7.265664900070988,1136.60546875,0.0,485.4,382.6269230769231,20.140625,9.0,"embedding_dim=16, hidden_dim=96, dropout=0.04891336926325843, lr=0.0010962001141747336",validation_search
hyperparameter_search,ogbl_collab,gnn,random_search,0.7262669312499999,0.7730577664980854,0.701,,,,0.6545853614807129,False,456,6.84626030002255,1136.62109375,0.0,508.9,401.32692307692315,19.90625,9.46875,"embedding_dim=16, hidden_dim=96, dropout=0.04891336926325843, lr=0.0010962001141747336",validation_search
hyperparameter_search,ogbl_collab,gnn,random_search,0.7576563175,0.7828532642236993,0.70015,,,,0.6212044298648834,False,789,6.714443000033498,1136.640625,0.0,531.9,419.0115384615385,20.828125,9.34375,"embedding_dim=16, hidden_dim=96, dropout=0.04891336926325843, lr=0.0010962001141747336",validation_search
hyperparameter_search,ogbl_collab,gnn,random_search,0.7935482637500001,0.8189225992801875,0.7002,,,,0.6393844962120057,False,2026,6.949599799932912,1136.64453125,0.0,492.0,412.2307692307693,21.328125,8.921875,"embedding_dim=16, hidden_dim=96, dropout=0.04891336926325843, lr=0.0010962001141747336",validation_search
hyperparameter_search,ogbl_collab,gnn,random_search,0.7621960287499999,0.7932517190130554,0.700175,,,,0.30020161271095275,False,42,15.675285100005567,1130.359375,0.0,535.2,439.776923076923,55.42187499999818,17.953125,"embedding_dim=48, hidden_dim=32, dropout=0.27542353212574844, lr=0.003961147623299825",validation_search
hyperparameter_search,ogbl_collab,gnn,random_search,0.7390632225,0.7912906319182162,0.700175,,,,0.3188208431005478,False,123,16.02366389997769,1130.375,0.0,532.6,438.7807692307692,55.390625,18.25,"embedding_dim=48, hidden_dim=32, dropout=0.27542353212574844, lr=0.003961147623299825",validation_search
hyperparameter_search,ogbl_collab,gnn,random_search,0.7197759850000001,0.7741250783816895,0.700175,,,,0.3433070778846741,False,456,16.38894590002019,1130.2578125,0.0,519.2,413.0692307692307,56.265625,16.015625,"embedding_dim=48, hidden_dim=32, dropout=0.27542353212574844, lr=0.003961147623299825",validation_search
hyperparameter_search,ogbl_collab,gnn,random_search,0.75814854125,0.7882938815279963,0.700175,,,,0.31137390434741974,False,789,17.681655499967746,1130.27734375,0.0,544.9,365.4923076923077,54.71875,14.0625,"embedding_dim=48, hidden_dim=32, dropout=0.27542353212574844, lr=0.003961147623299825",validation_search
hyperparameter_search,ogbl_collab,gnn,random_search,0.7649427912500001,0.7847403017795218,0.700175,,,,0.3046881705522537,False,2026,17.657677700044587,1111.29296875,0.0,473.5,353.3807692307693,52.65625,13.28125,"embedding_dim=48, hidden_dim=32, dropout=0.27542353212574844, lr=0.003961147623299825",validation_search
hyperparameter_search,ogbl_collab,gnn,random_search,0.7165470825,0.769938486091995,0.700175,,,,0.34827256202697754,False,42,12.244536699960008,1144.0,0.0,491.3,363.50384615384615,36.46875,11.3125,"embedding_dim=32, hidden_dim=96, dropout=0.27325516085768875, lr=0.002242326919056276",validation_search
hyperparameter_search,ogbl_collab,gnn,random_search,0.73676116125,0.7756356240094917,0.700175,,,,0.3431727349758148,False,123,11.924610799993388,1136.27734375,0.0,510.9,379.69230769230774,35.4375,11.90625,"embedding_dim=32, hidden_dim=96, dropout=0.27325516085768875, lr=0.002242326919056276",validation_search
hyperparameter_search,ogbl_collab,gnn,random_search,0.7600242175,0.7871252274647711,0.700175,,,,0.3216770589351654,False,456,11.2602412000997,1135.46484375,0.0,500.5,397.08461538461535,35.1875,12.21875,"embedding_dim=32, hidden_dim=96, dropout=0.27325516085768875, lr=0.002242326919056276",validation_search
hyperparameter_search,ogbl_collab,gnn,random_search,0.69048629,0.7519896846608817,0.700175,,,,0.35517273247241976,False,789,11.591252099955454,1135.5,0.0,497.2,397.7923076923077,37.859375,11.46875,"embedding_dim=32, hidden_dim=96, dropout=0.27325516085768875, lr=0.002242326919056276",validation_search
hyperparameter_search,ogbl_collab,gnn,random_search,0.70070694125,0.7562719030362464,0.700175,,,,0.35132620930671693,False,2026,11.570763100055046,1134.671875,0.0,504.4,402.4269230769231,37.3125,12.453125,"embedding_dim=32, hidden_dim=96, dropout=0.27325516085768875, lr=0.002242326919056276",validation_search
hyperparameter_search,ogbl_collab,gnn,random_search,0.7774052112500001,0.7959833588948093,0.700175,,,,0.608419668674469,False,42,11.44349560001865,1135.953125,0.0,512.2,406.0461538461538,37.484375,11.875,"embedding_dim=32, hidden_dim=64, dropout=0.0489289493446801, lr=0.000865836895470935",validation_search
hyperparameter_search,ogbl_collab,gnn,random_search,0.78903792125,0.8099669682599155,0.7002,,,,0.6487627565860749,False,123,11.393552199937403,1139.33984375,0.0,482.4,416.98461538461544,37.40625,12.84375,"embedding_dim=32, hidden_dim=64, dropout=0.0489289493446801, lr=0.000865836895470935",validation_search
hyperparameter_search,ogbl_collab,gnn,random_search,0.7682996974999999,0.8028399149977301,0.700175,,,,0.6219393074512481,False,456,11.438182600075379,1134.7421875,0.0,533.3,409.0269230769231,35.984375,12.40625,"embedding_dim=32, hidden_dim=64, dropout=0.0489289493446801, lr=0.000865836895470935",validation_search
hyperparameter_search,ogbl_collab,gnn,random_search,0.7718884512499999,0.7991323847512899,0.700175,,,,0.6309613585472107,False,789,11.446585900033824,1135.609375,0.0,491.8,405.83076923076925,36.296875,12.78125,"embedding_dim=32, hidden_dim=64, dropout=0.0489289493446801, lr=0.000865836895470935",validation_search
hyperparameter_search,ogbl_collab,gnn,random_search,0.7902901412500001,0.8160656119323177,0.700175,,,,0.6464198768138886,False,2026,11.952031600056216,1135.65625,0.0,475.1,358.76538461538456,35.046875,10.703125,"embedding_dim=32, hidden_dim=64, dropout=0.0489289493446801, lr=0.000865836895470935",validation_search
hyperparameter_search,ogbl_collab,gnn,random_search,0.7264210150000001,0.7899828465695897,0.70015,,,,0.3088621199131012,False,42,11.252840499975719,1139.84765625,0.0,504.9,419.6961538461538,37.15625,12.421875,"embedding_dim=32, hidden_dim=96, dropout=0.16488367215009636, lr=0.003008038065519179",validation_search
hyperparameter_search,ogbl_collab,gnn,random_search,0.70922964,0.780262238400049,0.700175,,,,0.3028648614883423,False,123,11.389386800001375,1139.6015625,0.0,491.7,414.9,36.9375,13.0625,"embedding_dim=32, hidden_dim=96, dropout=0.16488367215009636, lr=0.003008038065519179",validation_search
hyperparameter_search,ogbl_collab,gnn,random_search,0.764758275,0.8070663986477616,0.700175,,,,0.29302244186401366,False,456,11.180965399951674,1137.80078125,0.0,520.8,423.78076923076924,36.53125,13.15625,"embedding_dim=32, hidden_dim=96, dropout=0.16488367215009636, lr=0.003008038065519179",validation_search
hyperparameter_search,ogbl_collab,gnn,random_search,0.70154984,0.7716440938627812,0.70015,,,,0.3213903188705444,False,789,11.119854199932888,1136.03125,0.0,517.9,425.7615384615386,36.828125,13.25,"embedding_dim=32, hidden_dim=96, dropout=0.16488367215009636, lr=0.003008038065519179",validation_search
hyperparameter_search,ogbl_collab,gnn,random_search,0.7135040575,0.778602655569676,0.70015,,,,0.30113439857959745,False,2026,12.242535799974576,1139.66796875,0.0,535.3,384.8769230769231,36.78125,12.265625,"embedding_dim=32, hidden_dim=96, dropout=0.16488367215009636, lr=0.003008038065519179",validation_search
hyperparameter_search,ogbl_collab,gnn,random_search,0.7070579575,0.7372800729190165,0.700175,,,,0.3722202003002167,False,42,6.967721299966797,1137.171875,0.0,480.8,388.81923076923067,19.6875,9.09375,"embedding_dim=16, hidden_dim=96, dropout=0.22215141200020677, lr=0.0029126968141823324",validation_search
hyperparameter_search,ogbl_collab,gnn,random_search,0.70664838125,0.7432569256179491,0.700175,,,,0.37197400629520416,False,123,7.006479499978013,1134.87109375,0.0,558.5,418.50000000000006,21.046875,9.5,"embedding_dim=16, hidden_dim=96, dropout=0.22215141200020677, lr=0.0029126968141823324",validation_search
hyperparameter_search,ogbl_collab,gnn,random_search,0.7615938824999999,0.7799903966788311,0.700175,,,,0.43732085824012756,False,456,7.384143400005996,1134.26171875,0.0,498.7,365.4807692307692,19.234375,8.84375,"embedding_dim=16, hidden_dim=96, dropout=0.22215141200020677, lr=0.0029126968141823324",validation_search
hyperparameter_search,ogbl_collab,gnn,random_search,0.736820295,0.7497986276265552,0.700175,,,,0.37811698019504547,False,789,6.916455199941993,1134.26953125,0.0,505.3,410.123076923077,20.859375,9.203125,"embedding_dim=16, hidden_dim=96, dropout=0.22215141200020677, lr=0.0029126968141823324",validation_search
hyperparameter_search,ogbl_collab,gnn,random_search,0.76212040625,0.7849684685822469,0.700175,,,,0.3839921772480011,False,2026,7.0396301000146195,1134.296875,0.0,560.9,414.4846153846153,20.734375,9.78125,"embedding_dim=16, hidden_dim=96, dropout=0.22215141200020677, lr=0.0029126968141823324",validation_search
hyperparameter_search,ogbl_collab,gnn,random_search,0.78667005625,0.796417314091105,0.7,,,,0.6765437364578247,False,42,6.928619399899617,1131.98828125,0.0,516.1,404.83076923076925,20.84375,9.109375,"embedding_dim=16, hidden_dim=64, dropout=0.10638253432191426, lr=0.0006870390171640847",validation_search
hyperparameter_search,ogbl_collab,gnn,random_search,0.7340395475,0.7355698133813244,0.69995,,,,0.6705234408378601,False,123,6.975081200012937,1131.7421875,0.0,494.1,407.6961538461538,21.34375,8.71875,"embedding_dim=16, hidden_dim=64, dropout=0.10638253432191426, lr=0.0006870390171640847",validation_search
hyperparameter_search,ogbl_collab,gnn,random_search,0.7431149237500001,0.7796817740143758,0.700175,,,,0.6766710221767426,False,456,6.960206199903041,1131.7421875,0.0,499.4,400.8269230769231,19.875,9.21875,"embedding_dim=16, hidden_dim=64, dropout=0.10638253432191426, lr=0.0006870390171640847",validation_search
hyperparameter_search,ogbl_collab,gnn,random_search,0.7594001987500001,0.7975295567412264,0.700125,,,,0.6747903048992157,False,789,7.170402599964291,1130.5703125,0.0,494.1,387.5192307692307,19.140625,10.53125,"embedding_dim=16, hidden_dim=64, dropout=0.10638253432191426, lr=0.0006870390171640847",validation_search
hyperparameter_search,ogbl_collab,gnn,random_search,0.77315533,0.7817968497377028,0.7002,,,,0.6761939764022827,False,2026,7.097561199916527,1127.6875,0.0,518.6,406.0615384615385,20.546875,9.875,"embedding_dim=16, hidden_dim=64, dropout=0.10638253432191426, lr=0.0006870390171640847",validation_search
hyperparameter_search,ogbl_collab,gnn,random_search,0.6962206200000001,0.75725051102869,0.700175,,,,0.3686340093612671,False,42,10.918683500029147,1133.83984375,0.0,526.6,430.1807692307692,36.078125,13.6875,"embedding_dim=32, hidden_dim=64, dropout=0.07510463548683521, lr=0.0019508971418591076",validation_search
hyperparameter_search,ogbl_collab,gnn,random_search,0.6874180087499999,0.759370477896767,0.700125,,,,0.4155095428228378,False,123,10.687126499949954,1134.71484375,0.0,546.9,436.35384615384623,36.671875,12.953125,"embedding_dim=32, hidden_dim=64, dropout=0.07510463548683521, lr=0.0019508971418591076",validation_search
hyperparameter_search,ogbl_collab,gnn,random_search,0.6826788962500001,0.7536694372129797,0.70015,,,,0.37058298885822294,False,456,10.75711190002039,1134.734375,0.0,522.4,431.24230769230763,36.953125,12.53125,"embedding_dim=32, hidden_dim=64, dropout=0.07510463548683521, lr=0.0019508971418591076",validation_search
hyperparameter_search,ogbl_collab,gnn,random_search,0.68106771875,0.7510007471641467,0.70015,,,,0.3752693712711334,False,789,11.239255200023763,1130.7421875,0.0,529.2,428.58846153846156,37.09375,13.296875,"embedding_dim=32, hidden_dim=64, dropout=0.07510463548683521, lr=0.0019508971418591076",validation_search
hyperparameter_search,ogbl_collab,gnn,random_search,0.70160896375,0.7603420983852225,0.70015,,,,0.412526273727417,False,2026,11.121714500011876,1051.24609375,0.0,486.1,402.94615384615383,35.53125,11.984375,"embedding_dim=32, hidden_dim=64, dropout=0.07510463548683521, lr=0.0019508971418591076",validation_search
hyperparameter_search,ogbl_collab,gnn,random_search,0.8155855525000001,0.835224152942982,0.623025,0.8056907124999999,0.8222344306582352,0.62155,0.6687633633613587,True,42,13.144614799995907,1051.3515625,0.0,514.8,430.69615384615383,45.140625,14.453125,"Validation-selected configuration: embedding_dim=32, hidden_dim=32, dropout=0.19410467545554216, lr=0.0007526285822748962",final_test
hyperparameter_search,ogbl_collab,gnn,random_search,0.76993246625,0.7611325469873922,0.699225,0.7578602025000001,0.743743004496203,0.688625,0.6683278739452362,True,123,14.341134799993597,1050.63671875,0.0,465.7,370.78076923076935,45.28125,12.78125,"Validation-selected configuration: embedding_dim=32, hidden_dim=32, dropout=0.19410467545554216, lr=0.0007526285822748962",final_test
hyperparameter_search,ogbl_collab,gnn,random_search,0.7864639025,0.8154709473878271,0.67715,0.7726543750000001,0.8025568651667344,0.662175,0.6756744861602784,True,456,13.20285070000682,1012.9765625,0.0,512.5,411.6576923076923,45.625,13.515625,"Validation-selected configuration: embedding_dim=32, hidden_dim=32, dropout=0.19410467545554216, lr=0.0007526285822748962",final_test
hyperparameter_search,ogbl_collab,gnn,random_search,0.7953932087500001,0.7990010248205761,0.700175,0.78089723375,0.7843231881510555,0.68885,0.6583498299121857,True,789,13.590033299988136,1014.74609375,0.0,500.5,410.9461538461538,44.71875,15.03125,"Validation-selected configuration: embedding_dim=32, hidden_dim=32, dropout=0.19410467545554216, lr=0.0007526285822748962",final_test
hyperparameter_search,ogbl_collab,gnn,random_search,0.8000203874999999,0.8246362198465518,0.700175,0.7919171462500001,0.816906327103035,0.68885,0.6629183709621429,True,2026,14.902897199965082,1013.875,0.0,500.3,353.13846153846157,45.328125,13.390625,"Validation-selected configuration: embedding_dim=32, hidden_dim=32, dropout=0.19410467545554216, lr=0.0007526285822748962",final_test
hyperparameter_search,ogbl_collab,gnn,de_opt,0.74787841875,0.8072192300864856,0.700175,,,,0.28352596461772916,False,42,18.83639620000031,1131.16796875,0.0,438.5,362.79615384615386,53.6875,15.875,"embedding_dim=48, hidden_dim=96, dropout=0.22535279202823258, lr=0.00621094103787056",validation_search
hyperparameter_search,ogbl_collab,gnn,de_opt,0.7180931825,0.8006605893596477,0.7002,,,,0.29170913994312286,False,123,17.695861499989405,1130.79296875,0.0,485.9,370.33461538461535,56.140625,14.25,"embedding_dim=48, hidden_dim=96, dropout=0.22535279202823258, lr=0.00621094103787056",validation_search
hyperparameter_search,ogbl_collab,gnn,de_opt,0.7153899149999999,0.7934730141318223,0.7002,,,,0.2760422691702843,False,456,16.980802200036123,1130.78125,0.0,519.5,403.46538461538466,57.046875,16.5625,"embedding_dim=48, hidden_dim=96, dropout=0.22535279202823258, lr=0.00621094103787056",validation_search
hyperparameter_search,ogbl_collab,gnn,de_opt,0.71648793875,0.8001083511717996,0.7017,,,,0.26193259209394454,False,789,16.136654500034638,1130.8125,0.0,519.6,402.55769230769226,54.21875,15.640625,"embedding_dim=48, hidden_dim=96, dropout=0.22535279202823258, lr=0.00621094103787056",validation_search
hyperparameter_search,ogbl_collab,gnn,de_opt,0.7523687375000001,0.8098213198476786,0.700175,,,,0.2735240340232849,False,2026,16.73682730004657,1130.84375,0.0,477.9,402.2,55.15625,16.0,"embedding_dim=48, hidden_dim=96, dropout=0.22535279202823258, lr=0.00621094103787056",validation_search
hyperparameter_search,ogbl_collab,gnn,de_opt,0.7678887562500001,0.8147246306410608,0.700175,,,,0.3108124643564224,False,42,11.604507699958049,1145.7578125,0.0,511.9,407.4846153846155,38.09375,12.203125,"embedding_dim=32, hidden_dim=96, dropout=0.2879665646447905, lr=0.0036140759824865296",validation_search
hyperparameter_search,ogbl_collab,gnn,de_opt,0.77209131,0.8170645099217937,0.700175,,,,0.29565044343471525,False,123,16.719547900022008,1143.95703125,0.0,400.0,264.84615384615387,36.39062499999818,7.640625,"embedding_dim=32, hidden_dim=96, dropout=0.2879665646447905, lr=0.0036140759824865296",validation_search
hyperparameter_search,ogbl_collab,gnn,de_opt,0.7760448950000001,0.8172428051270926,0.700175,,,,0.286826528608799,False,456,13.311593800084665,968.29296875,0.0,494.6,334.6538461538462,35.46875,9.90625,"embedding_dim=32, hidden_dim=96, dropout=0.2879665646447905, lr=0.0036140759824865296",validation_search
hyperparameter_search,ogbl_collab,gnn,de_opt,0.73546065125,0.7915381466537693,0.700175,,,,0.31755991876125333,False,789,11.75177990004886,967.42578125,0.0,505.3,391.38846153846157,36.90625,11.234375,"embedding_dim=32, hidden_dim=96, dropout=0.2879665646447905, lr=0.0036140759824865296",validation_search
hyperparameter_search,ogbl_collab,gnn,de_opt,0.73676866875,0.7981928047532532,0.70015,,,,0.30083151161670685,False,2026,11.08754019998014,969.31640625,0.0,516.8,411.1346153846153,36.8125,11.734375,"embedding_dim=32, hidden_dim=96, dropout=0.2879665646447905, lr=0.0036140759824865296",validation_search
hyperparameter_search,ogbl_collab,gnn,de_opt,0.7518033000000001,0.8005748788854249,0.700175,,,,0.2874149024486542,False,42,15.865200800006278,1126.2890625,0.0,544.5,438.8384615384615,56.953125,17.0625,"embedding_dim=48, hidden_dim=32, dropout=0.15519496958956588, lr=0.005125134747140126",validation_search
hyperparameter_search,ogbl_collab,gnn,de_opt,0.7108925962500001,0.7845653489920184,0.700175,,,,0.30137050449848174,False,123,16.019516099942848,1125.9140625,0.0,535.0,419.0423076923077,56.140625,15.796875,"embedding_dim=48, hidden_dim=32, dropout=0.15519496958956588, lr=0.005125134747140126",validation_search
hyperparameter_search,ogbl_collab,gnn,de_opt,0.69604764625,0.7758552362911932,0.70015,,,,0.318048295378685,False,456,15.90611219999846,1101.10546875,0.0,553.6,414.00769230769237,55.625,15.46875,"embedding_dim=48, hidden_dim=32, dropout=0.15519496958956588, lr=0.005125134747140126",validation_search
hyperparameter_search,ogbl_collab,gnn,de_opt,0.73965620625,0.788560823618271,0.700175,,,,0.309595051407814,False,789,16.439688200014643,1101.1875,0.0,500.6,411.0153846153847,54.453125,16.34375,"embedding_dim=48, hidden_dim=32, dropout=0.15519496958956588, lr=0.005125134747140126",validation_search
hyperparameter_search,ogbl_collab,gnn,de_opt,0.7608426687500001,0.7922370868190209,0.700175,,,,0.29378747940063477,False,2026,16.110513199935667,1101.2421875,0.0,547.3,417.45,55.46875,16.78125,"embedding_dim=48, hidden_dim=32, dropout=0.15519496958956588, lr=0.005125134747140126",validation_search
hyperparameter_search,ogbl_collab,gnn,de_opt,0.698033345,0.7544012116007798,0.700175,,,,0.41789790391922,False,42,10.755027999985032,1139.30859375,0.0,554.2,428.29615384615386,36.95312500000182,11.90625,"embedding_dim=32, hidden_dim=64, dropout=0.0795335526246719, lr=0.0016804715399186588",validation_search
hyperparameter_search,ogbl_collab,gnn,de_opt,0.69021824625,0.7556914301553967,0.700175,,,,0.474507138133049,False,123,10.85593700001482,1140.65625,0.0,495.8,418.44230769230785,36.5625,11.53125,"embedding_dim=32, hidden_dim=64, dropout=0.0795335526246719, lr=0.0016804715399186588",validation_search
hyperparameter_search,ogbl_collab,gnn,de_opt,0.68284884,0.7541695534843414,0.700175,,,,0.4226938486099243,False,456,10.773179600015283,1140.69921875,0.0,544.5,428.53846153846155,36.65625,12.875,"embedding_dim=32, hidden_dim=64, dropout=0.0795335526246719, lr=0.0016804715399186588",validation_search
hyperparameter_search,ogbl_collab,gnn,de_opt,0.68177757875,0.751024696638886,0.700175,,,,0.4302769750356674,False,789,10.796403800020926,1139.421875,0.0,524.2,428.5846153846154,36.5625,12.796875,"embedding_dim=32, hidden_dim=64, dropout=0.0795335526246719, lr=0.0016804715399186588",validation_search
hyperparameter_search,ogbl_collab,gnn,de_opt,0.6978175950000001,0.750741909126129,0.700175,,,,0.4702067792415619,False,2026,10.724231999949552,1139.4453125,0.0,528.9,427.95,37.5,11.515625,"embedding_dim=32, hidden_dim=64, dropout=0.0795335526246719, lr=0.0016804715399186588",validation_search
hyperparameter_search,ogbl_collab,gnn,de_opt,0.77501327,0.8197914100925692,0.700225,,,,0.2749128997325897,False,42,6.775454199989326,1138.75,0.0,606.4,412.2423076923078,19.671875,9.578125,"embedding_dim=16, hidden_dim=64, dropout=0.19410467545554216, lr=0.00922226567619423",validation_search
hyperparameter_search,ogbl_collab,gnn,de_opt,0.73219825625,0.7958654038202858,0.700825,,,,0.2722098335623741,False,123,6.799359599943273,1136.13671875,0.0,487.4,408.06153846153853,19.671875,9.765625,"embedding_dim=16, hidden_dim=64, dropout=0.19410467545554216, lr=0.00922226567619423",validation_search
hyperparameter_search,ogbl_collab,gnn,de_opt,0.7759927112499999,0.817476478873805,0.70385,,,,0.25954641550779345,False,456,7.287812000024132,1135.03125,0.0,534.2,375.45384615384614,19.28125,8.5625,"embedding_dim=16, hidden_dim=64, dropout=0.19410467545554216, lr=0.00922226567619423",validation_search
hyperparameter_search,ogbl_collab,gnn,de_opt,0.7215363537499999,0.8004275427189147,0.707325,,,,0.2718549594283104,False,789,7.525063300039619,1135.5078125,0.0,492.3,367.21153846153845,20.15625,8.890625,"embedding_dim=16, hidden_dim=64, dropout=0.19410467545554216, lr=0.00922226567619423",validation_search
hyperparameter_search,ogbl_collab,gnn,de_opt,0.7831995,0.8144895339342296,0.709525,,,,0.2839301496744156,False,2026,6.8648228999227285,1135.53515625,0.0,518.6,410.95769230769224,21.140625,8.8125,"embedding_dim=16, hidden_dim=64, dropout=0.19410467545554216, lr=0.00922226567619423",validation_search
hyperparameter_search,ogbl_collab,gnn,de_opt,0.7137850299999999,0.7938369400852939,0.7439,,,,0.20154997557401658,False,42,15.783268500003032,1130.64453125,0.0,523.8,435.04999999999995,54.65625,17.765625,"embedding_dim=48, hidden_dim=96, dropout=0.02233603963646136, lr=0.0074429541829455735",validation_search
hyperparameter_search,ogbl_collab,gnn,de_opt,0.72524982125,0.7925200054692647,0.738025,,,,0.20501696169376374,False,123,17.345801700023003,1130.234375,0.0,516.5,373.3615384615384,55.453125,12.890625,"embedding_dim=48, hidden_dim=96, dropout=0.02233603963646136, lr=0.0074429541829455735",validation_search
hyperparameter_search,ogbl_collab,gnn,de_opt,0.71369447875,0.791433654502474,0.736925,,,,0.20803672224283218,False,456,15.720182999968529,1130.13671875,0.0,547.6,428.4423076923077,55.6875,16.53125,"embedding_dim=48, hidden_dim=96, dropout=0.02233603963646136, lr=0.0074429541829455735",validation_search
hyperparameter_search,ogbl_collab,gnn,de_opt,0.71116702125,0.7919227949772695,0.71635,,,,0.2720027819275856,False,789,16.761085400008596,1130.14453125,0.0,532.6,417.93461538461537,55.25,15.609375,"embedding_dim=48, hidden_dim=96, dropout=0.02233603963646136, lr=0.0074429541829455735",validation_search
hyperparameter_search,ogbl_collab,gnn,de_opt,0.70568190125,0.7883420677225961,0.724925,,,,0.24941838383674622,False,2026,15.894309800001793,1130.1796875,0.0,577.0,431.0423076923077,56.953125,16.9375,"embedding_dim=48, hidden_dim=96, dropout=0.02233603963646136, lr=0.0074429541829455735",validation_search
hyperparameter_search,ogbl_collab,gnn,de_opt,0.75953250375,0.8122080653414301,0.700175,,,,0.28546483516693116,False,42,11.520832500071265,1144.4609375,0.0,494.4,374.70769230769224,36.5625,10.140625,"embedding_dim=32, hidden_dim=64, dropout=0.15406641636379478, lr=0.00621094103787056",validation_search
hyperparameter_search,ogbl_collab,gnn,de_opt,0.76293046625,0.8176073782725828,0.707575,,,,0.2763869076967239,False,123,13.017718199989758,1144.4375,0.0,459.1,348.75769230769225,36.0,11.84375,"embedding_dim=32, hidden_dim=64, dropout=0.15406641636379478, lr=0.00621094103787056",validation_search
hyperparameter_search,ogbl_collab,gnn,de_opt,0.74437197875,0.8096953832831071,0.70315,,,,0.26958334296941755,False,456,12.709521099925041,1138.4296875,0.0,443.9,363.99230769230763,36.578125,12.8125,"embedding_dim=32, hidden_dim=64, dropout=0.15406641636379478, lr=0.00621094103787056",validation_search
hyperparameter_search,ogbl_collab,gnn,de_opt,0.77244199625,0.8168542587195902,0.700375,,,,0.27586008608341217,False,789,11.511170999961905,1140.203125,0.0,508.3,403.2769230769231,36.1875,12.59375,"embedding_dim=32, hidden_dim=64, dropout=0.15406641636379478, lr=0.00621094103787056",validation_search
hyperparameter_search,ogbl_collab,gnn,de_opt,0.7843919074999999,0.8289350921671372,0.7095,,,,0.2661706507205963,False,2026,11.027734700008295,1141.0390625,0.0,525.0,407.8192307692308,36.359375,11.796875,"embedding_dim=32, hidden_dim=64, dropout=0.15406641636379478, lr=0.00621094103787056",validation_search
hyperparameter_search,ogbl_collab,gnn,de_opt,0.6977338125,0.7758669795645001,0.708675,,,,0.29661246985197065,False,42,12.499421499902382,1134.0078125,0.0,649.0,439.56153846153853,49.15625,5.46875,"embedding_dim=48, hidden_dim=96, dropout=0.0, lr=0.004933472443786938",validation_search
hyperparameter_search,ogbl_collab,gnn,de_opt,0.69904897,0.7865765281750189,0.726575,,,,0.20574573129415513,False,123,14.217834800016135,1118.75,0.0,483.1,348.1884615384615,46.96875,5.15625,"embedding_dim=48, hidden_dim=96, dropout=0.0, lr=0.004933472443786938",validation_search
hyperparameter_search,ogbl_collab,gnn,de_opt,0.70513842375,0.7827094592676207,0.729025,,,,0.20251337736845015,False,456,13.635938300052658,1001.90234375,0.0,520.8,388.7076923076923,47.4375,6.125,"embedding_dim=48, hidden_dim=96, dropout=0.0, lr=0.004933472443786938",validation_search
hyperparameter_search,ogbl_collab,gnn,de_opt,0.7033353925,0.787997065695909,0.7319,,,,0.22705614566802979,False,789,13.536817999905907,991.234375,0.0,479.2,381.1884615384615,48.28125,6.53125,"embedding_dim=48, hidden_dim=96, dropout=0.0, lr=0.004933472443786938",validation_search
hyperparameter_search,ogbl_collab,gnn,de_opt,0.6943138175,0.7823272825512377,0.7245,,,,0.22191239446401595,False,2026,14.069346999982372,991.23828125,0.0,504.2,368.3461538461538,47.84375,4.8125,"embedding_dim=48, hidden_dim=96, dropout=0.0, lr=0.004933472443786938",validation_search
hyperparameter_search,ogbl_collab,gnn,de_opt,0.7435849237500001,0.8023911958096568,0.7003,,,,0.2937859520316124,False,42,20.550795200048015,1044.33984375,0.0,395.1,298.44615384615383,55.5,9.53125,"embedding_dim=48, hidden_dim=32, dropout=0.15519496958956588, lr=0.01",validation_search
hyperparameter_search,ogbl_collab,gnn,de_opt,0.74560602,0.8066802481730516,0.714075,,,,0.26236761808395387,False,123,16.943557099904865,1024.4375,0.0,544.4,400.87307692307695,55.0,15.640625,"embedding_dim=48, hidden_dim=32, dropout=0.15519496958956588, lr=0.01",validation_search
hyperparameter_search,ogbl_collab,gnn,de_opt,0.71003184875,0.7903402740513794,0.7137,,,,0.26309312134981155,False,456,15.82591599994339,1024.51171875,0.0,568.4,415.9923076923077,55.34375,15.96875,"embedding_dim=48, hidden_dim=32, dropout=0.15519496958956588, lr=0.01",validation_search
hyperparameter_search,ogbl_collab,gnn,de_opt,0.74363791875,0.8048037307177848,0.70125,,,,0.2721395820379257,False,789,15.737085700035095,1024.53125,0.0,561.4,438.0038461538461,57.46875,16.359375,"embedding_dim=48, hidden_dim=32, dropout=0.15519496958956588, lr=0.01",validation_search
hyperparameter_search,ogbl_collab,gnn,de_opt,0.7629363637500001,0.8034873755140479,0.700175,,,,0.28747894465923307,False,2026,16.583210400072858,1024.58984375,0.0,513.0,414.9153846153847,56.5,16.25,"embedding_dim=48, hidden_dim=32, dropout=0.15519496958956588, lr=0.01",validation_search
hyperparameter_search,ogbl_collab,gnn,de_opt,0.69577149875,0.7817108540371224,0.722625,,,,0.2972420513629913,False,42,18.330628799973056,1025.15625,0.0,445.3,349.49615384615385,55.01562499999818,12.9375,"embedding_dim=48, hidden_dim=64, dropout=0.034956924516209326, lr=0.008606674954545878",validation_search
hyperparameter_search,ogbl_collab,gnn,de_opt,0.72929836625,0.7934670034732466,0.733725,,,,0.23504568338394166,False,123,18.421330699929968,1025.19921875,0.0,425.2,341.7115384615384,53.3125,13.734375,"embedding_dim=48, hidden_dim=64, dropout=0.034956924516209326, lr=0.008606674954545878",validation_search
hyperparameter_search,ogbl_collab,gnn,de_opt,0.7376462875,0.7902890084555508,0.739475,,,,0.18727252632379532,False,456,20.059625900001265,1022.64453125,0.0,434.0,325.6730769230769,56.515625,11.28125,"embedding_dim=48, hidden_dim=64, dropout=0.034956924516209326, lr=0.008606674954545878",validation_search
hyperparameter_search,ogbl_collab,gnn,de_opt,0.7310805624999999,0.8049551769881983,0.75095,,,,0.17004581391811371,False,789,19.972707099979743,1020.578125,0.0,404.7,293.27307692307687,53.328125,8.71875,"embedding_dim=48, hidden_dim=64, dropout=0.034956924516209326, lr=0.008606674954545878",validation_search
hyperparameter_search,ogbl_collab,gnn,de_opt,0.73430448,0.7974430931129559,0.7398,,,,0.2021172195672989,False,2026,18.116985699976794,1020.6953125,0.0,431.4,357.5076923076923,55.25,13.140625,"embedding_dim=48, hidden_dim=64, dropout=0.034956924516209326, lr=0.008606674954545878",validation_search
hyperparameter_search,ogbl_collab,gnn,de_opt,0.76836657,0.8134823234488155,0.700175,,,,0.28671832382678986,False,42,14.098377999966033,1131.6953125,0.0,381.4,284.7692307692308,35.5,7.609375,"embedding_dim=32, hidden_dim=64, dropout=0.19410467545554216, lr=0.005332802870195524",validation_search
hyperparameter_search,ogbl_collab,gnn,de_opt,0.76332852625,0.8120697248727242,0.700225,,,,0.2975872904062271,False,123,11.935578600037843,1132.7421875,0.0,517.9,386.9576923076923,36.453125,11.796875,"embedding_dim=32, hidden_dim=64, dropout=0.19410467545554216, lr=0.005332802870195524",validation_search
hyperparameter_search,ogbl_collab,gnn,de_opt,0.7566568874999999,0.8082314804737363,0.700175,,,,0.29135623425245283,False,456,11.317860399954952,1133.70703125,0.0,513.6,405.95000000000005,36.515625,11.953125,"embedding_dim=32, hidden_dim=64, dropout=0.19410467545554216, lr=0.005332802870195524",validation_search
hyperparameter_search,ogbl_collab,gnn,de_opt,0.7753955124999999,0.8144026442295161,0.700175,,,,0.2877025306224823,False,789,10.894936099997722,1134.64453125,0.0,500.5,420.93461538461537,36.5,11.96875,"embedding_dim=32, hidden_dim=64, dropout=0.19410467545554216, lr=0.005332802870195524",validation_search
hyperparameter_search,ogbl_collab,gnn,de_opt,0.7712384775,0.8200793573038813,0.7004,,,,0.2838999018073082,False,2026,11.082742900005542,1134.734375,0.0,526.6,433.35769230769233,38.75,12.265625,"embedding_dim=32, hidden_dim=64, dropout=0.19410467545554216, lr=0.005332802870195524",validation_search
hyperparameter_search,ogbl_collab,gnn,de_opt,0.69153681375,0.7829958958867769,0.71125,,,,0.2690409436821938,False,42,15.652438500081189,1125.3671875,0.0,571.8,439.2807692307693,56.265625,17.734375,"embedding_dim=48, hidden_dim=64, dropout=0.062193718622392716, lr=0.005542481758869049",validation_search
hyperparameter_search,ogbl_collab,gnn,de_opt,0.71588012125,0.7911466532863864,0.710275,,,,0.28661890923976896,False,123,16.643886600038968,1125.48828125,0.0,511.0,407.41153846153844,55.25,15.015625,"embedding_dim=48, hidden_dim=64, dropout=0.062193718622392716, lr=0.005542481758869049",validation_search
hyperparameter_search,ogbl_collab,gnn,de_opt,0.7180784125,0.7809409201436048,0.71,,,,0.2491800844669342,False,456,18.578830900019966,1125.55078125,0.0,420.9,336.1423076923077,54.078125,12.3125,"embedding_dim=48, hidden_dim=64, dropout=0.062193718622392716, lr=0.005542481758869049",validation_search
hyperparameter_search,ogbl_collab,gnn,de_opt,0.70740391375,0.7935167044288489,0.714875,,,,0.2687584012746811,False,789,19.15856100001838,1125.609375,0.0,420.1,322.8346153846154,54.421875,11.25,"embedding_dim=48, hidden_dim=64, dropout=0.062193718622392716, lr=0.005542481758869049",validation_search
hyperparameter_search,ogbl_collab,gnn,de_opt,0.69929598,0.7896674419989179,0.708125,,,,0.2712257355451584,False,2026,19.627646099892445,1125.6328125,0.0,463.7,323.1999999999999,56.0,10.875,"embedding_dim=48, hidden_dim=64, dropout=0.062193718622392716, lr=0.005542481758869049",validation_search
hyperparameter_search,ogbl_collab,gnn,de_opt,0.73939606375,0.8105397642896494,0.703375,,,,0.284882578253746,False,42,14.174676100024953,1132.6953125,0.0,411.0,288.7307692307691,36.0,7.125,"embedding_dim=32, hidden_dim=96, dropout=0.1765631389872575, lr=0.005052579886640309",validation_search
hyperparameter_search,ogbl_collab,gnn,de_opt,0.75925878375,0.8180712056330111,0.704625,,,,0.2798662543296814,False,123,14.759568299981765,1088.8125,0.0,418.4,296.29999999999995,36.3125,8.375,"embedding_dim=32, hidden_dim=96, dropout=0.1765631389872575, lr=0.005052579886640309",validation_search
hyperparameter_search,ogbl_collab,gnn,de_opt,0.77070487875,0.8202646774484152,0.7005,,,,0.2708273962140083,False,456,13.465125999995507,1088.01171875,0.0,419.5,311.1999999999999,36.328125,7.96875,"embedding_dim=32, hidden_dim=96, dropout=0.1765631389872575, lr=0.005052579886640309",validation_search
hyperparameter_search,ogbl_collab,gnn,de_opt,0.7493972687499999,0.8026195253116472,0.700525,,,,0.2972914934158325,False,789,13.677555999951437,1088.2265625,0.0,358.3,292.1,35.59375,7.203125,"embedding_dim=32, hidden_dim=96, dropout=0.1765631389872575, lr=0.005052579886640309",validation_search
hyperparameter_search,ogbl_collab,gnn,de_opt,0.73353003875,0.8023474162422939,0.70015,,,,0.28333679139614104,False,2026,14.371725299977697,1089.21484375,0.0,351.7,289.75384615384615,35.76562500000182,6.890625,"embedding_dim=32, hidden_dim=96, dropout=0.1765631389872575, lr=0.005052579886640309",validation_search
hyperparameter_search,ogbl_collab,gnn,de_opt,0.72356972875,0.7995731867425389,0.7006,,,,0.2837369114160538,False,42,13.663643400068395,1087.52734375,0.0,363.9,302.80000000000007,36.453125,7.21875,"embedding_dim=32, hidden_dim=96, dropout=0.101103424488369, lr=0.004336878666237298",validation_search
hyperparameter_search,ogbl_collab,gnn,de_opt,0.7142542175,0.7919206936317231,0.71085,,,,0.28527461886405947,False,123,13.362771699903533,1086.71875,0.0,371.9,306.6230769230769,35.609375,8.0625,"embedding_dim=32, hidden_dim=96, dropout=0.101103424488369, lr=0.004336878666237298",validation_search
hyperparameter_search,ogbl_collab,gnn,de_opt,0.75156896375,0.812404143349408,0.70035,,,,0.2718546256422997,False,456,13.351888900040649,1087.63671875,0.0,355.3,308.3038461538462,36.40625,7.0625,"embedding_dim=32, hidden_dim=96, dropout=0.101103424488369, lr=0.004336878666237298",validation_search
hyperparameter_search,ogbl_collab,gnn,de_opt,0.71236004,0.7851584243517397,0.700525,,,,0.2867468923330307,False,789,13.386000199941918,1086.78515625,0.0,372.5,304.91153846153844,34.828125,8.328125,"embedding_dim=32, hidden_dim=96, dropout=0.101103424488369, lr=0.004336878666237298",validation_search
hyperparameter_search,ogbl_collab,gnn,de_opt,0.7289069874999999,0.7976350161230932,0.700175,,,,0.2841379553079605,False,2026,12.616128799971193,1087.6796875,0.0,523.9,314.04999999999995,36.359375,7.9375,"embedding_dim=32, hidden_dim=96, dropout=0.101103424488369, lr=0.004336878666237298",validation_search
hyperparameter_search,ogbl_collab,gnn,de_opt,0.71326249625,0.8029338979582636,0.743275,,,,0.17770789861679076,False,42,10.764414899982512,1128.19921875,0.0,666.1,484.92307692307696,48.609375,6.8125,"embedding_dim=48, hidden_dim=64, dropout=0.0, lr=0.01",validation_search
hyperparameter_search,ogbl_collab,gnn,de_opt,0.735841355,0.8018758826899431,0.724525,,,,0.1694902390241623,False,123,11.519724900019355,1128.12890625,0.0,666.1,512.4269230769231,48.6875,6.421875,"embedding_dim=48, hidden_dim=64, dropout=0.0, lr=0.01",validation_search
hyperparameter_search,ogbl_collab,gnn,de_opt,0.73832163,0.7964124481066671,0.739725,,,,0.1400118164718151,False,456,11.22928149998188,1128.1875,0.0,641.0,478.00769230769237,50.296875,6.28125,"embedding_dim=48, hidden_dim=64, dropout=0.0, lr=0.01",validation_search
hyperparameter_search,ogbl_collab,gnn,de_opt,0.74403047375,0.8095930371099456,0.7268,,,,0.17909563481807708,False,789,10.768216699943878,1128.19921875,0.0,626.0,500.24230769230775,49.015625,6.296875,"embedding_dim=48, hidden_dim=64, dropout=0.0, lr=0.01",validation_search
hyperparameter_search,ogbl_collab,gnn,de_opt,0.73406830625,0.7975464913911936,0.741675,,,,0.1729752503335476,False,2026,10.349320300039835,1128.24609375,0.0,654.0,514.6615384615384,49.359375,6.625,"embedding_dim=48, hidden_dim=64, dropout=0.0, lr=0.01",validation_search
hyperparameter_search,ogbl_collab,gnn,de_opt,0.7610768137500001,0.7901163230839982,0.700175,,,,0.31098616123199463,False,42,8.860403599916026,1142.21484375,0.0,492.3,289.94615384615395,19.484375,5.453125,"embedding_dim=16, hidden_dim=64, dropout=0.2197697387962686, lr=0.004730277624158544",validation_search
hyperparameter_search,ogbl_collab,gnn,de_opt,0.7170645125,0.7497707697579115,0.700175,,,,0.3227891266345978,False,123,7.369479699991643,1138.546875,0.0,493.8,350.18461538461537,20.1875,7.5625,"embedding_dim=16, hidden_dim=64, dropout=0.2197697387962686, lr=0.004730277624158544",validation_search
hyperparameter_search,ogbl_collab,gnn,de_opt,0.7695897774999999,0.7934094409126691,0.700175,,,,0.30919039249420166,False,456,6.776898399926722,1138.59765625,0.0,501.7,416.43076923076916,20.359375,9.484375,"embedding_dim=16, hidden_dim=64, dropout=0.2197697387962686, lr=0.004730277624158544",validation_search
hyperparameter_search,ogbl_collab,gnn,de_opt,0.74627253875,0.7879967962540078,0.700175,,,,0.32032766938209534,False,789,7.025255299988203,1138.58203125,0.0,467.4,395.3153846153846,19.984375,9.078125,"embedding_dim=16, hidden_dim=64, dropout=0.2197697387962686, lr=0.004730277624158544",validation_search
hyperparameter_search,ogbl_collab,gnn,de_opt,0.76569761375,0.7762992548301751,0.700175,,,,0.3492384314537048,False,2026,7.808701199945062,1137.9609375,0.0,520.8,382.7076923076923,20.3125,7.828125,"embedding_dim=16, hidden_dim=64, dropout=0.2197697387962686, lr=0.004730277624158544",validation_search
hyperparameter_search,ogbl_collab,gnn,de_opt,0.7214431912500001,0.7964742325799754,0.700125,,,,0.2940001368522644,False,42,11.372360900044441,1135.83203125,0.0,519.3,399.2653846153846,37.53125,10.90625,"embedding_dim=32, hidden_dim=96, dropout=0.12676848782909544, lr=0.0038468776388204807",validation_search
hyperparameter_search,ogbl_collab,gnn,de_opt,0.7359989612500001,0.8001460869146861,0.70135,,,,0.2823991537094116,False,123,12.699976100004278,1136.74609375,0.0,487.5,355.6923076923077,37.640625,10.375,"embedding_dim=32, hidden_dim=96, dropout=0.12676848782909544, lr=0.0038468776388204807",validation_search
hyperparameter_search,ogbl_collab,gnn,de_opt,0.7652529175,0.8150023382170746,0.700125,,,,0.2780956283211708,False,456,13.098730299971066,1134.87109375,0.0,448.0,352.8692307692308,37.53125,10.421875,"embedding_dim=32, hidden_dim=96, dropout=0.12676848782909544, lr=0.0038468776388204807",validation_search
hyperparameter_search,ogbl_collab,gnn,de_opt,0.70825345875,0.7769399955127969,0.70015,,,,0.3065378665924072,False,789,13.536959299934097,1135.76953125,0.0,439.6,330.1653846153846,37.109375,9.40625,"embedding_dim=32, hidden_dim=96, dropout=0.12676848782909544, lr=0.0038468776388204807",validation_search
hyperparameter_search,ogbl_collab,gnn,de_opt,0.72293912125,0.7920394569418998,0.700125,,,,0.29238046109676363,False,2026,13.799427499994636,1113.40234375,0.0,459.1,330.6384615384616,37.234375,10.265625,"embedding_dim=32, hidden_dim=96, dropout=0.12676848782909544, lr=0.0038468776388204807",validation_search
hyperparameter_search,ogbl_collab,gnn,de_opt,0.75438369375,0.8098460140611278,0.738775,,,,0.1668555498123169,False,42,14.508506400045007,1079.125,0.0,347.9,272.9307692307693,35.46875,6.796875,"embedding_dim=32, hidden_dim=96, dropout=0.02233603963646136, lr=0.00964469582407962",validation_search
hyperparameter_search,ogbl_collab,gnn,de_opt,0.7113305575000001,0.7985123368144597,0.7357,,,,0.21049347072839736,False,123,14.130853000096977,781.15234375,0.0,409.6,294.67692307692306,36.703125,8.265625,"embedding_dim=32, hidden_dim=96, dropout=0.02233603963646136, lr=0.00964469582407962",validation_search
hyperparameter_search,ogbl_collab,gnn,de_opt,0.72595040125,0.8003690021364671,0.7382,,,,0.19100996404886245,False,456,13.991469100001268,739.23828125,0.0,465.7,325.84230769230777,36.046875,9.96875,"embedding_dim=32, hidden_dim=96, dropout=0.02233603963646136, lr=0.00964469582407962",validation_search
hyperparameter_search,ogbl_collab,gnn,de_opt,0.741697775,0.8043099298840669,0.74805,,,,0.18807062804698943,False,789,13.4033272000961,715.734375,0.0,386.2,314.13076923076926,37.42187499999818,7.59375,"embedding_dim=32, hidden_dim=96, dropout=0.02233603963646136, lr=0.00964469582407962",validation_search
hyperparameter_search,ogbl_collab,gnn,de_opt,0.7280112787499999,0.8018647659777602,0.751275,,,,0.17488955557346345,False,2026,13.33273350005038,715.78125,0.0,388.8,294.25384615384615,34.515625,7.671875,"embedding_dim=32, hidden_dim=96, dropout=0.02233603963646136, lr=0.00964469582407962",validation_search
hyperparameter_search,ogbl_collab,gnn,de_opt,0.7571070612499999,0.8098551292829141,0.700175,,,,0.2992092654109001,False,42,13.298813799978234,715.9140625,0.0,392.5,308.8807692307693,36.03125,7.53125,"embedding_dim=32, hidden_dim=32, dropout=0.2871059264227153, lr=0.005469574665832339",validation_search
hyperparameter_search,ogbl_collab,gnn,de_opt,0.767920435,0.7952798520209459,0.700175,,,,0.3186113595962524,False,123,13.006233599968255,715.57421875,0.0,410.3,308.44615384615383,36.734375,6.84375,"embedding_dim=32, hidden_dim=32, dropout=0.2871059264227153, lr=0.005469574665832339",validation_search
hyperparameter_search,ogbl_collab,gnn,de_opt,0.7596121725,0.7909186590783986,0.700175,,,,0.2897969648241997,False,456,12.916399099980481,716.57421875,0.0,411.2,314.18846153846147,35.875,7.453125,"embedding_dim=32, hidden_dim=32, dropout=0.2871059264227153, lr=0.005469574665832339",validation_search
hyperparameter_search,ogbl_collab,gnn,de_opt,0.7652226449999999,0.7898295771223967,0.700175,,,,0.2974855452775955,False,789,13.009589599911124,715.7421875,0.0,386.1,328.0692307692308,36.953125,8.390625,"embedding_dim=32, hidden_dim=32, dropout=0.2871059264227153, lr=0.005469574665832339",validation_search
hyperparameter_search,ogbl_collab,gnn,de_opt,0.7738114637500001,0.8048945208186078,0.700175,,,,0.29809723496437074,False,2026,12.892050200025551,718.5625,0.0,399.9,324.00769230769237,36.359375,8.4375,"embedding_dim=32, hidden_dim=32, dropout=0.2871059264227153, lr=0.005469574665832339",validation_search
hyperparameter_search,ogbl_collab,gnn,de_opt,0.7103847962500001,0.798810587604585,0.746075,,,,0.14257393181324005,False,42,17.4933404000476,1124.828125,0.0,577.9,357.39230769230767,55.609375,13.046875,"embedding_dim=48, hidden_dim=64, dropout=0.016991380177700827, lr=0.01",validation_search
hyperparameter_search,ogbl_collab,gnn,de_opt,0.7427415562499999,0.8018391173470331,0.736475,,,,0.17981015890836716,False,123,15.700864600017667,1124.8828125,0.0,543.8,438.7884615384615,55.546875,17.09375,"embedding_dim=48, hidden_dim=64, dropout=0.016991380177700827, lr=0.01",validation_search
hyperparameter_search,ogbl_collab,gnn,de_opt,0.7464225824999999,0.7947138581863732,0.736725,,,,0.16617493331432343,False,456,311.05873539997265,1124.87109375,0.0,512.0,351.7192307692307,48.3125,13.765625,"embedding_dim=48, hidden_dim=64, dropout=0.016991380177700827, lr=0.01",validation_search
hyperparameter_search,ogbl_collab,gnn,de_opt,0.7418122975,0.7984202121524271,0.741025,,,,0.19445369839668275,False,789,16.227267499896698,1117.66796875,0.0,512.5,355.16538461538465,48.68750000000182,11.953125,"embedding_dim=48, hidden_dim=64, dropout=0.016991380177700827, lr=0.01",validation_search
hyperparameter_search,ogbl_collab,gnn,de_opt,0.7320932287499999,0.7958202774319652,0.740425,,,,0.18152194172143937,False,2026,17.009230499970727,1116.82421875,0.0,523.7,353.2230769230769,52.671875,13.03125,"embedding_dim=48, hidden_dim=64, dropout=0.016991380177700827, lr=0.01",validation_search
hyperparameter_search,ogbl_collab,gnn,de_opt,0.74949401875,0.8104697673124807,0.70015,,,,0.2989623636007309,False,42,12.525288700009696,1144.5625,0.0,484.8,373.45384615384614,35.5,12.609375,"embedding_dim=32, hidden_dim=96, dropout=0.1947071222109948, lr=0.003990121650303513",validation_search
hyperparameter_search,ogbl_collab,gnn,de_opt,0.7634648775,0.8165309117484346,0.70025,,,,0.290855672955513,False,123,11.7485351000214,1144.15234375,0.0,502.3,396.7576923076923,37.25,12.390625,"embedding_dim=32, hidden_dim=96, dropout=0.1947071222109948, lr=0.003990121650303513",validation_search
hyperparameter_search,ogbl_collab,gnn,de_opt,0.77109670875,0.8146236536188656,0.700125,,,,0.2823164701461792,False,456,11.732321300078183,1141.05859375,0.0,475.0,379.2692307692308,35.984375,11.109375,"embedding_dim=32, hidden_dim=96, dropout=0.1947071222109948, lr=0.003990121650303513",validation_search
hyperparameter_search,ogbl_collab,gnn,de_opt,0.72397208375,0.7855305475440357,0.700175,,,,0.3140907555818558,False,789,12.207425700034946,1145.5625,0.0,471.5,371.776923076923,35.296875,12.09375,"embedding_dim=32, hidden_dim=96, dropout=0.1947071222109948, lr=0.003990121650303513",validation_search
hyperparameter_search,ogbl_collab,gnn,de_opt,0.7325031162500001,0.8001220221359108,0.70015,,,,0.2897180527448654,False,2026,12.129191000014544,1146.30078125,0.0,475.0,370.3461538461539,35.71875,11.5625,"embedding_dim=32, hidden_dim=96, dropout=0.1947071222109948, lr=0.003990121650303513",validation_search
hyperparameter_search,ogbl_collab,gnn,de_opt,0.73090714125,0.7915105430810068,0.7002,,,,0.27690946608781813,False,42,16.565142299979925,1132.92578125,0.0,529.4,411.83076923076925,56.546875,16.671875,"embedding_dim=48, hidden_dim=96, dropout=0.1294255125073378, lr=0.0042764001583922686",validation_search
hyperparameter_search,ogbl_collab,gnn,de_opt,0.70662264875,0.7936655946227902,0.70045,,,,0.315644770860672,False,123,16.88836129999254,1132.81640625,0.0,531.2,401.0115384615384,56.171875,16.578125,"embedding_dim=48, hidden_dim=96, dropout=0.1294255125073378, lr=0.0042764001583922686",validation_search
hyperparameter_search,ogbl_collab,gnn,de_opt,0.71458497875,0.7896364826353943,0.70015,,,,0.28443256616592405,False,456,16.316700999974273,1132.85546875,0.0,536.8,416.72307692307686,56.5625,16.640625,"embedding_dim=48, hidden_dim=96, dropout=0.1294255125073378, lr=0.0042764001583922686",validation_search
hyperparameter_search,ogbl_collab,gnn,de_opt,0.7149746499999999,0.7937495143202536,0.700225,,,,0.285722079873085,False,789,16.172881999984384,1132.875,0.0,536.4,418.4115384615385,56.0625,16.671875,"embedding_dim=48, hidden_dim=96, dropout=0.1294255125073378, lr=0.0042764001583922686",validation_search
hyperparameter_search,ogbl_collab,gnn,de_opt,0.7369749800000001,0.797592663146868,0.70045,,,,0.2776214689016342,False,2026,16.57431399996858,1132.77734375,0.0,525.9,407.4346153846154,56.625,15.9375,"embedding_dim=48, hidden_dim=96, dropout=0.1294255125073378, lr=0.0042764001583922686",validation_search
hyperparameter_search,ogbl_collab,gnn,de_opt,0.70745716125,0.7900495765461057,0.723075,,,,0.2315819889307022,False,42,11.612768899998628,1144.34375,0.0,491.0,404.7307692307692,37.265625,12.8125,"embedding_dim=32, hidden_dim=96, dropout=0.009368201460617037, lr=0.005934998624311322",validation_search
hyperparameter_search,ogbl_collab,gnn,de_opt,0.6942688825000001,0.7891925748976759,0.740275,,,,0.2187321349978447,False,123,11.615927399951033,1146.6875,0.0,509.9,390.30384615384617,36.828125,12.1875,"embedding_dim=32, hidden_dim=96, dropout=0.009368201460617037, lr=0.005934998624311322",validation_search
hyperparameter_search,ogbl_collab,gnn,de_opt,0.71551268125,0.7950523792890707,0.740125,,,,0.21176281571388245,False,456,11.536013400065713,1146.70703125,0.0,512.5,398.3076923076923,37.65625,11.546875,"embedding_dim=32, hidden_dim=96, dropout=0.009368201460617037, lr=0.005934998624311322",validation_search
hyperparameter_search,ogbl_collab,gnn,de_opt,0.7015883475,0.7884169950281799,0.74365,,,,0.20431870222091675,False,789,11.485786399920471,1146.64453125,0.0,512.5,402.1499999999999,35.65625,12.59375,"embedding_dim=32, hidden_dim=96, dropout=0.009368201460617037, lr=0.005934998624311322",validation_search
hyperparameter_search,ogbl_collab,gnn,de_opt,0.7030500937499999,0.787766969498053,0.731775,,,,0.2149037390947342,False,2026,13.158624999923632,1146.6796875,0.0,468.7,349.9423076923077,37.0,11.03125,"embedding_dim=32, hidden_dim=96, dropout=0.009368201460617037, lr=0.005934998624311322",validation_search
hyperparameter_search,ogbl_collab,gnn,de_opt,0.7494940225,0.8104697657159458,0.70015,,,,0.2989623636007309,False,42,10.70786099997349,1146.6953125,0.0,520.3,426.2923076923077,35.4375,13.3125,"embedding_dim=32, hidden_dim=96, dropout=0.1947071222109948, lr=0.003990121650303513",validation_search
hyperparameter_search,ogbl_collab,gnn,de_opt,0.76346488625,0.8165309230217735,0.70025,,,,0.2908556669950485,False,123,13.178723499993794,1144.83984375,0.0,491.7,372.473076923077,36.15625,12.015625,"embedding_dim=32, hidden_dim=96, dropout=0.1947071222109948, lr=0.003990121650303513",validation_search
hyperparameter_search,ogbl_collab,gnn,de_opt,0.771109785,0.8146345184288706,0.700125,,,,0.28230359852313996,False,456,11.732271500048228,1144.8515625,0.0,501.3,381.46923076923076,36.75,11.34375,"embedding_dim=32, hidden_dim=96, dropout=0.1947071222109948, lr=0.003990121650303513",validation_search
hyperparameter_search,ogbl_collab,gnn,de_opt,0.72397209625,0.7855305518241316,0.700175,,,,0.31409075260162356,False,789,10.681207799934782,1146.68359375,0.0,532.1,420.0038461538462,36.0,12.171875,"embedding_dim=32, hidden_dim=96, dropout=0.1947071222109948, lr=0.003990121650303513",validation_search
hyperparameter_search,ogbl_collab,gnn,de_opt,0.7325031325,0.8001220083830392,0.70015,,,,0.28971804678440094,False,2026,10.9889440999832,1146.6953125,0.0,507.5,426.80384615384617,36.3125,12.875,"embedding_dim=32, hidden_dim=96, dropout=0.1947071222109948, lr=0.003990121650303513",validation_search
hyperparameter_search,ogbl_collab,gnn,de_opt,0.7683665900000001,0.8134823608081136,0.700175,0.7514029225000001,0.7996471851965417,0.688825,0.2867183148860931,True,42,12.665806700009853,1147.0,0.0,531.0,424.76538461538456,45.5,13.46875,"Validation-selected configuration: embedding_dim=32, hidden_dim=64, dropout=0.19410467545554216, lr=0.005332802870195524",final_test
hyperparameter_search,ogbl_collab,gnn,de_opt,0.7633285087499999,0.812069714709389,0.700225,0.74668914125,0.7950778202208404,0.6889,0.29758729338645934,True,123,12.729546200018376,1144.44921875,0.0,521.4,432.00000000000006,46.171875,13.5625,"Validation-selected configuration: embedding_dim=32, hidden_dim=64, dropout=0.19410467545554216, lr=0.005332802870195524",final_test
hyperparameter_search,ogbl_collab,gnn,de_opt,0.75665686625,0.8082314989526064,0.700175,0.73804747625,0.7957533556096328,0.688825,0.29135624021291734,True,456,12.73786300001666,1141.77734375,0.0,538.6,435.023076923077,46.875,13.828125,"Validation-selected configuration: embedding_dim=32, hidden_dim=64, dropout=0.19410467545554216, lr=0.005332802870195524",final_test
hyperparameter_search,ogbl_collab,gnn,de_opt,0.7753955137500002,0.8144026865243372,0.700175,0.7585741250000001,0.7992810687924254,0.688825,0.28770253956317904,True,789,14.041395699954592,1142.6640625,0.0,519.3,421.3769230769231,45.828125,14.125,"Validation-selected configuration: embedding_dim=32, hidden_dim=64, dropout=0.19410467545554216, lr=0.005332802870195524",final_test
hyperparameter_search,ogbl_collab,gnn,de_opt,0.77123848875,0.820079337038901,0.7004,0.7541066837500001,0.8068767725152778,0.689175,0.2838998958468437,True,2026,13.588860900024883,1142.6796875,0.0,517.8,373.1307692307692,45.09375,12.296875,"Validation-selected configuration: embedding_dim=32, hidden_dim=64, dropout=0.19410467545554216, lr=0.005332802870195524",final_test
model_family,ogbl_collab,dnn,adam,0.93265882875,0.9329439902325743,0.848275,0.9197173137500001,0.9184858139752391,0.8279,0.25338772088289263,True,42,2.897678899927996,1131.38671875,0.0,806.5,449.18999999999994,11.109375,2.53125,,
model_family,ogbl_collab,gnn,adam,0.76679149875,0.821102941990291,0.7003,0.74898496,0.8058909217472454,0.689,0.2566463127732277,True,42,22.027934200013988,1146.44140625,0.0,542.1,423.47200000000004,73.234375,24.109375,,
model_family,ogbl_collab,rhmm,adam,0.7278759925,0.7798374173390981,0.732175,0.715299095,0.7707755492935913,0.728375,0.48098614513874055,True,42,7.950503300060518,1173.68359375,0.0,631.6,417.3759999999999,22.578125,10.390625,,
model_family,ogbl_collab,psl_dnn,adam,0.9413381362499998,0.9458388517270663,0.84815,0.93098283125,0.9364501459997572,0.8294,0.15427433848381042,True,42,4.331990999984555,1237.08203125,0.0,831.1,464.62000000000006,13.0,5.5,,
model_family,ogbl_collab,gnn_bilstm,adam,0.79822824125,0.8224308436321872,0.700175,0.7893463537500001,0.8111206525872866,0.6889,0.2535757139325142,True,42,26.196678399923258,1251.203125,0.0,495.2,429.772,84.703125,31.65625,,
model_family,ogbl_collab,rl_gnn,bandit_policy,0.71675551,0.7851802954154408,0.717775,0.6985892525,0.7705758961405795,0.70675,,True,42,23.816856499994174,1173.3828125,0.0,587.7,486.9480000000001,100.34375,20.359375,selected_expert=residual,
model_family,ogbl_collab,dnn,adam,0.9264767375,0.9237527665747807,0.850925,0.9140791687500001,0.9104308037570067,0.8346,0.26196863800287246,True,123,2.6506976999808103,1158.96875,0.0,957.7,479.138,10.53125,2.265625,,
model_family,ogbl_collab,gnn,adam,0.7726906725,0.8212446138651792,0.71155,0.75631513875,0.8055608394565791,0.700575,0.2372157782316208,True,123,23.015299300081097,1172.46875,0.0,526.6,410.282,74.703125,23.3125,,
model_family,ogbl_collab,rhmm,adam,0.7242674175,0.7757026369651644,0.7322,0.7137709937499999,0.7681637023151535,0.728625,0.48438604176044464,True,123,9.91432470001746,1177.4765625,0.0,596.6,427.53400000000005,21.8125,11.828125,,
model_family,ogbl_collab,psl_dnn,adam,0.94165521875,0.9451077382426755,0.8577,0.9318665962499999,0.9359639087002489,0.8392,0.14925504326820374,True,123,4.380996000021696,1170.796875,0.0,831.1,374.83000000000004,12.375,3.734375,,
model_family,ogbl_collab,gnn_bilstm,adam,0.7933877275,0.8166093385584197,0.700125,0.7840490600000001,0.8047683619243786,0.688875,0.2421286165714264,True,123,26.974508499959484,1182.3046875,0.0,514.7,411.512,85.28125,30.171875,,
model_family,ogbl_collab,rl_gnn,bandit_policy,0.7248641075000001,0.7729468424628079,0.700175,0.70809631125,0.7532080051350584,0.68885,,True,123,23.13729039998725,1196.35546875,0.0,608.1,457.94000000000005,90.53125,19.75,selected_expert=last,
model_family,ogbl_collab,dnn,adam,0.93392152625,0.9348525778498721,0.85085,0.9217770587500002,0.9216808772767742,0.8316,0.2493603929877281,True,456,2.794241600087844,1181.15625,0.0,1108.9,490.538,11.515625,2.25,,
model_family,ogbl_collab,gnn,adam,0.7711715400000001,0.8206127819509944,0.70445,0.75285806875,0.8066864237591397,0.69405,0.23733146786689757,True,456,23.0631758000236,1197.05078125,0.0,520.8,400.55,72.84375,24.40625,,
model_family,ogbl_collab,rhmm,adam,0.7328606675,0.7824507212287756,0.73215,0.722017685,0.7740254033770145,0.7283,0.47401228845119475,True,456,8.099136999924667,1200.73046875,0.0,621.6,414.09599999999995,22.3125,10.578125,,
model_family,ogbl_collab,psl_dnn,adam,0.9404029350000002,0.9456550178849598,0.8537,0.9300459375,0.9359965116151715,0.83555,0.14263315573334695,True,456,4.321097899926826,1185.41015625,0.0,764.6,395.734,12.34375,4.46875,,
model_family,ogbl_collab,gnn_bilstm,adam,0.7962503437499999,0.8197476175163989,0.700175,0.7869894012499999,0.8085097457729251,0.6889,0.24825625270605087,True,456,30.84380189992953,1197.78515625,0.0,540.6,370.0499999999999,81.9375,23.8125,,
model_family,ogbl_collab,rl_gnn,bandit_policy,0.7557716449999999,0.7874088110143797,0.700175,0.74071150875,0.7764760595151117,0.688825,,True,456,22.841489300015382,1197.2734375,0.0,607.6,458.04200000000003,92.203125,16.359375,selected_expert=last,
model_family,ogbl_collab,dnn,adam,0.9303411,0.9303336705509391,0.84615,0.916650105,0.9148712597869645,0.8251,0.2628066435456276,True,789,2.670098999980837,1183.0546875,0.0,957.7,496.1219999999999,11.0625,2.078125,,
model_family,ogbl_collab,gnn,adam,0.7685460074999999,0.8176236683935141,0.700725,0.74939306375,0.7997449807415581,0.689625,0.2479324832558632,True,789,22.81193229998462,1197.171875,0.0,500.0,408.36000000000007,73.0,23.296875,,
model_family,ogbl_collab,rhmm,adam,0.71673624,0.7760516269816266,0.732175,0.7017035274999999,0.7657525005348279,0.72835,0.4834604948759079,True,789,8.168499800027348,1201.546875,0.0,602.1,420.16999999999996,21.59375,9.078125,,
model_family,ogbl_collab,psl_dnn,adam,0.9431486987500002,0.9476887150105203,0.852575,0.9325259774999999,0.9379556717628251,0.8343,0.14024297147989273,True,789,4.427880399976857,1186.31640625,0.0,831.1,441.72999999999996,12.624999999996362,4.375,,
model_family,ogbl_collab,gnn_bilstm,adam,0.7964554875000001,0.819822574040415,0.7001,0.7867334925000001,0.8070627920197702,0.68895,0.2524765312671661,True,789,27.006782999960706,1199.78125,0.0,511.0,422.82800000000003,83.21875,31.921875,,
model_family,ogbl_collab,rl_gnn,bandit_policy,0.7289515212500001,0.7597704203349666,0.700175,0.7094885325,0.7454914750922275,0.68885,,True,789,25.044043399975635,1201.5625,0.0,643.4,475.06600000000003,90.4375,17.921875,selected_expert=last,
model_family,ogbl_collab,dnn,adam,0.9272781000000002,0.9248711394786455,0.84425,0.9140198000000002,0.909977298543096,0.823675,0.25517320483922956,True,2026,3.7427254000212997,1127.5078125,0.0,565.2,294.1699999999999,10.640625,0.765625,,
model_family,ogbl_collab,gnn,adam,0.76905259375,0.8174196182591268,0.70635,0.7502819949999999,0.8042631727087467,0.695575,0.23891595602035523,True,2026,27.566022300045006,1161.53515625,0.0,440.6,318.97200000000004,73.34375,18.859375,,
model_family,ogbl_collab,rhmm,adam,0.7173091862500001,0.7767561422772988,0.732175,0.7027472699999999,0.7663554913860317,0.728375,0.48866927921772,True,2026,10.191114800050855,997.4140625,0.0,421.1,290.03800000000007,21.359375,7.703125,,
model_family,ogbl_collab,psl_dnn,adam,0.9403036525000001,0.9447359039890493,0.851275,0.92938707125,0.9347879556073166,0.83215,0.14429079368710518,True,2026,4.795526799978688,1011.86328125,0.0,595.2,373.78399999999993,12.90625,3.90625,,
model_family,ogbl_collab,gnn_bilstm,adam,0.7954627700000001,0.8197814780637234,0.700125,0.78552396625,0.8086861578873707,0.688825,0.24887639582157134,True,2026,33.874603700009175,990.11328125,0.0,410.7,309.4219999999999,86.90625,21.515625,,
model_family,ogbl_collab,rl_gnn,bandit_policy,0.7484913075,0.7571870606977567,0.700175,0.73398543625,0.7453311112364304,0.68885,,True,2026,30.71747959998902,935.99609375,0.0,431.4,319.5419999999999,89.96875000000364,12.625,selected_expert=last,
